/*
SQLyog Ultimate v11.24 (32 bit)
MySQL - 5.7.21 : Database - wiztalk-behavior
*********************************************************************
*/

/*!40101 SET NAMES utf8 */;

/*!40101 SET SQL_MODE=''*/;

/*!40014 SET @OLD_UNIQUE_CHECKS=@@UNIQUE_CHECKS, UNIQUE_CHECKS=0 */;
/*!40014 SET @OLD_FOREIGN_KEY_CHECKS=@@FOREIGN_KEY_CHECKS, FOREIGN_KEY_CHECKS=0 */;
/*!40101 SET @OLD_SQL_MODE=@@SQL_MODE, SQL_MODE='NO_AUTO_VALUE_ON_ZERO' */;
/*!40111 SET @OLD_SQL_NOTES=@@SQL_NOTES, SQL_NOTES=0 */;
CREATE DATABASE /*!32312 IF NOT EXISTS*/`wiztalk-behavior` /*!40100 DEFAULT CHARACTER SET utf8mb4 */;

USE `wiztalk-behavior`;

/*Table structure for table `cn_address` */

DROP TABLE IF EXISTS `cn_address`;

CREATE TABLE `cn_address` (
  `id` int(11) unsigned NOT NULL AUTO_INCREMENT,
  `user_id` int(11) NOT NULL DEFAULT '0',
  `detailed_address` varchar(200) NOT NULL COMMENT '详细地址',
  `postcode` varchar(20) NOT NULL DEFAULT '0' COMMENT '邮编',
  `person_name` varchar(20) NOT NULL COMMENT '收货人姓名',
  `person_tel` varchar(50) NOT NULL COMMENT '收货人电话',
  `city` varchar(20) NOT NULL COMMENT '市',
  `area` varchar(20) NOT NULL DEFAULT '' COMMENT '区',
  `is_default` varchar(10) NOT NULL DEFAULT '0' COMMENT '是否默认地址 0：否 1：是',
  `province` varchar(10) DEFAULT NULL COMMENT '省',
  PRIMARY KEY (`id`)
) ENGINE=InnoDB AUTO_INCREMENT=46 DEFAULT CHARSET=utf8 COMMENT='收货地址表';

/*Data for the table `cn_address` */

insert  into `cn_address`(`id`,`user_id`,`detailed_address`,`postcode`,`person_name`,`person_tel`,`city`,`area`,`is_default`,`province`) values (1,111,'千岭乡向阳街','246521','刘齐','13033087652','安庆市','宿松县','0','安徽'),(23,8,'西二环','2300001','哈哥','13000001111','武汉','蜀山','0','湖北'),(24,8,'西二环','2300001','哈哥','13000001111','武汉','蜀山','0','湖北'),(38,9,'上海市人民政府办公厅组织','147852','李五','17698522148','上海市','卢湾区','0','上海市'),(39,10,'明发商业广场13楼','000000','广品汇','18888888888','合肥市','包河区','0','安徽省'),(40,10,'不知反思就是那句话大喊大叫','000000','哈哈哈','123456789','蚌埠市','蚌山区','1','安徽省'),(45,11,'四里河路明发商业广场','340000','宋许超','17682153207','合肥市','庐阳区','0','安徽省');

/*Table structure for table `cn_admart` */

DROP TABLE IF EXISTS `cn_admart`;

CREATE TABLE `cn_admart` (
  `mart_id` bigint(20) NOT NULL AUTO_INCREMENT COMMENT 'id',
  `keyword` varchar(255) DEFAULT NULL COMMENT '店铺关键字',
  `log` varchar(255) DEFAULT '' COMMENT '品牌log',
  `mart_name` varchar(255) DEFAULT '' COMMENT '店铺名称',
  `self` tinyint(1) DEFAULT NULL COMMENT '是否自营 0：否 1：自营',
  `create_time` datetime DEFAULT NULL COMMENT '创建时间',
  `create_by` varchar(50) DEFAULT NULL COMMENT '创建人',
  `update_by` varchar(50) DEFAULT NULL COMMENT '修改人',
  `update_time` datetime DEFAULT NULL COMMENT '最后一次修改时间',
  `user_id` int(11) DEFAULT NULL COMMENT '用户id',
  `type` tinyint(1) DEFAULT NULL COMMENT '商户类型 1:个人商户 2：个体户，企业用户',
  `status` tinyint(1) DEFAULT NULL COMMENT '状态 0:审核中 1:审核通过 2:审核拒绝',
  `real_name` varchar(20) DEFAULT NULL COMMENT '真实姓名',
  `id_card_img` varchar(255) DEFAULT '' COMMENT '身份证照片',
  `license_no` varchar(100) DEFAULT NULL COMMENT '营业执照号',
  `license_img` varchar(255) DEFAULT NULL COMMENT '营业执照图片',
  `contact` varchar(255) CHARACTER SET utf8mb4 DEFAULT NULL COMMENT '联系方式',
  `total_assets` decimal(11,2) DEFAULT '0.00' COMMENT '总资产',
  PRIMARY KEY (`mart_id`)
) ENGINE=InnoDB AUTO_INCREMENT=19 DEFAULT CHARSET=utf8 COMMENT='商户表';

/*Data for the table `cn_admart` */

insert  into `cn_admart`(`mart_id`,`keyword`,`log`,`mart_name`,`self`,`create_time`,`create_by`,`update_by`,`update_time`,`user_id`,`type`,`status`,`real_name`,`id_card_img`,`license_no`,`license_img`,`contact`,`total_assets`) values (1,'广品会','','广品会',1,'2018-05-25 10:25:39','超级管理员',NULL,NULL,NULL,NULL,2,NULL,NULL,NULL,NULL,NULL,'1799.00'),(2,NULL,'','杂货店',0,'2018-06-29 15:36:02',NULL,NULL,NULL,23,1,1,'刘齐','',NULL,NULL,NULL,'0.00'),(7,NULL,'','哈哈哈',0,'2018-06-30 11:16:28',NULL,'admin','2018-06-30 11:35:32',10,2,2,NULL,'','897558555','http://img.cnadmart.com//STORE/certification/011833820180630111616.jpeg',NULL,'0.00'),(18,NULL,'',NULL,0,'2018-07-02 14:06:53',NULL,NULL,NULL,9,1,2,'Jack','200820180702140634.png',NULL,NULL,NULL,'0.00');

/*Table structure for table `cn_admart_assets_detail` */

DROP TABLE IF EXISTS `cn_admart_assets_detail`;

CREATE TABLE `cn_admart_assets_detail` (
  `id` int(11) NOT NULL AUTO_INCREMENT,
  `admart_id` int(11) DEFAULT NULL COMMENT '商户id',
  `type` tinyint(1) DEFAULT NULL COMMENT '类型 1：支出2：收入',
  `trading_time` datetime DEFAULT NULL COMMENT '交易时间',
  `trading_matter` varchar(250) DEFAULT NULL COMMENT '交易事项',
  `trading_amount` decimal(11,2) DEFAULT NULL COMMENT '交易金额',
  PRIMARY KEY (`id`)
) ENGINE=InnoDB AUTO_INCREMENT=2 DEFAULT CHARSET=utf8 COMMENT='商户资产明细表';

/*Data for the table `cn_admart_assets_detail` */

insert  into `cn_admart_assets_detail`(`id`,`admart_id`,`type`,`trading_time`,`trading_matter`,`trading_amount`) values (1,1,2,'2018-07-04 14:55:10','商品id:213,规格价格id:807，购买数量:1','554.00');

/*Table structure for table `cn_admart_audit_log` */

DROP TABLE IF EXISTS `cn_admart_audit_log`;

CREATE TABLE `cn_admart_audit_log` (
  `id` int(11) NOT NULL AUTO_INCREMENT,
  `admart_id` int(11) DEFAULT NULL COMMENT '商户id',
  `mart_name` varchar(255) DEFAULT NULL COMMENT '商户名称',
  `status` int(1) DEFAULT NULL COMMENT '审核状态 1：审核通过 2：审核拒绝',
  `note` varchar(255) DEFAULT NULL COMMENT '备注信息',
  `create_time` datetime DEFAULT NULL COMMENT '创建时间',
  `create_by` varchar(255) DEFAULT NULL COMMENT '审核人',
  PRIMARY KEY (`id`)
) ENGINE=InnoDB AUTO_INCREMENT=25 DEFAULT CHARSET=utf8 COMMENT='商户审核记录';

/*Data for the table `cn_admart_audit_log` */

insert  into `cn_admart_audit_log`(`id`,`admart_id`,`mart_name`,`status`,`note`,`create_time`,`create_by`) values (1,7,NULL,1,'资料不完整','2018-06-30 11:36:22','admin'),(2,1,NULL,NULL,NULL,'2018-06-30 15:42:18','admin'),(3,1,NULL,NULL,NULL,'2018-06-30 15:43:05','admin'),(4,1,NULL,NULL,NULL,'2018-06-30 15:45:48','admin'),(5,1,NULL,NULL,NULL,'2018-06-30 15:46:35','admin'),(6,1,NULL,1,NULL,'2018-06-30 15:49:05','admin'),(7,1,NULL,1,NULL,'2018-06-30 15:49:51','admin'),(8,1,NULL,2,NULL,'2018-06-30 15:53:43','admin'),(9,9,NULL,2,'上传图片不清晰','2018-06-30 15:54:20','admin'),(10,1,NULL,2,'fdg','2018-06-30 15:58:11','admin'),(11,1,NULL,1,'sdf','2018-06-30 16:00:12','admin'),(12,1,NULL,2,'sdf','2018-06-30 16:00:26','admin'),(13,2,NULL,1,'wrwt wt rt','2018-06-30 16:55:07','admin'),(14,10,NULL,2,'fsdfljkslkjsdlkjjjjjjjjjjkkfjjjjjjjjjjjjjjjjjjjjjjjjjjjjj','2018-07-02 08:36:47','admin'),(15,12,NULL,1,NULL,'2018-07-02 08:45:44','admin'),(16,13,NULL,1,NULL,'2018-07-02 08:46:10','admin'),(17,14,NULL,1,NULL,'2018-07-02 09:04:10','admin'),(18,15,NULL,1,'qwe','2018-07-02 09:04:48','admin'),(19,16,NULL,2,'图片不符合','2018-07-02 09:17:02','admin'),(20,17,NULL,2,'46456654645654','2018-07-02 09:32:51','admin'),(21,17,NULL,2,'快乐快乐加扣扣快捷键\n','2018-07-02 13:52:48','admin'),(22,17,NULL,1,NULL,'2018-07-02 13:55:24','admin'),(23,16,NULL,1,NULL,'2018-07-02 14:04:32','admin'),(24,18,NULL,2,NULL,'2018-07-02 14:07:20','admin');

/*Table structure for table `cn_cart` */

DROP TABLE IF EXISTS `cn_cart`;

CREATE TABLE `cn_cart` (
  `cart_id` int(11) unsigned NOT NULL AUTO_INCREMENT COMMENT '购物车ID',
  `good_spec_price_id` int(11) unsigned DEFAULT NULL COMMENT '商品规格价格id',
  `user_id` int(11) unsigned DEFAULT NULL COMMENT '用户ID',
  `buy_number` int(11) DEFAULT '1' COMMENT '购买数量',
  `create_time` datetime DEFAULT NULL COMMENT '创建时间',
  `update_time` datetime DEFAULT NULL COMMENT '更新时间',
  `check_status` tinyint(2) DEFAULT '1' COMMENT '购物车状态：0,未选中；1,选中',
  PRIMARY KEY (`cart_id`)
) ENGINE=InnoDB AUTO_INCREMENT=29 DEFAULT CHARSET=utf8 COMMENT='购物车';

/*Data for the table `cn_cart` */

insert  into `cn_cart`(`cart_id`,`good_spec_price_id`,`user_id`,`buy_number`,`create_time`,`update_time`,`check_status`) values (19,179,10,3,'2018-06-20 17:05:45',NULL,1),(20,185,10,6,'2018-06-20 17:06:00',NULL,1),(21,185,10,1,'2018-06-20 17:14:37',NULL,1),(22,179,10,1,'2018-06-20 17:15:00',NULL,1),(23,179,10,1,'2018-06-20 17:45:16',NULL,1),(24,179,10,1,'2018-06-20 17:45:22',NULL,1),(25,176,10,1,'2018-06-20 17:45:24',NULL,1),(26,176,10,1,'2018-06-20 17:49:05',NULL,1),(28,196,9,2,'2018-06-21 15:39:54','2018-06-21 19:51:56',1);

/*Table structure for table `cn_category` */

DROP TABLE IF EXISTS `cn_category`;

CREATE TABLE `cn_category` (
  `category_id` bigint(20) unsigned NOT NULL AUTO_INCREMENT COMMENT '分类ID',
  `parent_id` bigint(20) DEFAULT '0' COMMENT '父分类ID',
  `name` varchar(64) DEFAULT NULL COMMENT '分类名称',
  `sort` int(9) DEFAULT NULL COMMENT '排序',
  `type` tinyint(2) DEFAULT NULL COMMENT '目录类型 2=二级目录/1=一级目录/0=总目录',
  `status` tinyint(2) DEFAULT '0' COMMENT '状态 1=显示/0=隐藏',
  `show_in_commend` tinyint(2) DEFAULT '0' COMMENT '是否推荐（0：不推荐 1：推荐）',
  `show_in_nav` tinyint(2) DEFAULT '0' COMMENT '是否导航栏 1=显示/0=隐藏',
  `show_in_top` tinyint(2) DEFAULT '0' COMMENT '是否置顶 1=置顶/0=默认',
  `show_in_hot` tinyint(2) DEFAULT '0' COMMENT '是否热门 1=热门/0=默认',
  `icon` varchar(255) DEFAULT NULL COMMENT '分类小图标',
  `create_time` datetime DEFAULT NULL COMMENT '创建时间',
  `create_by` varchar(64) CHARACTER SET utf8mb4 DEFAULT '' COMMENT '创建者',
  `update_time` datetime DEFAULT NULL COMMENT '更新时间',
  `update_by` varchar(64) CHARACTER SET utf8mb4 DEFAULT NULL COMMENT '更新者',
  `page_title` varchar(64) DEFAULT NULL COMMENT '页面标题',
  `page_description` varchar(64) DEFAULT NULL COMMENT '页面描述',
  `page_keyword` varchar(64) DEFAULT NULL COMMENT '页面关键词',
  `remarks` varchar(255) CHARACTER SET utf8mb4 DEFAULT NULL COMMENT '备注信息',
  `channel_id` varchar(255) DEFAULT NULL COMMENT '频道id',
  PRIMARY KEY (`category_id`),
  KEY `sort_index` (`sort`) USING BTREE,
  KEY `nav_index` (`show_in_nav`) USING BTREE,
  KEY `hot_index` (`show_in_hot`) USING BTREE
) ENGINE=InnoDB AUTO_INCREMENT=158 DEFAULT CHARSET=utf8 COMMENT='分类表';

/*Data for the table `cn_category` */

insert  into `cn_category`(`category_id`,`parent_id`,`name`,`sort`,`type`,`status`,`show_in_commend`,`show_in_nav`,`show_in_top`,`show_in_hot`,`icon`,`create_time`,`create_by`,`update_time`,`update_by`,`page_title`,`page_description`,`page_keyword`,`remarks`,`channel_id`) values (2,0,'喷绘耗材',NULL,1,1,1,1,1,1,NULL,'2017-02-25 21:44:43','猫宁','2018-06-21 14:33:27','admin',NULL,NULL,NULL,NULL,'1'),(3,0,'写真耗材',NULL,1,1,NULL,1,1,NULL,NULL,'2018-05-21 11:24:34','','2018-06-19 10:41:24','admin',NULL,NULL,NULL,NULL,'1'),(4,0,'标牌展示',NULL,1,1,NULL,1,1,NULL,NULL,'2018-05-21 11:28:30','','2018-06-19 10:41:36','admin',NULL,NULL,NULL,NULL,'1'),(5,0,'板材型材',NULL,1,1,NULL,1,1,NULL,NULL,'2018-05-21 11:28:28','','2018-06-19 10:42:15','admin',NULL,NULL,NULL,NULL,'1'),(6,0,'光电产品',NULL,1,1,NULL,1,1,NULL,NULL,'2018-05-21 11:28:24','','2018-06-19 10:42:00','admin',NULL,NULL,NULL,NULL,'1'),(7,0,'机器配件',NULL,1,1,NULL,1,1,NULL,NULL,'2018-05-21 11:28:19','','2018-06-19 10:41:47','admin',NULL,NULL,NULL,NULL,'1'),(38,2,'喷绘布',1,2,1,1,1,0,1,NULL,NULL,'','2018-06-26 17:37:59','admin','',NULL,NULL,NULL,'1'),(57,2,'黑白布',1,2,1,0,1,0,0,NULL,'2018-05-29 16:51:48','admin','2018-06-12 09:54:33','admin','','','','','1'),(58,2,'旗帜布',7,2,1,0,1,0,0,NULL,'2018-05-29 17:05:34','admin','2018-06-12 09:54:50','admin',NULL,NULL,NULL,NULL,'1'),(71,2,'户外条幅布',NULL,2,1,0,1,0,0,NULL,'2018-06-12 10:00:28','admin','2018-06-28 10:01:17','admin',NULL,NULL,NULL,NULL,'1'),(72,2,'网格布',NULL,2,1,0,1,0,0,NULL,'2018-06-12 10:01:51','admin','2018-06-12 10:33:27','admin',NULL,NULL,NULL,NULL,'1'),(73,2,'车身贴',NULL,2,1,0,1,0,0,NULL,'2018-06-12 10:02:14','admin','2018-07-05 14:44:45','admin',NULL,NULL,NULL,NULL,'1'),(74,2,'单面透',NULL,2,1,0,1,0,0,NULL,'2018-06-12 10:02:56','admin','2018-06-12 10:34:36','admin',NULL,NULL,NULL,NULL,'1'),(75,2,'弱溶剂油画布',NULL,2,1,0,1,0,0,NULL,'2018-06-12 10:06:19','admin','2018-06-12 10:34:43','admin',NULL,NULL,NULL,NULL,'1'),(76,2,'弱溶剂PVC片',NULL,2,1,0,1,0,0,NULL,'2018-06-12 10:06:41','admin','2018-06-12 10:34:49','admin',NULL,NULL,NULL,NULL,'1'),(77,2,'弱溶剂背胶',NULL,2,1,0,1,0,0,NULL,'2018-06-12 10:07:03','admin','2018-06-12 10:34:55','admin',NULL,NULL,NULL,NULL,'1'),(78,2,'弱溶剂PP',NULL,2,1,0,1,0,0,NULL,'2018-06-12 10:07:19','admin','2018-06-12 10:35:00','admin',NULL,NULL,NULL,NULL,'1'),(79,2,'弱溶剂相纸',NULL,2,1,0,1,0,0,NULL,'2018-06-12 10:10:48','admin','2018-06-12 10:35:06','admin',NULL,NULL,NULL,NULL,'1'),(80,2,'玻璃贴',NULL,2,1,0,1,0,0,NULL,'2018-06-12 10:11:05','admin','2018-06-12 10:35:12','admin',NULL,NULL,NULL,NULL,'1'),(81,2,'墨水',NULL,2,1,0,1,0,0,NULL,'2018-06-12 10:11:28','admin','2018-06-12 10:35:18','admin',NULL,NULL,NULL,NULL,'1'),(82,3,'背胶',NULL,2,1,0,1,0,0,NULL,'2018-06-12 10:13:31','admin','2018-06-12 10:35:25','admin',NULL,NULL,NULL,NULL,'1'),(83,3,'冷裱膜',NULL,2,1,0,1,0,0,NULL,'2018-06-12 10:13:52','admin','2018-06-12 10:35:30','admin',NULL,NULL,NULL,NULL,'1'),(84,3,'合成纸',NULL,2,1,0,1,0,0,NULL,'2018-06-12 10:30:34','admin','2018-06-12 10:35:37','admin',NULL,NULL,NULL,NULL,'1'),(85,3,'相纸',NULL,2,1,0,1,0,0,NULL,'2018-06-12 10:42:35','admin',NULL,NULL,NULL,NULL,NULL,NULL,'1'),(86,3,'PVC硬片',NULL,2,1,0,1,0,0,'http://img.cnadmart.com/20180621/cefe5f15f0f8437d9f5031297bd3849c.jpg','2018-06-12 10:42:57','admin','2018-06-21 14:34:47','admin',NULL,NULL,NULL,NULL,'1'),(87,3,'写真布',NULL,2,1,0,1,0,0,'http://img.cnadmart.com/20180621/a56ef80d8afc46c3bacfbbadb94de3e6.jpg','2018-06-12 10:55:34','admin','2018-06-21 14:38:47','admin',NULL,NULL,NULL,NULL,'1'),(88,3,'油画布',NULL,2,1,0,1,0,0,NULL,'2018-06-12 10:55:56','admin',NULL,NULL,NULL,NULL,NULL,NULL,'1'),(89,3,'灯片',NULL,2,1,0,1,0,0,NULL,'2018-06-12 10:57:04','admin',NULL,NULL,NULL,NULL,NULL,NULL,'1'),(90,3,'地板膜',NULL,2,1,0,1,0,0,NULL,'2018-06-12 10:57:24','admin',NULL,NULL,NULL,NULL,NULL,NULL,'1'),(91,3,'反光膜',NULL,2,1,0,1,0,0,NULL,'2018-06-12 10:57:47','admin',NULL,NULL,NULL,NULL,NULL,NULL,'1'),(92,3,'即时贴',NULL,2,1,0,1,0,0,NULL,'2018-06-12 10:58:22','admin',NULL,NULL,NULL,NULL,NULL,NULL,'1'),(93,3,'转移膜',NULL,2,1,0,1,0,0,NULL,'2018-06-12 10:58:56','admin',NULL,NULL,NULL,NULL,NULL,NULL,'1'),(94,4,'标牌',NULL,2,1,0,1,0,0,NULL,'2018-06-12 11:12:45','admin',NULL,NULL,NULL,NULL,NULL,NULL,'1'),(95,4,'易拉宝',NULL,2,1,0,1,0,0,'http://img.cnadmart.com/20180621/574ebe22c1dc406cbe3caf6db994092e.jpg','2018-06-12 11:13:04','admin','2018-06-21 14:37:54','admin',NULL,NULL,NULL,NULL,'1'),(96,4,'X展架',NULL,2,1,0,1,0,0,'http://img.cnadmart.com/20180621/bdfb722a206f45f2b6dcf1864e1dd512.jpg','2018-06-12 11:13:21','admin','2018-06-21 14:36:15','admin',NULL,NULL,NULL,NULL,'1'),(97,4,'挂画架',NULL,2,1,0,1,0,0,NULL,'2018-06-12 11:13:37','admin',NULL,NULL,NULL,NULL,NULL,NULL,'1'),(98,4,'注水旗杆',NULL,2,1,0,1,0,0,NULL,'2018-06-12 11:13:53','admin',NULL,NULL,NULL,NULL,NULL,NULL,'1'),(99,4,'立人展架',NULL,2,1,0,1,0,0,NULL,'2018-06-12 11:14:08','admin',NULL,NULL,NULL,NULL,NULL,NULL,'1'),(100,4,'海报架',NULL,2,1,0,1,0,0,NULL,'2018-06-12 11:14:23','admin',NULL,NULL,NULL,NULL,NULL,NULL,'1'),(101,4,'栏杆座',NULL,2,1,0,1,0,0,NULL,'2018-06-12 11:14:39','admin',NULL,NULL,NULL,NULL,NULL,NULL,'1'),(102,4,'告示指示牌',NULL,2,1,0,1,0,0,NULL,'2018-06-12 11:14:56','admin',NULL,NULL,NULL,NULL,NULL,NULL,'1'),(103,4,'促销类',NULL,2,1,0,1,0,0,NULL,'2018-06-12 11:15:15','admin',NULL,NULL,NULL,NULL,NULL,NULL,'1'),(104,5,'亚力克板',NULL,2,1,0,1,0,0,NULL,'2018-06-12 11:15:33','admin',NULL,NULL,NULL,NULL,NULL,NULL,'1'),(105,5,'双色板',NULL,2,1,0,1,0,0,NULL,'2018-06-12 11:15:47','admin',NULL,NULL,NULL,NULL,NULL,NULL,'1'),(106,5,'KT板',NULL,2,1,0,1,0,0,NULL,'2018-06-12 11:16:04','admin',NULL,NULL,NULL,NULL,NULL,NULL,'1'),(107,5,'PS有机板',NULL,2,1,0,1,0,0,NULL,'2018-06-12 11:16:23','admin',NULL,NULL,NULL,NULL,NULL,NULL,'1'),(108,5,'PVC发泡板',NULL,2,1,0,1,0,0,NULL,'2018-06-12 11:16:43','admin',NULL,NULL,NULL,NULL,NULL,NULL,'1'),(109,6,'灯带',NULL,2,1,0,1,0,0,NULL,'2018-06-12 11:17:07','admin',NULL,NULL,NULL,NULL,NULL,NULL,'1'),(110,6,'LED贴片模组',NULL,2,1,0,1,0,0,NULL,'2018-06-12 11:27:49','admin',NULL,NULL,NULL,NULL,NULL,NULL,'1'),(111,6,'LED开关电源',NULL,2,1,0,1,0,0,NULL,'2018-06-12 11:28:07','admin',NULL,NULL,NULL,NULL,NULL,NULL,'1'),(112,6,'LED显示屏单元板',NULL,2,1,0,1,0,0,NULL,'2018-06-12 11:28:34','admin',NULL,NULL,NULL,NULL,NULL,NULL,'1'),(113,6,'灯箱',NULL,2,1,0,1,0,0,'http://img.cnadmart.com/20180621/b74371b65eb646e6baa20d1135710420.jpg','2018-06-12 11:28:56','admin','2018-06-21 14:36:38','admin',NULL,NULL,NULL,NULL,'1'),(114,7,'打扣机',NULL,2,1,0,1,0,0,NULL,'2018-06-12 12:01:01','admin',NULL,NULL,NULL,NULL,NULL,NULL,'1'),(115,7,'刻字机',NULL,2,1,0,1,0,0,NULL,'2018-06-12 12:01:23','admin',NULL,NULL,NULL,NULL,NULL,NULL,'1'),(116,7,'打印机',NULL,2,1,0,1,0,0,NULL,'2018-06-12 13:28:09','admin',NULL,NULL,NULL,NULL,NULL,NULL,'1'),(117,7,'喷绘机',NULL,2,1,0,1,0,0,NULL,'2018-06-12 13:29:07','admin',NULL,NULL,NULL,NULL,NULL,NULL,'1'),(118,7,'写真机',NULL,2,1,0,1,0,0,NULL,'2018-06-12 13:32:20','admin',NULL,NULL,NULL,NULL,NULL,NULL,'1'),(119,7,'覆膜机',NULL,2,1,0,1,0,0,NULL,'2018-06-12 13:32:48','admin',NULL,NULL,NULL,NULL,NULL,NULL,'1'),(120,7,'条幅机',NULL,2,1,0,1,0,0,NULL,'2018-06-12 13:35:12','admin',NULL,NULL,NULL,NULL,NULL,NULL,'1'),(121,7,'旗帜机',NULL,2,1,0,1,0,0,NULL,'2018-06-12 13:35:32','admin',NULL,NULL,NULL,NULL,NULL,NULL,'1'),(122,7,'印花机',NULL,2,1,0,1,0,0,NULL,'2018-06-12 13:35:54','admin',NULL,NULL,NULL,NULL,NULL,NULL,'1'),(123,7,'雕刻机',NULL,2,1,0,1,0,0,NULL,'2018-06-12 13:36:13','admin',NULL,NULL,NULL,NULL,NULL,NULL,'1'),(124,7,'弯字机',NULL,2,1,0,1,0,0,NULL,'2018-06-12 13:36:37','admin',NULL,NULL,NULL,NULL,NULL,NULL,'1'),(125,7,'围字机',NULL,2,1,0,1,0,0,NULL,'2018-06-12 13:36:52','admin',NULL,NULL,NULL,NULL,NULL,NULL,'1'),(126,7,'切割机',NULL,2,1,0,1,0,0,NULL,'2018-06-12 13:37:08','admin',NULL,NULL,NULL,NULL,NULL,NULL,'1'),(127,7,'焊字机',NULL,2,1,0,1,0,0,NULL,'2018-06-12 13:37:51','admin',NULL,NULL,NULL,NULL,NULL,NULL,'1'),(128,7,'打标机',NULL,2,1,0,1,0,0,NULL,'2018-06-12 13:38:09','admin',NULL,NULL,NULL,NULL,NULL,NULL,'1'),(129,7,'吸塑机',NULL,2,1,0,1,0,0,NULL,'2018-06-12 13:38:31','admin',NULL,NULL,NULL,NULL,NULL,NULL,'1'),(130,7,'多功能一体机',NULL,2,1,0,1,0,0,NULL,'2018-06-12 13:38:52','admin',NULL,NULL,NULL,NULL,NULL,NULL,'1'),(131,7,'电话机',NULL,2,1,0,1,0,0,NULL,'2018-06-12 13:39:07','admin',NULL,NULL,NULL,NULL,NULL,NULL,'1'),(132,7,'碎纸机',NULL,2,1,0,1,0,0,NULL,'2018-06-12 13:39:29','admin',NULL,NULL,NULL,NULL,NULL,NULL,'1'),(133,7,'点钞机',NULL,2,1,0,1,0,0,NULL,'2018-06-12 13:39:45','admin',NULL,NULL,NULL,NULL,NULL,NULL,'1'),(134,7,'装订机',NULL,2,1,0,1,0,0,NULL,'2018-06-12 13:40:01','admin',NULL,NULL,NULL,NULL,NULL,NULL,'1'),(135,7,'过塑机',NULL,2,1,0,1,0,0,NULL,'2018-06-12 13:40:22','admin',NULL,NULL,NULL,NULL,NULL,NULL,'1'),(136,7,'订书机',NULL,2,1,0,1,0,0,NULL,'2018-06-12 13:40:42','admin',NULL,NULL,NULL,NULL,NULL,NULL,'1'),(137,7,'书壳机',NULL,2,1,0,1,0,0,NULL,'2018-06-12 13:41:00','admin',NULL,NULL,NULL,NULL,NULL,NULL,'1'),(138,7,'棉胶类',NULL,2,1,0,1,0,0,NULL,'2018-06-12 13:41:18','admin',NULL,NULL,NULL,NULL,NULL,NULL,'1'),(139,7,'扣眼',NULL,2,1,0,1,0,0,NULL,'2018-06-12 13:41:35','admin',NULL,NULL,NULL,NULL,NULL,NULL,'1'),(140,7,'刮板',NULL,2,1,0,1,0,0,NULL,'2018-06-12 13:41:51','admin',NULL,NULL,NULL,NULL,NULL,NULL,'1'),(141,7,'五金工具 ',NULL,2,1,0,1,0,0,NULL,'2018-06-12 13:42:06','admin',NULL,NULL,NULL,NULL,NULL,NULL,'1'),(142,3,'双面胶',0,2,1,0,1,0,0,NULL,'2018-06-15 13:53:17','admin',NULL,NULL,NULL,NULL,NULL,NULL,'1'),(143,3,'单孔透',0,2,1,0,1,0,0,NULL,'2018-06-15 14:01:34','admin','2018-06-15 15:07:25','admin',NULL,NULL,NULL,NULL,'1'),(144,3,'胶片',0,2,1,0,1,0,0,NULL,'2018-06-15 14:06:59','admin','2018-06-15 15:07:35','admin',NULL,NULL,NULL,NULL,'1'),(145,3,'艺术布',0,2,1,0,1,0,0,NULL,'2018-06-15 15:30:32','admin',NULL,NULL,NULL,NULL,NULL,NULL,'1'),(147,6,'穿孔灯',0,2,1,0,1,0,0,NULL,'2018-06-19 12:00:15','admin',NULL,NULL,NULL,NULL,NULL,NULL,'1'),(148,6,'贴片灯',0,2,1,0,1,1,0,NULL,'2018-06-19 13:48:57','admin',NULL,NULL,NULL,NULL,NULL,NULL,'1'),(149,6,'数码管',0,2,1,0,1,1,0,NULL,'2018-06-19 14:07:17','admin',NULL,NULL,NULL,NULL,NULL,NULL,'1'),(151,4,'抽奖箱',0,2,1,0,1,0,0,NULL,'2018-06-21 11:32:10','admin',NULL,NULL,NULL,NULL,NULL,NULL,'1'),(152,4,'意见箱',0,2,1,0,1,0,0,NULL,'2018-06-21 14:07:16','admin',NULL,NULL,NULL,NULL,NULL,NULL,'1'),(153,4,'酒水牌',0,2,1,0,1,0,0,NULL,'2018-06-21 15:11:06','admin',NULL,NULL,NULL,NULL,NULL,NULL,'1'),(154,4,'营业执照框',0,2,1,0,1,0,0,NULL,'2018-06-21 15:15:48','admin',NULL,NULL,NULL,NULL,NULL,NULL,'1'),(155,4,'电梯广告框',0,2,1,0,1,0,0,NULL,'2018-06-21 16:37:54','admin',NULL,NULL,NULL,NULL,NULL,NULL,'1'),(156,4,'木托奖牌',0,2,1,0,1,0,0,NULL,'2018-06-22 09:06:53','admin',NULL,NULL,NULL,NULL,NULL,NULL,'1'),(157,4,'胸卡',0,2,1,0,1,0,0,NULL,'2018-06-22 09:52:43','admin',NULL,NULL,NULL,NULL,NULL,NULL,'1');

/*Table structure for table `cn_category_advert` */

DROP TABLE IF EXISTS `cn_category_advert`;

CREATE TABLE `cn_category_advert` (
  `category_advert_id` bigint(20) unsigned NOT NULL AUTO_INCREMENT COMMENT '类目广告ID',
  `category_id` bigint(20) DEFAULT NULL COMMENT '类目ID',
  `title` varchar(64) DEFAULT NULL COMMENT '标题',
  `sort` int(9) DEFAULT NULL COMMENT '排序',
  `href` varchar(255) CHARACTER SET utf8mb4 DEFAULT NULL COMMENT '链接地址',
  `status` tinyint(2) DEFAULT NULL COMMENT '状态 1=显示/0=隐藏',
  `pic_img` varchar(255) DEFAULT NULL COMMENT '展示图片',
  `create_time` datetime DEFAULT NULL COMMENT '创建时间',
  `create_by` varchar(64) CHARACTER SET utf8mb4 DEFAULT '' COMMENT '创建者',
  `update_time` datetime DEFAULT NULL COMMENT '更新时间',
  `update_by` varchar(64) CHARACTER SET utf8mb4 DEFAULT NULL COMMENT '更新者',
  `begin_time` datetime DEFAULT NULL COMMENT '广告起始时间',
  `end_time` datetime DEFAULT NULL COMMENT '广告结束时间',
  `remarks` varchar(255) CHARACTER SET utf8mb4 DEFAULT NULL COMMENT '备注信息',
  PRIMARY KEY (`category_advert_id`)
) ENGINE=InnoDB AUTO_INCREMENT=5 DEFAULT CHARSET=utf8 COMMENT='类目广告表';

/*Data for the table `cn_category_advert` */

insert  into `cn_category_advert`(`category_advert_id`,`category_id`,`title`,`sort`,`href`,`status`,`pic_img`,`create_time`,`create_by`,`update_time`,`update_by`,`begin_time`,`end_time`,`remarks`) values (1,2,'测试产品广告4',3,'detail/1472581220748',1,'images/advert/20170228/1471798587971.jpg',NULL,'',NULL,NULL,'2017-04-05 18:09:16','2017-06-30 14:39:50','地方'),(2,2,'测试产品广告2',2,'detail/1472581220748',1,'images/advert/20170228/1471798587971.jpg',NULL,'',NULL,NULL,'2017-04-05 18:09:16','2017-06-30 14:39:50','地方'),(3,2,'测试产品广告1',1,'detail/1472581220748',1,'images/advert/20170228/1471798587971.jpg',NULL,'',NULL,NULL,'2017-04-05 18:09:16','2017-06-30 14:39:50','地方'),(4,3,'测试产品广告5',1,'detail/1472581220748',1,'images/advert/20170228/1471798587971.jpg',NULL,'',NULL,NULL,'2017-04-05 18:09:16','2017-06-30 14:39:50','地方');

/*Table structure for table `cn_category_good` */

DROP TABLE IF EXISTS `cn_category_good`;

CREATE TABLE `cn_category_good` (
  `category_good_id` bigint(20) unsigned NOT NULL AUTO_INCREMENT COMMENT '分类ID',
  `category_id` bigint(20) NOT NULL,
  `category_name` varchar(100) NOT NULL DEFAULT '',
  `good_id` bigint(20) DEFAULT NULL COMMENT '商品id',
  `create_time` datetime DEFAULT NULL COMMENT '创建时间',
  `create_by` varchar(255) DEFAULT '' COMMENT '创建者',
  PRIMARY KEY (`category_good_id`)
) ENGINE=InnoDB AUTO_INCREMENT=203 DEFAULT CHARSET=utf8 COMMENT='分类表';

/*Data for the table `cn_category_good` */

insert  into `cn_category_good`(`category_good_id`,`category_id`,`category_name`,`good_id`,`create_time`,`create_by`) values (87,38,'户外条幅布网格布车身贴单面透弱溶剂油画布弱溶剂PVC片弱溶剂背胶弱溶剂PP弱溶剂相纸玻璃贴墨水喷绘布黑白布旗帜布',95,'2018-06-15 08:50:08','admin'),(88,38,'户外条幅布网格布车身贴单面透弱溶剂油画布弱溶剂PVC片弱溶剂背胶弱溶剂PP弱溶剂相纸玻璃贴墨水喷绘布黑白布旗帜布',96,'2018-06-15 08:59:31','admin'),(89,38,'户外条幅布网格布车身贴单面透弱溶剂油画布弱溶剂PVC片弱溶剂背胶弱溶剂PP弱溶剂相纸玻璃贴墨水喷绘布黑白布旗帜布',97,'2018-06-15 09:01:56','admin'),(91,73,'户外条幅布网格布车身贴单面透弱溶剂油画布弱溶剂PVC片弱溶剂背胶弱溶剂PP弱溶剂相纸玻璃贴墨水喷绘布黑白布旗帜布',99,'2018-06-15 09:16:21','admin'),(92,72,'户外条幅布网格布车身贴单面透弱溶剂油画布弱溶剂PVC片弱溶剂背胶弱溶剂PP弱溶剂相纸玻璃贴墨水喷绘布黑白布旗帜布',100,'2018-06-15 09:28:54','admin'),(93,91,'背胶冷裱膜合成纸相纸PVC硬片写真布油画布灯片地板膜反光膜即时贴转移膜',101,'2018-06-15 09:38:37','admin'),(94,82,'背胶冷裱膜合成纸相纸PVC硬片写真布油画布灯片地板膜反光膜即时贴转移膜',102,'2018-06-15 09:44:08','admin'),(95,82,'背胶冷裱膜合成纸相纸PVC硬片写真布油画布灯片地板膜反光膜即时贴转移膜',103,'2018-06-15 09:52:51','admin'),(96,83,'背胶冷裱膜合成纸相纸PVC硬片写真布油画布灯片地板膜反光膜即时贴转移膜',104,'2018-06-15 09:58:50','admin'),(97,83,'背胶冷裱膜合成纸相纸PVC硬片写真布油画布灯片地板膜反光膜即时贴转移膜',105,'2018-06-15 10:06:18','admin'),(98,83,'背胶冷裱膜合成纸相纸PVC硬片写真布油画布灯片地板膜反光膜即时贴转移膜',106,'2018-06-15 10:13:45','admin'),(99,86,'背胶冷裱膜合成纸相纸PVC硬片写真布油画布灯片地板膜反光膜即时贴转移膜',107,'2018-06-15 10:21:06','admin'),(101,89,'背胶冷裱膜合成纸相纸PVC硬片写真布油画布灯片地板膜反光膜即时贴转移膜',109,'2018-06-15 10:30:24','admin'),(102,89,'背胶冷裱膜合成纸相纸PVC硬片写真布油画布灯片地板膜反光膜即时贴转移膜',110,'2018-06-15 10:35:15','admin'),(103,84,'背胶冷裱膜合成纸相纸PVC硬片写真布油画布灯片地板膜反光膜即时贴转移膜',111,'2018-06-15 10:59:33','admin'),(104,85,'背胶冷裱膜合成纸相纸PVC硬片写真布油画布灯片地板膜反光膜即时贴转移膜',112,'2018-06-15 13:36:41','admin'),(105,85,'背胶冷裱膜合成纸相纸PVC硬片写真布油画布灯片地板膜反光膜即时贴转移膜',113,'2018-06-15 13:48:31','admin'),(106,142,'背胶冷裱膜合成纸相纸PVC硬片写真布油画布灯片地板膜反光膜即时贴转移膜双面胶',114,'2018-06-15 13:55:04','admin'),(107,143,'背胶冷裱膜合成纸相纸PVC硬片写真布油画布灯片地板膜反光膜即时贴转移膜双面胶单孔透',115,'2018-06-15 14:03:58','admin'),(108,144,'背胶冷裱膜合成纸相纸PVC硬片写真布油画布灯片地板膜反光膜即时贴转移膜双面胶单孔透胶片',116,'2018-06-15 14:09:31','admin'),(109,90,'背胶冷裱膜合成纸相纸PVC硬片写真布油画布灯片地板膜反光膜即时贴转移膜双面胶单孔透胶片',117,'2018-06-15 14:38:54','admin'),(110,87,'背胶冷裱膜合成纸相纸PVC硬片写真布油画布灯片地板膜反光膜即时贴转移膜双面胶单孔透胶片',118,'2018-06-15 15:17:42','admin'),(111,88,'背胶冷裱膜合成纸相纸PVC硬片写真布油画布灯片地板膜反光膜即时贴转移膜双面胶单孔透胶片',119,'2018-06-15 15:26:56','admin'),(112,145,'背胶冷裱膜合成纸相纸PVC硬片写真布油画布灯片地板膜反光膜即时贴转移膜双面胶单孔透胶片艺术布',120,'2018-06-15 15:31:09','admin'),(113,88,'背胶冷裱膜合成纸相纸PVC硬片写真布油画布灯片地板膜反光膜即时贴转移膜双面胶单孔透胶片艺术布',121,'2018-06-15 15:34:20','admin'),(114,146,'户外条幅布网格布车身贴单面透弱溶剂油画布弱溶剂PVC片弱溶剂背胶弱溶剂PP弱溶剂相纸玻璃贴墨水天花软膜喷绘布黑白布旗帜布',122,'2018-06-15 15:38:29','admin'),(115,106,'亚力克板双色板KT板PS有机板PVC发泡板',123,'2018-06-19 08:54:10','admin'),(116,106,'亚力克板双色板KT板PS有机板PVC发泡板',128,'2018-06-19 09:06:19','admin'),(117,106,'亚力克板双色板KT板PS有机板PVC发泡板',129,'2018-06-19 09:13:03','admin'),(118,113,'灯带LED贴片模组LED开关电源LED显示屏单元板灯箱',130,'2018-06-19 09:25:34','admin'),(119,113,'灯带LED贴片模组LED开关电源LED显示屏单元板灯箱',131,'2018-06-19 09:36:54','admin'),(120,113,'灯带LED贴片模组LED开关电源LED显示屏单元板灯箱',132,'2018-06-19 10:52:47','admin'),(121,113,'灯带LED贴片模组LED开关电源LED显示屏单元板灯箱',133,'2018-06-19 10:55:21','admin'),(122,111,'灯带LED贴片模组LED开关电源LED显示屏单元板灯箱',134,'2018-06-19 11:23:12','admin'),(123,111,'灯带LED贴片模组LED开关电源LED显示屏单元板灯箱',135,'2018-06-19 11:49:17','admin'),(124,111,'灯带LED贴片模组LED开关电源LED显示屏单元板灯箱',136,'2018-06-19 11:54:26','admin'),(125,111,'灯带LED贴片模组LED开关电源LED显示屏单元板灯箱穿孔灯',137,'2018-06-19 13:47:07','admin'),(128,148,'灯带LED贴片模组LED开关电源LED显示屏单元板灯箱穿孔灯贴片灯',140,'2018-06-19 13:55:10','admin'),(129,148,'灯带LED贴片模组LED开关电源LED显示屏单元板灯箱穿孔灯贴片灯',141,'2018-06-19 13:56:42','admin'),(130,147,'灯带LED贴片模组LED开关电源LED显示屏单元板灯箱穿孔灯贴片灯',142,'2018-06-19 13:59:45','admin'),(131,149,'灯带LED贴片模组LED开关电源LED显示屏单元板灯箱穿孔灯贴片灯数码管',143,'2018-06-19 14:07:38','admin'),(133,106,'亚力克板双色板KT板PS有机板PVC发泡板',145,'2018-06-19 14:12:19','admin'),(134,106,'亚力克板双色板KT板PS有机板PVC发泡板',146,'2018-06-19 14:15:35','admin'),(135,106,'亚力克板双色板KT板PS有机板PVC发泡板',147,'2018-06-19 14:18:40','admin'),(136,106,'亚力克板双色板KT板PS有机板PVC发泡板',148,'2018-06-19 14:24:03','admin'),(137,106,'亚力克板双色板KT板PS有机板PVC发泡板',149,'2018-06-19 14:26:42','admin'),(138,106,'亚力克板双色板KT板PS有机板PVC发泡板',150,'2018-06-19 14:27:40','admin'),(139,104,'亚力克板双色板KT板PS有机板PVC发泡板',151,'2018-06-20 08:43:11','admin'),(140,104,'亚力克板双色板KT板PS有机板PVC发泡板',152,'2018-06-20 08:48:30','admin'),(141,104,'亚力克板双色板KT板PS有机板PVC发泡板',153,'2018-06-20 09:33:13','admin'),(142,107,'亚力克板双色板KT板PS有机板PVC发泡板',154,'2018-06-20 09:44:35','admin'),(143,108,'亚力克板双色板KT板PS有机板PVC发泡板',155,'2018-06-20 09:49:52','admin'),(144,103,'标牌易拉宝X展架挂画架注水旗杆立人展架海报架栏杆座告示指示牌促销类',156,'2018-06-20 14:35:52','admin'),(146,97,'标牌易拉宝X展架挂画架注水旗杆立人展架海报架栏杆座告示指示牌促销类',158,'2018-06-20 14:45:54','admin'),(148,103,'标牌易拉宝X展架挂画架注水旗杆立人展架海报架栏杆座告示指示牌促销类',160,'2018-06-20 15:00:32','admin'),(149,95,'标牌易拉宝X展架挂画架注水旗杆立人展架海报架栏杆座告示指示牌促销类',161,'2018-06-20 15:30:00','admin'),(150,99,'标牌易拉宝X展架挂画架注水旗杆立人展架海报架栏杆座告示指示牌促销类',162,'2018-06-20 16:59:01','admin'),(151,97,'标牌易拉宝X展架挂画架注水旗杆立人展架海报架栏杆座告示指示牌促销类',163,'2018-06-21 09:33:29','admin'),(152,97,'标牌易拉宝X展架挂画架注水旗杆立人展架海报架栏杆座告示指示牌促销类',164,'2018-06-21 09:36:46','admin'),(154,97,'标牌易拉宝X展架挂画架注水旗杆立人展架海报架栏杆座告示指示牌促销类',166,'2018-06-21 09:46:14','admin'),(155,97,'标牌易拉宝X展架挂画架注水旗杆立人展架海报架栏杆座告示指示牌促销类',167,'2018-06-21 09:48:06','admin'),(156,98,'标牌易拉宝X展架挂画架注水旗杆立人展架海报架栏杆座告示指示牌促销类',168,'2018-06-21 09:58:31','admin'),(158,103,'标牌易拉宝X展架挂画架注水旗杆立人展架海报架栏杆座告示指示牌促销类',170,'2018-06-21 10:34:36','admin'),(159,103,'标牌易拉宝X展架挂画架注水旗杆立人展架海报架栏杆座告示指示牌促销类',171,'2018-06-21 10:37:39','admin'),(160,96,'标牌易拉宝X展架挂画架注水旗杆立人展架海报架栏杆座告示指示牌促销类',172,'2018-06-21 11:19:25','admin'),(161,96,'标牌易拉宝X展架挂画架注水旗杆立人展架海报架栏杆座告示指示牌促销类',173,'2018-06-21 11:24:36','admin'),(162,96,'标牌易拉宝X展架挂画架注水旗杆立人展架海报架栏杆座告示指示牌促销类',174,'2018-06-21 11:25:32','admin'),(164,151,'标牌易拉宝X展架挂画架注水旗杆立人展架海报架栏杆座告示指示牌促销类抽奖箱',176,'2018-06-21 11:34:22','admin'),(165,152,'标牌易拉宝X展架挂画架注水旗杆立人展架海报架栏杆座告示指示牌促销类抽奖箱意见箱',177,'2018-06-21 14:08:36','admin'),(166,153,'标牌易拉宝X展架挂画架注水旗杆立人展架海报架栏杆座告示指示牌促销类抽奖箱意见箱酒水牌',178,'2018-06-21 15:12:00','admin'),(167,154,'标牌易拉宝X展架挂画架注水旗杆立人展架海报架栏杆座告示指示牌促销类抽奖箱意见箱酒水牌营业执照框',179,'2018-06-21 16:07:17','admin'),(168,155,'标牌易拉宝X展架挂画架注水旗杆立人展架海报架栏杆座告示指示牌促销类抽奖箱意见箱酒水牌营业执照框电梯广告框',180,'2018-06-21 16:39:36','admin'),(169,155,'标牌易拉宝X展架挂画架注水旗杆立人展架海报架栏杆座告示指示牌促销类抽奖箱意见箱酒水牌营业执照框电梯广告框',181,'2018-06-21 16:42:08','admin'),(170,156,'标牌易拉宝X展架挂画架注水旗杆立人展架海报架栏杆座告示指示牌促销类抽奖箱意见箱酒水牌营业执照框电梯广告框木托奖牌',182,'2018-06-22 09:07:47','admin'),(171,157,'标牌易拉宝X展架挂画架注水旗杆立人展架海报架栏杆座告示指示牌促销类抽奖箱意见箱酒水牌营业执照框电梯广告框木托奖牌胸卡',183,'2018-06-22 09:57:18','admin'),(172,157,'标牌易拉宝X展架挂画架注水旗杆立人展架海报架栏杆座告示指示牌促销类抽奖箱意见箱酒水牌营业执照框电梯广告框木托奖牌胸卡',184,'2018-06-22 10:26:16','admin'),(173,71,'户外条幅布网格布车身贴单面透弱溶剂油画布弱溶剂PVC片弱溶剂背胶弱溶剂PP弱溶剂相纸玻璃贴墨水天花软膜喷绘布黑白布旗帜布',185,'2018-06-24 17:47:12','admin'),(174,71,'户外条幅布网格布车身贴单面透弱溶剂油画布弱溶剂PVC片弱溶剂背胶弱溶剂PP弱溶剂相纸玻璃贴墨水天花软膜喷绘布黑白布旗帜布',186,'2018-06-25 09:01:56','admin'),(175,83,'背胶冷裱膜合成纸相纸PVC硬片写真布油画布灯片地板膜反光膜即时贴转移膜双面胶单孔透胶片艺术布',187,'2018-06-25 21:51:57','admin'),(176,71,'户外条幅布网格布车身贴单面透弱溶剂油画布弱溶剂PVC片弱溶剂背胶弱溶剂PP弱溶剂相纸玻璃贴墨水天花软膜喷绘布黑白布旗帜布',188,'2018-06-25 22:49:18','admin'),(177,71,'户外条幅布网格布车身贴单面透弱溶剂油画布弱溶剂PVC片弱溶剂背胶弱溶剂PP弱溶剂相纸玻璃贴墨水天花软膜喷绘布黑白布旗帜布',189,'2018-06-26 10:23:58','admin'),(178,71,'户外条幅布网格布车身贴单面透弱溶剂油画布弱溶剂PVC片弱溶剂背胶弱溶剂PP弱溶剂相纸玻璃贴墨水天花软膜喷绘布黑白布旗帜布',190,'2018-06-26 14:27:57','admin'),(179,85,'背胶冷裱膜合成纸相纸PVC硬片写真布油画布灯片地板膜反光膜即时贴转移膜双面胶单孔透胶片艺术布',191,'2018-06-26 18:13:02','admin'),(180,73,'户外条幅布网格布车身贴单面透弱溶剂油画布弱溶剂PVC片弱溶剂背胶弱溶剂PP弱溶剂相纸玻璃贴墨水天花软膜喷绘布黑白布旗帜布',192,'2018-06-26 18:22:28','admin'),(181,72,'户外条幅布网格布车身贴单面透弱溶剂油画布弱溶剂PVC片弱溶剂背胶弱溶剂PP弱溶剂相纸玻璃贴墨水天花软膜喷绘布黑白布旗帜布',193,'2018-06-26 19:06:24','admin'),(182,73,'户外条幅布网格布车身贴单面透弱溶剂油画布弱溶剂PVC片弱溶剂背胶弱溶剂PP弱溶剂相纸玻璃贴墨水天花软膜喷绘布黑白布旗帜布',194,'2018-06-26 21:39:38','admin'),(183,72,'户外条幅布网格布车身贴单面透弱溶剂油画布弱溶剂PVC片弱溶剂背胶弱溶剂PP弱溶剂相纸玻璃贴墨水天花软膜喷绘布黑白布旗帜布',195,'2018-06-26 21:46:07','admin'),(184,86,'背胶冷裱膜合成纸相纸PVC硬片写真布油画布灯片地板膜反光膜即时贴转移膜双面胶单孔透胶片艺术布',196,'2018-06-26 22:32:14','admin'),(185,87,'背胶冷裱膜合成纸相纸PVC硬片写真布油画布灯片地板膜反光膜即时贴转移膜双面胶单孔透胶片艺术布',197,'2018-06-27 09:13:33','admin'),(186,71,'户外条幅布网格布车身贴单面透弱溶剂油画布弱溶剂PVC片弱溶剂背胶弱溶剂PP弱溶剂相纸玻璃贴墨水天花软膜喷绘布黑白布旗帜布',198,'2018-06-27 09:14:36','admin'),(187,82,'背胶冷裱膜合成纸相纸PVC硬片写真布油画布灯片地板膜反光膜即时贴转移膜双面胶单孔透胶片艺术布',199,'2018-06-27 09:15:35','admin'),(188,71,'户外条幅布网格布车身贴单面透弱溶剂油画布弱溶剂PVC片弱溶剂背胶弱溶剂PP弱溶剂相纸玻璃贴墨水天花软膜喷绘布黑白布旗帜布',200,'2018-06-27 09:57:33','admin'),(189,72,'户外条幅布网格布车身贴单面透弱溶剂油画布弱溶剂PVC片弱溶剂背胶弱溶剂PP弱溶剂相纸玻璃贴墨水天花软膜喷绘布黑白布旗帜布',201,'2018-06-27 13:44:07','admin'),(190,72,'户外条幅布网格布车身贴单面透弱溶剂油画布弱溶剂PVC片弱溶剂背胶弱溶剂PP弱溶剂相纸玻璃贴墨水天花软膜喷绘布黑白布旗帜布',202,'2018-06-27 15:54:39','admin'),(191,72,'户外条幅布网格布车身贴单面透弱溶剂油画布弱溶剂PVC片弱溶剂背胶弱溶剂PP弱溶剂相纸玻璃贴墨水天花软膜喷绘布黑白布旗帜布',203,'2018-06-27 16:42:49','admin'),(192,98,'标牌易拉宝X展架挂画架注水旗杆立人展架海报架栏杆座告示指示牌促销类抽奖箱意见箱酒水牌营业执照框电梯广告框木托奖牌胸卡',204,'2018-06-28 16:56:17','admin'),(193,72,'户外条幅布网格布车身贴单面透弱溶剂油画布弱溶剂PVC片弱溶剂背胶弱溶剂PP弱溶剂相纸玻璃贴墨水天花软膜喷绘布黑白布旗帜布',205,'2018-06-28 16:58:00','admin'),(194,88,'背胶冷裱膜合成纸相纸PVC硬片写真布油画布灯片地板膜反光膜即时贴转移膜双面胶单孔透胶片艺术布',206,'2018-06-30 22:33:11','admin'),(195,71,'户外条幅布网格布车身贴单面透弱溶剂油画布弱溶剂PVC片弱溶剂背胶弱溶剂PP弱溶剂相纸玻璃贴墨水天花软膜喷绘布黑白布旗帜布',207,'2018-07-01 01:41:55','admin'),(196,72,'户外条幅布网格布车身贴单面透弱溶剂油画布弱溶剂PVC片弱溶剂背胶弱溶剂PP弱溶剂相纸玻璃贴墨水天花软膜喷绘布黑白布旗帜布',208,'2018-07-02 08:30:38','admin'),(197,72,'户外条幅布网格布车身贴单面透弱溶剂油画布弱溶剂PVC片弱溶剂背胶弱溶剂PP弱溶剂相纸玻璃贴墨水天花软膜喷绘布黑白布旗帜布',209,'2018-07-02 10:45:31','admin'),(198,87,'背胶冷裱膜合成纸相纸PVC硬片写真布油画布灯片地板膜反光膜即时贴转移膜双面胶单孔透胶片艺术布',212,'2018-07-02 15:47:45','admin'),(199,73,'户外条幅布网格布车身贴单面透弱溶剂油画布弱溶剂PVC片弱溶剂背胶弱溶剂PP弱溶剂相纸玻璃贴墨水天花软膜喷绘布黑白布旗帜布',213,'2018-07-04 14:54:19','admin'),(200,92,'背胶冷裱膜合成纸相纸PVC硬片写真布油画布灯片地板膜反光膜即时贴转移膜双面胶单孔透胶片艺术布',214,'2018-07-05 15:58:27','admin'),(201,86,'背胶冷裱膜合成纸相纸PVC硬片写真布油画布灯片地板膜反光膜即时贴转移膜双面胶单孔透胶片艺术布',216,'2018-07-05 17:37:25','admin'),(202,83,'背胶冷裱膜合成纸相纸PVC硬片写真布油画布灯片地板膜反光膜即时贴转移膜双面胶单孔透胶片艺术布',217,'2018-07-05 18:50:20','admin');

/*Table structure for table `cn_category_spec` */

DROP TABLE IF EXISTS `cn_category_spec`;

CREATE TABLE `cn_category_spec` (
  `id` int(11) NOT NULL AUTO_INCREMENT,
  `category_id` int(11) DEFAULT NULL COMMENT '商品分类id（商品规格和商品分类关联）',
  `spec_name` varchar(50) NOT NULL DEFAULT '' COMMENT '规格名称',
  `sort` varchar(50) NOT NULL DEFAULT '' COMMENT '规格排序',
  `is_show` varchar(10) NOT NULL COMMENT '是否可见 1 可见 0不可见',
  `is_mobile_show` tinyint(1) DEFAULT NULL COMMENT '手机端是否可见 1可见 0不可见',
  PRIMARY KEY (`id`)
) ENGINE=InnoDB AUTO_INCREMENT=76 DEFAULT CHARSET=utf8 COMMENT='分类规格表';

/*Data for the table `cn_category_spec` */

insert  into `cn_category_spec`(`id`,`category_id`,`spec_name`,`sort`,`is_show`,`is_mobile_show`) values (24,3,'款式','0','0',1),(25,2,'规格','0','1',1),(26,3,'款式','0','1',1),(27,3,'规格','0','1',1),(28,5,'款式','1','1',1),(29,6,'款式','1','1',1),(30,7,'款式','1','1',1),(31,4,'规格','1','1',1),(32,5,'规格','1','1',1),(33,6,'规格','1','1',1),(34,7,'规格','1','1',1),(35,4,'款式','0','1',1),(36,NULL,'guige','0','1',1),(37,NULL,'test','0','1',1),(38,2,'aaaa','1','1',1),(39,3,'aaaa','1','1',1),(40,4,'aaaa','1','1',1),(41,5,'aaaa','1','1',1),(42,6,'aaaa','1','1',1),(43,7,'aaaa','1','1',1),(44,2,'第二规格','1','1',1),(45,3,'第二规格','1','1',1),(46,4,'第二规格','1','1',1),(47,5,'第二规格','1','1',1),(48,6,'第二规格','1','1',1),(49,7,'第二规格','1','1',1),(50,2,'111','0','1',1),(51,3,'111','0','1',1),(52,4,'111','0','1',1),(53,5,'111','0','1',1),(54,6,'111','0','1',1),(55,7,'111','0','1',1),(56,2,'11111','0','1',1),(57,3,'11111','0','1',1),(58,4,'11111','0','1',1),(59,5,'11111','0','1',1),(60,6,'11111','0','1',1),(61,7,'11111','0','1',1),(62,5,'demo','0','1',1),(63,2,'123','0','1',1),(64,3,'123','0','1',1),(65,2,'1','0','1',1),(66,3,'1','0','1',1),(67,4,'1','0','1',1),(68,6,'1','0','1',1),(69,NULL,'weq','0','1',1),(70,2,'321321','0','1',1),(71,3,'321321','0','1',1),(72,4,'321321','0','1',1),(73,5,'321321','0','1',1),(74,7,'321321','0','1',1),(75,NULL,'33','330','1',1);

/*Table structure for table `cn_channel` */

DROP TABLE IF EXISTS `cn_channel`;

CREATE TABLE `cn_channel` (
  `channel_id` bigint(20) NOT NULL AUTO_INCREMENT,
  `name` varchar(255) DEFAULT NULL COMMENT '频道名称',
  `sort` int(3) DEFAULT NULL,
  `is_show` tinyint(1) DEFAULT NULL COMMENT '是否展示（0展示，1不展示）',
  `model` tinyint(1) DEFAULT NULL COMMENT '模式 1:商城 2：服务',
  PRIMARY KEY (`channel_id`)
) ENGINE=InnoDB AUTO_INCREMENT=18 DEFAULT CHARSET=utf8;

/*Data for the table `cn_channel` */

insert  into `cn_channel`(`channel_id`,`name`,`sort`,`is_show`,`model`) values (1,'广告器材',1,NULL,NULL),(2,'素材/模板',2,NULL,NULL),(8,'广告制作',4,NULL,NULL),(10,'自助设计',6,NULL,NULL),(11,'广告金融',7,NULL,NULL),(12,'广告商学院',8,NULL,NULL),(13,'广告设计',9,NULL,NULL),(14,'企业服务',10,NULL,NULL),(15,'技术开发',11,NULL,NULL),(16,'自助视频',12,NULL,NULL),(17,'行业信息',13,NULL,NULL);

/*Table structure for table `cn_express_company` */

DROP TABLE IF EXISTS `cn_express_company`;

CREATE TABLE `cn_express_company` (
  `id` int(11) NOT NULL AUTO_INCREMENT,
  `company_number` varchar(255) DEFAULT NULL COMMENT '快递公司编号',
  `company_name` varchar(255) DEFAULT NULL COMMENT '快递公司名称',
  PRIMARY KEY (`id`)
) ENGINE=InnoDB AUTO_INCREMENT=11 DEFAULT CHARSET=utf8;

/*Data for the table `cn_express_company` */

insert  into `cn_express_company`(`id`,`company_number`,`company_name`) values (5,'EMS','EMS'),(7,'HHTT','天天快递'),(8,'QFKD','全峰快递'),(9,'SF','顺丰快递'),(10,'YD4','韵达快递');

/*Table structure for table `cn_good` */

DROP TABLE IF EXISTS `cn_good`;

CREATE TABLE `cn_good` (
  `good_id` int(11) unsigned NOT NULL AUTO_INCREMENT COMMENT '商品ID',
  `good_name` varchar(50) NOT NULL DEFAULT '' COMMENT '商品名称',
  `good_number` varchar(70) DEFAULT NULL COMMENT '商品编号',
  `max_price` decimal(10,2) DEFAULT '0.00' COMMENT '最大价格',
  `min_price` decimal(10,2) DEFAULT '0.00' COMMENT '最小价格',
  `introduce` varchar(255) DEFAULT '' COMMENT '商品简介',
  `pic_img` varchar(255) DEFAULT '' COMMENT '展示图片',
  `show_in_top` tinyint(1) DEFAULT '0' COMMENT '是否置顶 1=置顶/0=默认',
  `show_in_nav` tinyint(1) DEFAULT '0' COMMENT '是否导航栏 1=显示/0=隐藏',
  `show_in_like` tinyint(1) DEFAULT '0' COMMENT '猜你喜欢 1=显示/0=隐藏',
  `show_in_hot` tinyint(1) DEFAULT '0' COMMENT '是否热门 1=热门/0=默认',
  `show_in_shelve` tinyint(1) DEFAULT '0' COMMENT '是否上架：1=上架/0=下架',
  `search_key` varchar(255) DEFAULT '' COMMENT '搜索的关键词',
  `units` varchar(10) DEFAULT NULL COMMENT '单位',
  `activate` tinyint(1) DEFAULT '0' COMMENT '激活状态(0:未激活 1：激活)',
  `page_title` varchar(255) DEFAULT NULL COMMENT '页面标题',
  `page_description` varchar(255) DEFAULT '' COMMENT '页面的描述',
  `page_keyword` varchar(255) DEFAULT '' COMMENT '页面的关键词',
  `remarks` varchar(255) DEFAULT '' COMMENT '备注信息',
  `create_time` datetime DEFAULT NULL COMMENT '创建时间',
  `create_by` varchar(64) DEFAULT '' COMMENT '创建者',
  `shelve_time` datetime DEFAULT NULL COMMENT '上架时间',
  `shelve_by` varchar(64) DEFAULT '' COMMENT '上架人',
  `update_by` varchar(64) DEFAULT '' COMMENT '更新者',
  `update_time` datetime DEFAULT NULL COMMENT '更新时间',
  `mart_id` bigint(20) DEFAULT NULL COMMENT '商户id',
  `del_flag` tinyint(1) DEFAULT NULL,
  PRIMARY KEY (`good_id`)
) ENGINE=InnoDB AUTO_INCREMENT=218 DEFAULT CHARSET=utf8 COMMENT='商品表';

/*Data for the table `cn_good` */

insert  into `cn_good`(`good_id`,`good_name`,`good_number`,`max_price`,`min_price`,`introduce`,`pic_img`,`show_in_top`,`show_in_nav`,`show_in_like`,`show_in_hot`,`show_in_shelve`,`search_key`,`units`,`activate`,`page_title`,`page_description`,`page_keyword`,`remarks`,`create_time`,`create_by`,`shelve_time`,`shelve_by`,`update_by`,`update_time`,`mart_id`,`del_flag`) values (95,'喷绘布蓝标',NULL,'3.00','2.00','111111',NULL,0,0,0,0,1,'','平方',1,'喷绘耗材','喷绘耗材','喷绘耗材','1111111','2018-06-15 08:50:07','admin',NULL,'','admin','2018-07-05 19:14:15',1,NULL),(96,'喷绘布绿标',NULL,'0.00','0.00','','http://img.cnadmart.com/20180615/7690cefa49db420888ce58cc69e69a5e.png',0,0,0,0,0,'','平方',1,NULL,'','','','2018-06-15 08:59:31','admin',NULL,'','admin','2018-07-05 18:53:07',1,NULL),(97,'喷绘布紫标',NULL,'2.25','2.25','','http://img.cnadmart.com/20180615/e9af2bef260a4573ac1452b5f66cb186.png',0,0,0,0,1,'','平方',1,NULL,'','','','2018-06-15 09:01:56','admin',NULL,'','admin','2018-07-01 23:29:42',1,NULL),(99,'车贴',NULL,'4.60','2.85','','http://img.cnadmart.com/20180615/798c1e0f98634a6abbe4569531237c9c.png',0,0,0,0,1,'','平方',1,NULL,'','','','2018-06-15 09:16:21','admin',NULL,'','admin','2018-07-01 23:30:07',1,NULL),(100,'网格布',NULL,'3.70','3.70','','http://img.cnadmart.com/20180615/dde80de69632402082fe557659554418.jpg',0,0,0,0,1,'','平方',1,NULL,'','','','2018-06-15 09:28:54','admin',NULL,'','admin','2018-06-27 10:00:30',1,NULL),(101,'可喷绘反光膜',NULL,'13.00','13.00','','http://img.cnadmart.com/20180615/55a2471b927b4486ad5cec3e3375ad71.jpg',0,0,0,0,1,'','平方',1,NULL,'','','','2018-06-15 09:38:36','admin',NULL,'','admin','2018-06-15 09:39:50',1,NULL),(102,'户内背胶',NULL,'1.65','2.10','','http://img.cnadmart.com/20180615/275095df3361461cbc2c6872b2c57c0a.jpg',0,0,0,0,1,'','平方',1,NULL,'','','','2018-06-15 09:44:08','admin',NULL,'','admin','2018-06-15 09:45:13',1,NULL),(103,'户外背胶',NULL,'0.00','2.00','','http://img.cnadmart.com/20180615/009118d7e3da4c8b9ec0217ce2eece47.png',0,0,0,0,1,'','平方',1,NULL,'','','','2018-06-15 09:52:51','admin',NULL,'','admin','2018-06-26 13:05:12',1,NULL),(104,'冷裱膜',NULL,'1.85','2.10','','http://img.cnadmart.com/20180615/3b46e689bf38405d961dccee61dd0b30.png',0,0,0,0,1,'','平方',1,NULL,'','','','2018-06-15 09:58:50','admin',NULL,'','admin','2018-06-15 10:01:28',1,NULL),(105,'覆膜机专用冷裱膜',NULL,'1.30','1.30','','http://img.cnadmart.com/20180615/fcc0b3b124684942a6077340c33f330e.png',0,0,0,0,1,'','平方',1,NULL,'','','','2018-06-15 10:06:18','admin',NULL,'','admin','2018-06-15 10:07:21',1,NULL),(106,'十字纹冷裱膜',NULL,'5.50','5.50','','http://img.cnadmart.com/20180615/ed4caeac710144aea9907128b096ce58.png',0,0,0,0,1,'','平方',1,NULL,'','','','2018-06-15 10:13:45','admin',NULL,'','admin','2018-06-15 10:21:58',1,NULL),(107,'PVC硬片',NULL,'3.50','4.50','','http://img.cnadmart.com/20180615/ec96b14713b84707a5d9fb5b9149be5e.jpg',0,0,0,0,1,'','平方',1,NULL,'','','','2018-06-15 10:21:06','admin',NULL,'','admin','2018-06-15 10:22:02',1,NULL),(109,'水性被喷灯片（户内）',NULL,'3.20','4.00','',NULL,0,0,0,0,1,'','平方',1,NULL,'','','','2018-06-15 10:30:24','admin',NULL,'','admin','2018-06-15 11:04:20',1,NULL),(110,'弱溶剂正喷灯片（户外）',NULL,'7.00','7.00','','http://img.cnadmart.com/20180615/729e7a091b0e4139b6cf47ac445c10d0.jpg',0,0,0,0,1,'','平方',1,NULL,'','','','2018-06-15 10:35:15','admin',NULL,'','admin','2018-06-15 10:53:22',1,NULL),(111,'PP合成纸',NULL,'1.90','3.10','','http://img.cnadmart.com/20180615/d746d903466549319dea00823898a2ea.jpg',0,0,0,0,1,'','平方',1,NULL,'','','','2018-06-15 10:59:33','admin',NULL,'','admin','2018-06-15 11:00:43',1,NULL),(112,'高光相纸（户内）',NULL,'2.50','3.00','','http://img.cnadmart.com/20180615/79c993c9b2d04deab197b3d0aed1024c.jpg',0,0,0,0,1,'','平方',1,NULL,'','','','2018-06-15 13:36:41','admin',NULL,'','admin','2018-06-15 13:49:55',1,NULL),(113,'弱溶剂相纸（户外）',NULL,'5.00','6.00','','http://img.cnadmart.com/20180615/80e7db82e37643be9e127d71f1e07551.jpg',0,0,0,0,1,'','平方',1,NULL,'','','','2018-06-15 13:48:31','admin',NULL,'','admin','2018-06-15 13:49:34',1,NULL),(114,'透明双面胶',NULL,'3.80','3.80','','http://img.cnadmart.com/20180615/fa268208cf7148c09ec5cb72de220cf9.jpg',0,0,0,0,1,'','平方',1,NULL,'','','','2018-06-15 13:55:04','admin',NULL,'','admin','2018-06-15 13:56:01',1,NULL),(115,'单孔透',NULL,'6.20','6.20','','http://img.cnadmart.com/20180615/fa06cfd294b148a281871fefae4866f4.png',0,0,0,0,0,'','平方',1,NULL,'','','','2018-06-15 14:03:58','admin',NULL,'','admin','2018-06-15 14:05:18',1,NULL),(116,'X展架专用胶片',NULL,'6.50','6.50','','http://img.cnadmart.com/20180615/84704c2c79744e4d88d59e25e2f5a9c7.png',0,0,0,0,1,'',NULL,1,NULL,'','','','2018-06-15 14:09:31','admin',NULL,'','admin','2018-06-15 14:12:49',1,NULL),(117,'地板膜',NULL,'6.50','8.00','','http://img.cnadmart.com/20180615/443d50701a5b4816b96f32d66d018374.jpg',0,0,0,0,1,'','pfan',1,NULL,'','','','2018-06-15 14:38:54','admin',NULL,'','admin','2018-06-15 15:31:45',1,NULL),(118,'防水写真布',NULL,'3.00','3.00','','http://img.cnadmart.com/20180615/37ee00c5e58c4a4e9fe9a8ef5f4bc115.jpg',0,0,0,0,1,'','平方',1,NULL,'','','','2018-06-15 15:17:42','admin',NULL,'','admin','2018-06-15 15:31:48',1,NULL),(119,'油画布',NULL,'7.00','13.00','','http://img.cnadmart.com/20180615/638f7d0642f84f2da1f4f5d7c91727d3.jpg',0,0,0,0,1,'','平方',1,NULL,'','','','2018-06-15 15:26:56','admin',NULL,'','admin','2018-06-15 15:31:51',1,NULL),(120,'防水艺术布',NULL,'5.00','5.00','','http://img.cnadmart.com/20180615/4d721bdacc6840728cc715d58d89a839.png',0,0,0,0,1,'','平方',1,NULL,'','','','2018-06-15 15:31:09','admin',NULL,'','admin','2018-06-15 15:31:53',1,NULL),(121,'防水棉质油画布',NULL,'15.00','15.00','','http://img.cnadmart.com/20180615/c4c17fd4aa9d40d29f4908a0d8f0673b.png',0,0,0,0,1,'','平方',1,NULL,'','','','2018-06-15 15:34:20','admin',NULL,'','admin','2018-06-19 08:59:24',1,NULL),(122,'天花软膜',NULL,'3.30','3.30','','http://img.cnadmart.com/20180615/3076feafdd74414e8116fb139553368c.jpg',0,0,0,0,1,'','平方',1,NULL,'','','','2018-06-15 15:38:29','admin',NULL,'','admin','2018-06-19 08:57:46',1,NULL),(123,'KT板 普通板（20张/包）',NULL,'0.00','0.00','','http://img.cnadmart.com/20180619/7560ad1f14c543309bc839f3232cc3e0.png',0,0,0,0,1,'','张',0,NULL,'','','','2018-06-19 08:54:10','admin',NULL,'','admin','2018-06-19 08:57:41',1,NULL),(128,'KT板 布纹板（20张/包）',NULL,'9.00','10.00','','http://img.cnadmart.com/20180619/ae9f30d642754b25abc4338719395799.png',0,0,0,0,0,'','张',1,NULL,'','','','2018-06-19 09:06:19','admin',NULL,'','admin','2018-06-19 09:06:47',1,NULL),(129,'KT板 单晶板（10张/包）',NULL,'9.00','10.50','','http://img.cnadmart.com/20180619/3609c18bc5234610abd2cd7e1efa3530.jpg',0,0,0,0,0,'','张',1,NULL,'','','','2018-06-19 09:13:03','admin',NULL,'','admin','2018-06-19 09:13:36',1,NULL),(130,'广告灯箱 超薄灯箱',NULL,'180.00','180.00','','http://img.cnadmart.com/20180619/d6c969ff69c043dcb860026de8f3df1d.jpg',0,0,0,0,1,'','平方',1,NULL,'','','','2018-06-19 09:25:34','admin',NULL,'','admin','2018-06-19 09:37:48',1,NULL),(131,'广告灯箱 卡布灯箱',NULL,'260.00','300.00','','http://img.cnadmart.com/20180619/eac2f65a808f45609ba1aedd8cad974d.jpg',0,0,0,0,1,'','平方',1,NULL,'','','','2018-06-19 09:36:54','admin',NULL,'','admin','2018-06-19 09:37:44',1,NULL),(132,'广告灯箱 吸塑灯箱',NULL,'60.00','110.00','','http://img.cnadmart.com/20180619/22485e6da50747cc8a0d3c28c0cec798.jpg',0,0,0,0,1,'','平方',1,NULL,'','','','2018-06-19 10:52:47','admin',NULL,'','admin','2018-06-19 10:54:22',1,NULL),(133,'广告灯箱 点餐灯箱',NULL,'80.00','80.00','','http://img.cnadmart.com/20180619/8d0549a14769409c838b3f7d0f193d97.jpg',0,0,0,0,1,'','平方',1,NULL,'','','','2018-06-19 10:55:21','admin',NULL,'','admin','2018-06-19 11:45:01',1,NULL),(134,'铁壳防雨电源',NULL,'30.00','48.00','','',0,0,0,0,1,'','个',1,NULL,'','','','2018-06-19 11:23:12','admin',NULL,'','admin','2018-06-19 11:44:58',1,NULL),(135,'铝壳防雨电源',NULL,'30.00','48.00','','http://img.cnadmart.com/20180619/bbe33674f45a42b4b1cffbad9f33b780.png',0,0,0,0,1,'','个',1,NULL,'','','','2018-06-19 11:49:17','admin',NULL,'','admin','2018-06-19 14:16:38',1,NULL),(136,'卡布灯箱电源',NULL,'53.00','60.00','','',0,0,0,0,1,'','个',1,NULL,'','','','2018-06-19 11:54:26','admin',NULL,'','admin','2018-06-19 14:16:34',1,NULL),(137,'超薄灯箱电源',NULL,'15.00','30.00','','http://img.cnadmart.com/20180619/8f0946480ef548f8bef32d2ced65de4d.png',0,0,0,0,1,'','个',1,NULL,'','','','2018-06-19 13:47:07','admin',NULL,'','admin','2018-06-19 14:16:31',1,NULL),(140,'贴片灯5730',NULL,'0.20','0.24','','http://img.cnadmart.com/20180619/05c1d120dc85442ca0dda9e6f55fd312.jpg',0,0,0,0,1,'','个',1,NULL,'','','','2018-06-19 13:55:10','admin',NULL,'','admin','2018-06-19 14:16:28',1,NULL),(141,'贴片灯5054',NULL,'0.26','0.29','','http://img.cnadmart.com/20180619/2ebd50486b0e476791753706e04c069c.jpg',0,0,0,0,1,'','个',1,NULL,'','','','2018-06-19 13:56:42','admin',NULL,'','admin','2018-06-19 14:16:25',1,NULL),(142,'穿孔灯',NULL,'0.10','0.13','','http://img.cnadmart.com/20180619/06d45b4e702047d8ace4b9993d6f38cc.jpg',0,0,0,0,1,'','个',1,NULL,'','','','2018-06-19 13:59:45','admin',NULL,'','admin','2018-06-19 14:16:19',1,NULL),(143,'数码管',NULL,'12.00','13.00','','http://img.cnadmart.com/20180619/b9aa3acb9fec4a069ad8d475d78295a9.jpg',0,0,0,0,1,'','个',1,NULL,'','','','2018-06-19 14:07:38','admin',NULL,'','admin','2018-06-19 14:16:16',1,NULL),(145,'KT板 布纹板（20张/包）',NULL,'9.00','10.00','','http://img.cnadmart.com/20180619/2a6f30734f1a4d7a88475bf32dd7e889.png',0,0,0,0,1,'','张',1,NULL,'','','','2018-06-19 14:12:19','admin',NULL,'','admin','2018-06-19 14:13:13',1,NULL),(146,'KT板 单晶板（10张/包）',NULL,'9.00','10.50','','http://img.cnadmart.com/20180619/2206563a4ea446ac8f5e80db754a42b9.jpg',0,0,0,0,1,'','张',1,NULL,'','','','2018-06-19 14:15:35','admin',NULL,'','admin','2018-06-19 14:16:11',1,NULL),(147,'KT板 双晶板（10张/包）',NULL,'9.50','11.50','','',0,0,0,0,1,'','张',1,NULL,'','','','2018-06-19 14:18:40','admin',NULL,'','admin','2018-06-19 14:28:02',1,NULL),(148,'KT板 龙卡板（10张/包）',NULL,'14.50','16.50','','http://img.cnadmart.com/20180619/ecf44c92d0d544369a2108039e8375ed.jpg',0,0,0,0,1,'','张',1,NULL,'','','','2018-06-19 14:24:03','admin',NULL,'','admin','2018-06-19 14:28:05',1,NULL),(149,'KT板 涂塑板（10张/包）',NULL,'11.00','13.00','','http://img.cnadmart.com/20180619/a7fdee1564574517ba25842eb2610062.png',0,0,0,0,1,'','张',1,NULL,'','','','2018-06-19 14:26:42','admin',NULL,'','admin','2018-06-19 14:28:09',1,NULL),(150,'KT板 1cm雕刻龙鑫板（10张/包）',NULL,'26.00','26.00','','',0,0,0,0,1,'','张',1,NULL,'','','','2018-06-19 14:27:40','admin',NULL,'','admin','2018-06-19 14:28:12',1,NULL),(151,'亚克力吸塑板',NULL,'165.00','225.00','','http://img.cnadmart.com/20180620/740ed082d6d8489c96eb9a5fd872c7f8.jpg',0,0,0,0,1,'','张',1,NULL,'','','','2018-06-20 08:43:11','admin',NULL,'','admin','2018-06-20 08:49:47',1,NULL),(152,'亚克力吸塑板',NULL,'165.00','165.00','',NULL,0,0,0,0,1,'','张',1,NULL,'','','','2018-06-20 08:48:30','admin',NULL,'','admin','2018-06-21 11:39:00',1,NULL),(153,'亚克力透明板',NULL,'155.00','1350.00','','http://img.cnadmart.com/20180620/1eaad80d8696405884db02541431da28.png',0,0,0,0,1,'','张',1,NULL,'','','','2018-06-20 09:33:12','admin',NULL,'','admin','2018-06-20 09:48:08',1,NULL),(154,'PS有机板',NULL,'43.00','200.00','','http://img.cnadmart.com/20180620/94b10eaff05d48909ce839f92154e1c8.jpg',0,0,0,0,1,'','张',1,NULL,'','','','2018-06-20 09:44:35','admin',NULL,'','admin','2018-06-20 09:48:05',1,NULL),(155,'PVC自由发泡板',NULL,'21.00','128.00','','http://img.cnadmart.com/20180620/34ff465670764fe58e0ad3f43aa8eb68.jpg',0,0,0,0,1,'','张',1,NULL,'','','','2018-06-20 09:49:52','admin',NULL,'','admin','2018-06-20 10:44:55',1,NULL),(156,'抽奖转盘',NULL,'65.00','85.00','','http://img.cnadmart.com/20180620/073c56787f1b4a73a434a0b4958d291b.jpg',0,0,0,0,1,'','个',1,NULL,'','','','2018-06-20 14:35:52','admin',NULL,'','admin','2018-06-20 17:05:47',1,NULL),(158,'木质挂画架',NULL,'35.00','40.00','','http://img.cnadmart.com/20180620/7eea711d611542f59b3f2602666b619b.png',0,0,0,0,1,'','个',1,NULL,'','','','2018-06-20 14:45:54','admin',NULL,'','admin','2018-06-20 17:05:50',1,NULL),(160,'手举牌',NULL,'7.00','10.00','','http://img.cnadmart.com/20180620/3443219f3fa648f6ad1a6d3179a89904.png',0,0,0,0,1,'','个',1,NULL,'','','','2018-06-20 15:00:32','admin',NULL,'','admin','2018-06-20 17:05:56',1,NULL),(161,'易拉宝',NULL,'16.00','22.00','','http://img.cnadmart.com/20180620/13c3c81d8ed049dfac79e9fc2eeb23f3.jpg',0,0,0,0,1,'','个',1,NULL,'','','','2018-06-20 15:30:00','admin',NULL,'','admin','2018-06-20 17:06:02',1,NULL),(162,'模特支架',NULL,'16.00','18.00','','http://img.cnadmart.com/20180620/d11d13093a4042dc83117de637ff1424.jpg',0,0,0,0,1,'','个',1,NULL,'','','','2018-06-20 16:59:01','admin',NULL,'','admin','2018-06-20 17:06:58',1,NULL),(163,'KT板挂画架 H型伸缩',NULL,'45.00','50.00','','',0,0,0,0,1,'','个',1,NULL,'','','','2018-06-21 09:33:29','admin',NULL,'','admin','2018-06-21 09:49:39',1,NULL),(164,'KT板挂画架 倾斜可伸缩',NULL,'45.00','50.00','','http://img.cnadmart.com/20180621/49a395961aaa4e51a71ce9f512f49bc4.png',0,0,0,0,1,'','个',1,NULL,'','','','2018-06-21 09:36:46','admin',NULL,'','admin','2018-06-21 09:49:36',1,NULL),(166,'KT板挂画架 三角架款（双面）',NULL,'18.00','18.00','','http://img.cnadmart.com/20180621/ad28d41b362947b3b9c0e2a3249bde94.png',0,0,0,0,1,'','个',1,NULL,'','','','2018-06-21 09:46:14','admin',NULL,'','admin','2018-06-21 09:49:31',1,NULL),(167,'KT板挂画架 POP三角挂画架',NULL,'23.00','23.00','','',0,NULL,NULL,0,1,NULL,'个',1,NULL,NULL,NULL,NULL,'2018-06-21 09:48:06','admin',NULL,NULL,'admin','2018-06-21 09:49:28',1,NULL),(168,'注水旗杆',NULL,'20.00','135.00','','http://img.cnadmart.com/20180621/6415b202e22f4b868c493a2dc35b7dc6.jpg',0,0,0,0,1,'','个',1,NULL,'','','','2018-06-21 09:58:31','admin',NULL,'','admin','2018-06-21 10:58:10',1,NULL),(170,'门型展架 铁质实用型底座',NULL,'25.00','28.00','','http://img.cnadmart.com/20180621/c90cf28ff34148efbcbf17b15530e55c.png',0,0,0,0,1,'','个',1,NULL,'','','','2018-06-21 10:34:36','admin',NULL,'','admin','2018-06-21 10:58:07',1,NULL),(171,'门型展架',NULL,'28.00','50.00','','http://img.cnadmart.com/20180621/fc6eba1cfe4b4c90b515f91034b12d13.jpg',0,0,0,0,1,'','个',1,NULL,'','','','2018-06-21 10:37:39','admin',NULL,'','admin','2018-06-21 10:58:03',1,NULL),(172,'X展架 韩式',NULL,'4.50','12.00','','http://img.cnadmart.com/20180621/f722603cf8ef45b2bd732bad598c590f.png',0,0,0,0,1,'','个',1,NULL,'','','','2018-06-21 11:19:25','admin',NULL,'','admin','2018-06-21 11:21:13',1,NULL),(173,'普通可调式 X展架',NULL,'8.00','8.00','','http://img.cnadmart.com/20180621/6550fd18799e4593994ee2265e3feef6.jpg',0,0,0,0,1,'','个',1,NULL,'','','','2018-06-21 11:24:35','admin',NULL,'','admin','2018-06-21 14:06:24',1,NULL),(174,'美式可调式 X展架',NULL,'18.00','18.00','','http://img.cnadmart.com/20180621/9af4ee1f09ff4ac1bdf78f67b79a9d40.png',0,0,0,0,1,'','个',1,NULL,'','','','2018-06-21 11:25:32','admin',NULL,'','admin','2018-06-21 14:06:27',1,NULL),(176,'抽奖箱',NULL,'35.00','40.00','','http://img.cnadmart.com/20180621/97bdc2e84e4043269320ddd915cee2e0.jpg',0,0,0,0,1,'','个',1,NULL,'','','','2018-06-21 11:34:22','admin',NULL,'','admin','2018-06-21 14:06:32',1,NULL),(177,'意见箱',NULL,'25.00','35.00','','http://img.cnadmart.com/20180621/678ff504eece4b05b1297c3581322dcb.jpg',0,0,0,0,1,'','个',1,NULL,'','','','2018-06-21 14:08:36','admin',NULL,'','admin','2018-06-21 15:08:23',1,NULL),(178,'旋转酒水牌',NULL,'20.00','20.00','','http://img.cnadmart.com/20180621/05205fe500a6411f8cddb7d92572d8f5.jpg',0,0,0,0,1,'','个',1,NULL,'','','','2018-06-21 15:12:00','admin',NULL,'','admin','2018-06-21 16:32:44',1,NULL),(179,'营业执照框',NULL,'12.00','12.00','','',0,0,0,0,1,'','个',1,NULL,'','','','2018-06-21 16:07:17','admin',NULL,'','admin','2018-06-21 16:32:40',1,NULL),(180,'电梯广告框',NULL,'13.00','20.00','','',0,0,0,0,1,'','个',1,NULL,'','','','2018-06-21 16:39:36','admin',NULL,'','admin','2018-06-22 09:58:04',1,NULL),(181,'电梯广告框 仿大理石',NULL,'35.00','55.00','','http://img.cnadmart.com/20180621/7f2c9fe482f84cdaa349b6f5083664b9.jpg',0,0,0,0,1,'','个',1,NULL,'','','','2018-06-21 16:42:08','admin',NULL,'','admin','2018-06-22 09:58:08',1,NULL),(182,'木托奖牌',NULL,'6.00','12.00','','http://img.cnadmart.com/20180622/8e877cae39f142d095ed1cdf52f68ab4.png',0,0,0,0,1,'','个',1,NULL,'','','','2018-06-22 09:07:47','admin',NULL,'','admin','2018-06-22 09:58:17',1,NULL),(183,'胸卡吊牌 胸卡硬卡 横款',NULL,'0.30','0.40','','http://img.cnadmart.com/20180622/cb3cf6c3333c48cc8a3c645201d61e8f.jpg',0,0,0,0,1,'','个',1,NULL,'','','','2018-06-22 09:57:18','admin',NULL,'','admin','2018-06-22 09:58:32',1,NULL),(184,'胸卡吊牌 胸卡硬卡 竖款',NULL,'0.30','0.50','','http://img.cnadmart.com/20180622/703514daded74bd397dbcdf7d5f153b5.jpg',0,0,0,0,0,'','个',1,NULL,'','','','2018-06-22 10:26:16','admin',NULL,'','admin','2018-06-22 10:27:22',1,NULL),(185,'tst',NULL,'0.00','0.00','wste','',0,0,0,0,0,'',NULL,0,NULL,'','','','2018-06-24 17:47:12','admin',NULL,'','',NULL,1,NULL),(186,'sdfgdfg ',NULL,'0.00','0.00','','',0,0,0,0,0,'',NULL,0,NULL,'','','','2018-06-25 09:01:56','admin',NULL,'','',NULL,1,NULL),(187,'22',NULL,'0.00','0.00','22','',0,0,0,0,1,'',NULL,1,NULL,'','','','2018-06-25 21:51:57','admin',NULL,'','admin','2018-06-25 21:53:05',1,NULL),(188,'df ',NULL,'0.00','0.00','','',0,0,0,0,0,'',NULL,0,NULL,'','','','2018-06-25 22:49:18','admin',NULL,'','',NULL,1,NULL),(189,'德辅道',NULL,'0.00','0.00','','',0,0,0,0,0,'',NULL,0,NULL,'','','','2018-06-26 10:23:58','admin',NULL,'','',NULL,1,NULL),(190,'嗲是打发',NULL,'0.00','0.00','','',0,0,0,0,0,'',NULL,0,NULL,'','','','2018-06-26 14:27:57','admin',NULL,'','',NULL,1,NULL),(191,'admin',NULL,'0.00','0.00','admin','',1,0,0,1,0,'','1111',0,'admin','admin','admin','admin','2018-06-26 18:13:02','admin',NULL,'','',NULL,1,NULL),(192,'dsafdsf',NULL,'0.00','0.00','','',0,0,0,0,0,'',NULL,0,NULL,'','','','2018-06-26 18:22:28','admin',NULL,'','',NULL,1,NULL),(193,'aaa',NULL,'0.00','0.00','aaaa','',0,0,0,1,0,'','1',0,NULL,'','','','2018-06-26 19:06:24','admin',NULL,'','',NULL,1,NULL),(194,'test',NULL,'0.00','0.00','','',0,0,0,0,0,'',NULL,0,NULL,'','','','2018-06-26 21:39:38','admin',NULL,'','',NULL,1,NULL),(195,'test',NULL,'44.00','44.00','','',0,0,0,0,0,'',NULL,1,NULL,'','','','2018-06-26 21:46:07','admin',NULL,'','admin','2018-06-26 21:47:19',1,NULL),(196,'cs',NULL,'0.00','0.00','cs','',0,0,0,0,0,'','1',0,'cs','cs','cs','cs','2018-06-26 22:32:14','admin',NULL,'','',NULL,1,NULL),(197,'11',NULL,'0.00','0.00','11','',0,0,0,0,0,'','11',0,'11','11','11','11','2018-06-27 09:13:33','admin',NULL,'','',NULL,1,NULL),(198,'11',NULL,'0.00','0.00','11','',0,0,0,0,0,'','11',1,'11','11','11','11','2018-06-27 09:14:36','admin',NULL,'','admin','2018-06-27 09:15:40',1,NULL),(199,'fdgdg',NULL,'0.00','0.00','','',0,0,0,0,0,'',NULL,0,NULL,'','','','2018-06-27 09:15:35','admin',NULL,'','',NULL,1,NULL),(200,'SSS测试',NULL,'0.00','0.00','SSS测试','',0,0,0,0,1,'','SSS测试',0,'SSS测试','SSS测试','SSS测试','SSS测试','2018-06-27 09:57:33','admin',NULL,'','admin','2018-06-27 09:57:54',1,NULL),(201,'asdf',NULL,'111.00','232.00','sadfasdfsd','',0,0,0,0,0,'','k',1,NULL,'','','','2018-06-27 13:44:07','admin',NULL,'','admin','2018-06-27 13:45:37',1,NULL),(202,'123',NULL,'0.00','2.00','','',0,0,0,0,0,'',NULL,1,NULL,'','','','2018-06-27 15:54:39','admin',NULL,'','admin','2018-06-27 15:55:43',1,NULL),(203,'1',NULL,'0.00','0.00','1','',0,0,0,0,0,'','1',0,'1','1','1','1','2018-06-27 16:42:49','admin',NULL,'','',NULL,1,NULL),(204,'ssss',NULL,'0.00','0.00','','',0,0,0,0,0,'',NULL,0,NULL,'','','','2018-06-28 16:56:17','admin',NULL,'','',NULL,1,NULL),(205,'cfds',NULL,'0.00','0.00','','',0,0,0,0,0,'',NULL,1,NULL,'','','','2018-06-28 16:58:00','admin',NULL,'','admin','2018-06-28 16:59:04',1,NULL),(206,'tretr',NULL,'10.00','10.00','tre','',0,0,0,0,0,'',NULL,1,NULL,'','','','2018-06-30 22:33:11','admin',NULL,'','admin','2018-06-30 22:35:30',1,NULL),(207,'1111',NULL,'0.00','0.00','1111','',0,0,0,0,0,'',NULL,1,'111','111','111','111','2018-07-01 01:41:55','admin',NULL,'','admin','2018-07-01 23:33:23',1,NULL),(208,'rer',NULL,'0.00','0.00','','',0,0,0,0,0,'',NULL,0,NULL,'','','','2018-07-02 08:30:38','admin',NULL,'','',NULL,1,NULL),(209,'dsfdsf',NULL,'0.00','0.00','','',0,0,0,0,0,'',NULL,0,NULL,'','','','2018-07-02 10:45:31','admin',NULL,'','',NULL,1,NULL),(210,'1q',NULL,'0.00','0.00','','',0,0,0,0,0,'',NULL,0,NULL,'','','','2018-07-02 13:01:16','admin',NULL,'','',NULL,1,NULL),(211,'1q',NULL,'0.00','0.00','','',0,0,0,0,0,'',NULL,0,NULL,'','','','2018-07-02 13:01:19','admin',NULL,'','',NULL,1,NULL),(212,'sss',NULL,'1000.00','1000.00','ddd','',0,0,0,0,1,'','dd',0,'d','d','d','d','2018-07-02 15:47:44','admin',NULL,'','admin','2018-07-02 15:50:18',1,NULL),(213,'13123123112312312',NULL,'0.00','0.00','','',0,0,0,0,0,'','123123',0,NULL,'','','','2018-07-04 14:54:19','admin',NULL,'','admin','2018-07-05 16:03:24',1,NULL),(214,'test',NULL,'3.00','1.00','test','',0,0,0,0,0,'','个',1,NULL,'','','','2018-07-05 15:58:27','admin',NULL,'','admin','2018-07-05 19:15:06',1,NULL),(215,'234234',NULL,'0.00','0.00','234234','',0,0,0,0,0,'','234234',0,NULL,'','','','2018-07-05 16:52:46','admin',NULL,'','',NULL,1,NULL),(216,'皮皮测试',NULL,'0.00','0.00','皮皮测试皮皮测试皮皮测试皮皮测试皮皮测试皮皮测试皮皮测试皮皮测试皮皮测试','',0,0,0,0,0,'','问问',0,'撒打算的','为','反反复复反反复复反反复复','问问','2018-07-05 17:37:25','admin',NULL,'','',NULL,1,NULL),(217,'jjjjjjjjjj',NULL,'0.00','0.00','gggggggggggggggggggggg','',0,0,0,0,0,'','g',0,'2222222222222222','11111111111111','11111111111111111','222222222222222','2018-07-05 18:50:20','admin',NULL,'','',NULL,1,NULL);

/*Table structure for table `cn_good_attribute` */

DROP TABLE IF EXISTS `cn_good_attribute`;

CREATE TABLE `cn_good_attribute` (
  `attribute_id` bigint(20) unsigned NOT NULL AUTO_INCREMENT COMMENT '属性ID',
  `good_id` bigint(20) DEFAULT NULL COMMENT '商品ID',
  `stock` bigint(20) DEFAULT '0' COMMENT '总库存',
  `sales_volume` bigint(20) DEFAULT '0' COMMENT '销售量',
  `page_views` bigint(20) DEFAULT '0' COMMENT '总访问量',
  `comment_number` bigint(20) DEFAULT '0' COMMENT '评论数量',
  `comment_total` bigint(20) DEFAULT '0' COMMENT '累计评价',
  `comment_average` decimal(10,2) DEFAULT '0.00' COMMENT '平均评价',
  `favorite_number` bigint(20) DEFAULT '0' COMMENT '收藏数',
  `question_number` bigint(20) DEFAULT '0' COMMENT '提问数',
  PRIMARY KEY (`attribute_id`)
) ENGINE=InnoDB AUTO_INCREMENT=55 DEFAULT CHARSET=utf8 COMMENT='商品属性表';

/*Data for the table `cn_good_attribute` */

insert  into `cn_good_attribute`(`attribute_id`,`good_id`,`stock`,`sales_volume`,`page_views`,`comment_number`,`comment_total`,`comment_average`,`favorite_number`,`question_number`) values (1,1,19887,500,0,0,0,'0.00',0,0),(36,96,55,144,0,0,0,'0.00',0,0),(37,206,35,444,0,0,0,'0.00',0,0),(38,97,60112,7701,0,0,0,'0.00',0,0),(39,99,451499,0,0,0,0,'0.00',0,0),(40,207,0,0,0,0,0,'0.00',0,0),(41,212,10,0,0,0,0,'0.00',0,0),(43,214,7,7,0,0,0,'0.00',0,0),(54,95,7,7,0,0,0,'0.00',0,0);

/*Table structure for table `cn_good_detail` */

DROP TABLE IF EXISTS `cn_good_detail`;

CREATE TABLE `cn_good_detail` (
  `good_detail_id` bigint(20) unsigned NOT NULL AUTO_INCREMENT COMMENT '商品描述ID',
  `good_id` bigint(20) DEFAULT NULL COMMENT '商品ID',
  `description` text COMMENT '商品描述',
  `create_time` datetime DEFAULT NULL COMMENT '创建时间',
  `create_by` varchar(64) CHARACTER SET utf8mb4 DEFAULT NULL COMMENT '创建者',
  `update_time` datetime DEFAULT NULL COMMENT '更新时间',
  `update_by` varchar(64) CHARACTER SET utf8mb4 DEFAULT NULL COMMENT '更新者',
  PRIMARY KEY (`good_detail_id`)
) ENGINE=InnoDB AUTO_INCREMENT=2 DEFAULT CHARSET=utf8 COMMENT='商品描述表';

/*Data for the table `cn_good_detail` */

insert  into `cn_good_detail`(`good_detail_id`,`good_id`,`description`,`create_time`,`create_by`,`update_time`,`update_by`) values (1,95,'<p>sdfsdafsasdfsdad</p>','2018-07-05 14:50:58','admin','2018-07-05 14:57:45','admin');

/*Table structure for table `cn_good_image` */

DROP TABLE IF EXISTS `cn_good_image`;

CREATE TABLE `cn_good_image` (
  `pic_img_id` bigint(20) unsigned NOT NULL AUTO_INCREMENT COMMENT '商品图片ID',
  `good_id` bigint(20) DEFAULT NULL COMMENT '商品ID',
  `pic_img` varchar(255) DEFAULT NULL COMMENT '展示图片',
  `sort` tinyint(2) DEFAULT NULL COMMENT '排序',
  `status` tinyint(2) DEFAULT NULL COMMENT '状态',
  `create_time` datetime DEFAULT NULL COMMENT '创建时间',
  `create_by` varchar(64) CHARACTER SET utf8mb4 DEFAULT NULL COMMENT '创建者',
  PRIMARY KEY (`pic_img_id`)
) ENGINE=InnoDB AUTO_INCREMENT=347 DEFAULT CHARSET=utf8 COMMENT='商品图片表';

/*Data for the table `cn_good_image` */

insert  into `cn_good_image`(`pic_img_id`,`good_id`,`pic_img`,`sort`,`status`,`create_time`,`create_by`) values (71,99,'http://img.cnadmart.com/20180615/fc8912582ca44444977c64ee2bfa1589.png',NULL,1,'2018-06-15 09:16:21','admin'),(72,99,'http://img.cnadmart.com/20180615/5d812cdd6df849fe8e79b4335587538a.png',NULL,1,'2018-06-15 09:16:21','admin'),(73,99,'http://img.cnadmart.com/20180615/90bff4ab9a8c4bc09a95a1ba60c37f4b.png',NULL,1,'2018-06-15 09:16:21','admin'),(74,99,'http://img.cnadmart.com/20180615/72070abe42e643338389b5e5d001bf4a.jpg',NULL,1,'2018-06-15 09:16:21','admin'),(75,99,'http://img.cnadmart.com/20180615/44987d87f19d46968cfc82475a65de1e.jpg',NULL,1,'2018-06-15 09:16:21','admin'),(76,100,'http://img.cnadmart.com/20180615/7b0666826254423f9aa8611bad0e5fc3.jpg',NULL,1,'2018-06-15 09:28:54','admin'),(77,100,'http://img.cnadmart.com/20180615/76387a585b82443c81f3772bd4344619.jpg',NULL,1,'2018-06-15 09:28:54','admin'),(78,100,'http://img.cnadmart.com/20180615/06e0b1d44ebe4a7a8764a901db3f710f.jpg',NULL,1,'2018-06-15 09:28:54','admin'),(79,100,'http://img.cnadmart.com/20180615/8aacc4b317034f0e82c681c7589c7705.jpg',NULL,1,'2018-06-15 09:28:54','admin'),(80,100,'http://img.cnadmart.com/20180615/0b6fafaa1ed44dfd907a23e80fe842b0.jpg',NULL,1,'2018-06-15 09:28:54','admin'),(81,101,'http://img.cnadmart.com/20180615/b6a644ff26a34196bbc25523eb18e5d0.png',NULL,1,'2018-06-15 09:38:37','admin'),(82,101,'http://img.cnadmart.com/20180615/b50dd6e500814629b1b9bd2958578ad0.jpg',NULL,1,'2018-06-15 09:38:37','admin'),(83,101,'http://img.cnadmart.com/20180615/0d1da9c7371044ff939e41a44be3fbcf.jpg',NULL,1,'2018-06-15 09:38:37','admin'),(84,101,'http://img.cnadmart.com/20180615/a52ba85fe4d9472f9c63105ad200aabe.jpg',NULL,1,'2018-06-15 09:38:37','admin'),(85,102,'http://img.cnadmart.com/20180615/a80f86f8bf4249b9be264e0958572003.jpg',NULL,1,'2018-06-15 09:44:08','admin'),(86,102,'http://img.cnadmart.com/20180615/03d38fbdc2a044119463d5f748f84deb.jpg',NULL,1,'2018-06-15 09:44:08','admin'),(87,102,'http://img.cnadmart.com/20180615/bcfb8d1be5be4e4c8a69abf9dbcd6209.jpg',NULL,1,'2018-06-15 09:44:08','admin'),(88,103,'http://img.cnadmart.com/20180615/43ef3736473c426a985107461adc2eb0.png',NULL,1,'2018-06-15 09:52:51','admin'),(89,104,'http://img.cnadmart.com/20180615/82cdcc0727764e2c867bbd07f60db768.png',NULL,1,'2018-06-15 09:58:50','admin'),(90,105,'http://img.cnadmart.com/20180615/41b2b2d1a1d343878f36c96af2133e77.png',NULL,1,'2018-06-15 10:06:18','admin'),(91,106,'http://img.cnadmart.com/20180615/a3c4cf36849b4dfa94c11e114a486c11.png',NULL,1,'2018-06-15 10:13:45','admin'),(92,107,'http://img.cnadmart.com/20180615/9a8838c3bd9c4642b8173da67b2de24e.jpg',NULL,1,'2018-06-15 10:21:06','admin'),(93,107,'http://img.cnadmart.com/20180615/f86e7438870e4641918f7254f552e3e7.jpg',NULL,1,'2018-06-15 10:21:06','admin'),(100,110,'http://img.cnadmart.com/20180615/5799789db2eb466db946b0c0627c3bf4.jpg',NULL,1,'2018-06-15 10:35:15','admin'),(101,110,'http://img.cnadmart.com/20180615/abb9724a87824e74866167f873615208.jpg',NULL,1,'2018-06-15 10:35:15','admin'),(102,110,'http://img.cnadmart.com/20180615/645ca01131e94e9d9b705de6b98ba139.jpg',NULL,1,'2018-06-15 10:35:15','admin'),(103,111,'http://img.cnadmart.com/20180615/9d6279aebf6a41169c2a88161cb70af6.jpg',NULL,1,'2018-06-15 10:59:33','admin'),(104,111,'http://img.cnadmart.com/20180615/23db70c132c74e2685e1a1ba3899a0d7.jpg',NULL,1,'2018-06-15 10:59:33','admin'),(105,111,'http://img.cnadmart.com/20180615/9f8941b2b6fb4b229573c33cd8463218.jpg',NULL,1,'2018-06-15 10:59:33','admin'),(106,111,'http://img.cnadmart.com/20180615/171456d1007040098ac71db24aa42f5a.jpg',NULL,1,'2018-06-15 10:59:33','admin'),(107,109,'http://img.cnadmart.com/20180615/dbf11b4eeb8b405a92cddc7692ec89ae.jpg',NULL,NULL,'2018-06-15 11:04:49','admin'),(108,109,'http://img.cnadmart.com/20180615/88dd8d42e38b4e4aaaf3016dda407a89.jpg',NULL,NULL,'2018-06-15 11:04:51','admin'),(109,112,'http://img.cnadmart.com/20180615/d8756675376d4f019d3fbcf7a5db8944.jpg',NULL,1,'2018-06-15 13:36:41','admin'),(110,112,'http://img.cnadmart.com/20180615/f60d0f94f4ae47fda8f5fda0ae14f68b.jpg',NULL,1,'2018-06-15 13:36:41','admin'),(111,112,'http://img.cnadmart.com/20180615/4d20be8e6a404f198a21aff1cce577c8.jpg',NULL,1,'2018-06-15 13:36:41','admin'),(112,113,'http://img.cnadmart.com/20180615/7d4e669a2baf4e0392a7925aaf97d713.jpg',NULL,1,'2018-06-15 13:48:32','admin'),(113,113,'http://img.cnadmart.com/20180615/ebba240eb76e43f897bb656dc2eddd11.jpg',NULL,1,'2018-06-15 13:48:32','admin'),(114,113,'http://img.cnadmart.com/20180615/cc8db101ad4f4c08a55d0fbfde2a9edf.jpg',NULL,1,'2018-06-15 13:48:32','admin'),(115,114,'http://img.cnadmart.com/20180615/ad68935909684ab1b4a94981e67e52b8.jpg',NULL,1,'2018-06-15 13:55:04','admin'),(116,114,'http://img.cnadmart.com/20180615/176ad0d6df074697a2824b8a163f3456.jpg',NULL,1,'2018-06-15 13:55:04','admin'),(117,114,'http://img.cnadmart.com/20180615/005905b7d1ec486cbbe5aca9b3db18d6.jpg',NULL,1,'2018-06-15 13:55:04','admin'),(118,114,'http://img.cnadmart.com/20180615/e10302c9a9674fb1946a22562177b913.jpg',NULL,1,'2018-06-15 13:55:04','admin'),(119,115,'http://img.cnadmart.com/20180615/c8d80393674f401a85256c4749bdb502.png',NULL,1,'2018-06-15 14:03:58','admin'),(120,116,'http://img.cnadmart.com/20180615/5dd16016db1f4b8797ab7d91b3cdb634.png',NULL,1,'2018-06-15 14:09:31','admin'),(121,117,'http://img.cnadmart.com/20180615/cda649d0258f45b6b5d26d51ce00a365.jpg',NULL,1,'2018-06-15 14:38:54','admin'),(122,117,'http://img.cnadmart.com/20180615/5309fed5808d4b479a84efd6ef9dacac.jpg',NULL,1,'2018-06-15 14:38:54','admin'),(123,117,'http://img.cnadmart.com/20180615/619c5d7b54cd45e4887e0b35db28df3a.jpg',NULL,1,'2018-06-15 14:38:54','admin'),(124,118,'http://img.cnadmart.com/20180615/f1b1f4a76e8044a685eb733d66d91da6.jpg',NULL,1,'2018-06-15 15:17:42','admin'),(125,119,'http://img.cnadmart.com/20180615/5f0776f5ef3545deabfe2a4ff3e8165a.jpg',NULL,1,'2018-06-15 15:26:56','admin'),(126,119,'http://img.cnadmart.com/20180615/31937d9447b14d5eabcea94aac4d92f6.jpg',NULL,1,'2018-06-15 15:26:56','admin'),(127,119,'http://img.cnadmart.com/20180615/0684620e420947e089392585416f1cf6.jpg',NULL,1,'2018-06-15 15:26:56','admin'),(128,120,'http://img.cnadmart.com/20180615/325d943071594572acc00f80eae68367.png',NULL,1,'2018-06-15 15:31:09','admin'),(129,121,'http://img.cnadmart.com/20180615/06dcb0dbe1374c2bb47e02d8730ca820.png',NULL,1,'2018-06-15 15:34:20','admin'),(130,122,'http://img.cnadmart.com/20180615/19cef6286cbc4e2eb39c1a47f80d4a12.jpg',NULL,1,'2018-06-15 15:38:29','admin'),(131,122,'http://img.cnadmart.com/20180615/a6949074b2fe4339a4ce662f4527e74b.png',NULL,1,'2018-06-15 15:38:29','admin'),(132,122,'http://img.cnadmart.com/20180615/e56414aabda444f4a7139fa0d9c3a504.jpg',NULL,1,'2018-06-15 15:38:29','admin'),(133,122,'http://img.cnadmart.com/20180615/84beb8a6b98647809737140008baaeeb.jpg',NULL,1,'2018-06-15 15:38:29','admin'),(134,122,'http://img.cnadmart.com/20180615/90a3c9c141b54c3a9cafd1f71587023c.jpg',NULL,1,'2018-06-15 15:38:29','admin'),(135,123,'http://img.cnadmart.com/20180619/efd9fd3a3aad4eaf99a4db6490746cdf.jpg',NULL,1,'2018-06-19 08:54:10','admin'),(136,123,'http://img.cnadmart.com/20180619/b96166b7bb334b068fd3b77afda30153.jpg',NULL,1,'2018-06-19 08:54:10','admin'),(137,123,'http://img.cnadmart.com/20180619/97306539728c4906a9833df216cb467d.jpg',NULL,1,'2018-06-19 08:54:10','admin'),(138,123,'http://img.cnadmart.com/20180619/a8fad7a0b12c43e1a434c7a06113903b.png',NULL,1,'2018-06-19 08:54:10','admin'),(139,128,'http://img.cnadmart.com/20180619/778e8d9bc92b4e2ea31d55b2ec777ec8.png',NULL,1,'2018-06-19 09:06:19','admin'),(140,128,'http://img.cnadmart.com/20180619/ffb6c6f5f6e2443d971376cbfea6d274.png',NULL,1,'2018-06-19 09:06:19','admin'),(141,128,'http://img.cnadmart.com/20180619/58981824fa0c44939d4e3d2ac79d0600.png',NULL,1,'2018-06-19 09:06:19','admin'),(143,129,'http://img.cnadmart.com/20180619/d702a0f6b4dd485d88d9e78b4c9eb8db.jpg',NULL,1,'2018-06-19 09:13:03','admin'),(144,129,'http://img.cnadmart.com/20180619/08fee5f3d8504a258eab16f303b106f8.jpg',NULL,1,'2018-06-19 09:13:03','admin'),(145,129,'http://img.cnadmart.com/20180619/7a5b7e47a0ab432dbfd02fe4f1721853.jpg',NULL,1,'2018-06-19 09:13:03','admin'),(146,129,'http://img.cnadmart.com/20180619/198723bcdcce432f8d29d0f8725d6093.jpg',NULL,1,'2018-06-19 09:13:03','admin'),(147,130,'http://img.cnadmart.com/20180619/4462d36cde03491886f4ae132478e443.jpg',NULL,1,'2018-06-19 09:25:34','admin'),(148,130,'http://img.cnadmart.com/20180619/a5e37a9fbd2c4742a8a969a52bb637f4.jpg',NULL,1,'2018-06-19 09:25:34','admin'),(149,130,'http://img.cnadmart.com/20180619/8e5b3c3c9d03488fb2bf4b966cc6906e.jpg',NULL,1,'2018-06-19 09:25:34','admin'),(150,130,'http://img.cnadmart.com/20180619/ee2c1c6348ff4070aefa8b3eb82432cc.jpg',NULL,1,'2018-06-19 09:25:34','admin'),(151,130,'http://img.cnadmart.com/20180619/6790d3f41e074f14b3a7e221ad382c10.jpg',NULL,1,'2018-06-19 09:25:34','admin'),(152,131,'http://img.cnadmart.com/20180619/44a71e6459cb404bb618c60b0d29052b.jpg',NULL,1,'2018-06-19 09:36:54','admin'),(153,131,'http://img.cnadmart.com/20180619/5f412d0450484631bb88531e975fc5cc.jpg',NULL,1,'2018-06-19 09:36:54','admin'),(154,131,'http://img.cnadmart.com/20180619/3aa0989583e04314ad830b307f2f4835.jpg',NULL,1,'2018-06-19 09:36:54','admin'),(155,131,'http://img.cnadmart.com/20180619/35d09f2d5c6949369017aeb71aa5a453.jpg',NULL,1,'2018-06-19 09:36:54','admin'),(157,132,'http://img.cnadmart.com/20180619/6a8aa55c15f649b6bce0b5f780bf899c.jpg',NULL,1,'2018-06-19 10:52:47','admin'),(158,132,'http://img.cnadmart.com/20180619/647cec32ab0b4f5fa29bfdd066476c85.jpg',NULL,1,'2018-06-19 10:52:47','admin'),(159,132,'http://img.cnadmart.com/20180619/bbb306c74e0e4911bc92fa422ff72007.jpg',NULL,1,'2018-06-19 10:52:47','admin'),(160,132,'http://img.cnadmart.com/20180619/65b49cc3f9ac4c7d8aa5c3850f929c5d.jpg',NULL,1,'2018-06-19 10:52:47','admin'),(161,132,'http://img.cnadmart.com/20180619/9be15186dfcb4fe9bfa4372dc9c14944.jpg',NULL,1,'2018-06-19 10:52:47','admin'),(162,133,'http://img.cnadmart.com/20180619/15f798346c3d43db88248cc31e6db53d.jpg',NULL,1,'2018-06-19 10:55:21','admin'),(163,133,'http://img.cnadmart.com/20180619/41ab319736b94a718d13e49347df862f.jpg',NULL,1,'2018-06-19 10:55:21','admin'),(164,133,'http://img.cnadmart.com/20180619/182191f61163493da83bbfcec5d713a2.jpg',NULL,1,'2018-06-19 10:55:21','admin'),(165,133,'http://img.cnadmart.com/20180619/46d883eff74b4f4f808a9fa70dbfd615.jpg',NULL,1,'2018-06-19 10:55:21','admin'),(166,133,'http://img.cnadmart.com/20180619/1be8633155314e1395ca3bafef2ae76c.jpg',NULL,1,'2018-06-19 10:55:21','admin'),(167,135,'http://img.cnadmart.com/20180619/b59a5b522379495f83a7bbabbef66e27.png',NULL,1,'2018-06-19 11:49:17','admin'),(168,137,'http://img.cnadmart.com/20180619/63449fc25d554287b34905404cf860d0.jpg',NULL,1,'2018-06-19 13:47:07','admin'),(169,137,'http://img.cnadmart.com/20180619/f4555cead2514f0db334a45c8e2996eb.png',NULL,1,'2018-06-19 13:47:07','admin'),(174,140,'http://img.cnadmart.com/20180619/801a032ce82547879fdf7a492e5a3675.jpg',NULL,1,'2018-06-19 13:55:10','admin'),(175,140,'http://img.cnadmart.com/20180619/4a79d7055eff483da4d18d7c30198a53.jpg',NULL,1,'2018-06-19 13:55:10','admin'),(176,140,'http://img.cnadmart.com/20180619/caf3c9f2a1bc4c50944da6fb305dfc7d.jpg',NULL,1,'2018-06-19 13:55:10','admin'),(177,141,'http://img.cnadmart.com/20180619/938071a98cb04f3ebc6d77ba4279994b.jpg',NULL,1,'2018-06-19 13:56:42','admin'),(178,142,'http://img.cnadmart.com/20180619/244eb408cc9a4b26a7ee2c48ac1945fd.jpg',NULL,1,'2018-06-19 13:59:45','admin'),(179,142,'http://img.cnadmart.com/20180619/0c024130a7ce4ce7b60dff3de01eed08.jpg',NULL,1,'2018-06-19 13:59:45','admin'),(180,142,'http://img.cnadmart.com/20180619/2356789fec73434fb7ea9c0a1edcca7c.jpg',NULL,1,'2018-06-19 13:59:45','admin'),(181,142,'http://img.cnadmart.com/20180619/9efeb04c122049edb5dcfe23cf575ec4.jpg',NULL,1,'2018-06-19 13:59:45','admin'),(182,143,'http://img.cnadmart.com/20180619/26d80045ec7749aeb2a51d28dd3f7246.jpg',NULL,1,'2018-06-19 14:07:38','admin'),(186,145,'http://img.cnadmart.com/20180619/78fb9ab063254ad79256c4a16c24599a.png',NULL,1,'2018-06-19 14:12:19','admin'),(187,145,'http://img.cnadmart.com/20180619/9a6693f9ea60493e972f69c8ee5ff078.png',NULL,1,'2018-06-19 14:12:19','admin'),(188,145,'http://img.cnadmart.com/20180619/4d9f42c4fcfa4626a5b2a3bfd411035c.png',NULL,1,'2018-06-19 14:12:19','admin'),(189,146,'http://img.cnadmart.com/20180619/4cc7dbfeb003432898752e395722092c.jpg',NULL,1,'2018-06-19 14:15:35','admin'),(190,146,'http://img.cnadmart.com/20180619/12aa49471f15478fb66e457d59a04600.jpg',NULL,1,'2018-06-19 14:15:35','admin'),(191,146,'http://img.cnadmart.com/20180619/8a668b311bc64750b4e3a815ac4ebb22.jpg',NULL,1,'2018-06-19 14:15:35','admin'),(192,146,'http://img.cnadmart.com/20180619/7aa50a3d7cf644b6973701373c15cb0f.jpg',NULL,1,'2018-06-19 14:15:35','admin'),(193,146,'http://img.cnadmart.com/20180619/b3b51066e098412e84b7527b3504532f.png',NULL,1,'2018-06-19 14:15:35','admin'),(194,148,'http://img.cnadmart.com/20180619/dc15e575cb9e437dabde060954c1239f.jpg',NULL,1,'2018-06-19 14:24:03','admin'),(195,148,'http://img.cnadmart.com/20180619/9e7b6067269847a0b0c0e7e7be0fd178.png',NULL,1,'2018-06-19 14:24:03','admin'),(196,148,'http://img.cnadmart.com/20180619/2fe6cb7863bc4445b050ca8ad1f361ae.png',NULL,1,'2018-06-19 14:24:03','admin'),(197,149,'http://img.cnadmart.com/20180619/fcc7cd0e1a1f4b85b2ef9eea0c16d4d2.jpg',NULL,1,'2018-06-19 14:26:42','admin'),(198,149,'http://img.cnadmart.com/20180619/7ca51255e1654c12b69e19ef98dece3a.jpg',NULL,1,'2018-06-19 14:26:42','admin'),(199,149,'http://img.cnadmart.com/20180619/0c4f6cbe7fda4efb83778f6c1d9e484b.jpg',NULL,1,'2018-06-19 14:26:42','admin'),(200,149,'http://img.cnadmart.com/20180619/b271e066e1f945559861fbaa714d6fc6.png',NULL,1,'2018-06-19 14:26:42','admin'),(206,151,'http://img.cnadmart.com/20180620/6285bef6720346e1a4c45a640f58093a.jpg',NULL,NULL,'2018-06-20 08:46:14','admin'),(207,151,'http://img.cnadmart.com/20180620/c7eeee9bf50248dfad4faea3eabf179f.jpg',NULL,NULL,'2018-06-20 08:46:15','admin'),(208,151,'http://img.cnadmart.com/20180620/26b39907b8514ccb8f9d5b80b333caef.jpg',NULL,NULL,'2018-06-20 08:46:16','admin'),(209,151,'http://img.cnadmart.com/20180620/44d5a59ca8f44341a391c91f7974a125.jpg',NULL,NULL,'2018-06-20 08:46:17','admin'),(215,153,'http://img.cnadmart.com/20180620/0605430737c947b39f714c4bde436891.png',NULL,1,'2018-06-20 09:33:13','admin'),(216,153,'http://img.cnadmart.com/20180620/1fccdb2f641847f6a533a9769fac2aeb.png',NULL,1,'2018-06-20 09:33:13','admin'),(228,156,'http://img.cnadmart.com/20180620/ce421d3db0d0485cad711681bf300cfb.jpg',NULL,1,'2018-06-20 14:35:52','admin'),(229,156,'http://img.cnadmart.com/20180620/1491baaa11d94137bc489ad4d71cffe5.jpg',NULL,1,'2018-06-20 14:35:52','admin'),(230,156,'http://img.cnadmart.com/20180620/8c0604280291400ba2d40022e9b65c61.jpg',NULL,1,'2018-06-20 14:35:52','admin'),(231,156,'http://img.cnadmart.com/20180620/a507265d76a84650858f38f95d4ae1a5.jpg',NULL,1,'2018-06-20 14:35:52','admin'),(237,158,'http://img.cnadmart.com/20180620/6526cdfc80ab42afaea6dd867b3298a0.png',NULL,1,'2018-06-20 14:45:54','admin'),(238,158,'http://img.cnadmart.com/20180620/bdd8ffc651834f19826928cfec72ba63.jpg',NULL,1,'2018-06-20 14:45:54','admin'),(239,158,'http://img.cnadmart.com/20180620/9444c038e16e47369963fa1d23f33cb4.jpg',NULL,1,'2018-06-20 14:45:54','admin'),(240,158,'http://img.cnadmart.com/20180620/0de0370bfa9b49aba73d2d55ca218d3b.jpg',NULL,1,'2018-06-20 14:45:54','admin'),(241,158,'http://img.cnadmart.com/20180620/710da9d8961e410b8f4af0dde598fc77.jpg',NULL,1,'2018-06-20 14:45:54','admin'),(247,160,'http://img.cnadmart.com/20180620/1dd41d156c6143da83331a9e456440f7.jpg',NULL,1,'2018-06-20 15:00:32','admin'),(248,160,'http://img.cnadmart.com/20180620/116053af60004c97be91578546c46700.jpg',NULL,1,'2018-06-20 15:00:32','admin'),(249,160,'http://img.cnadmart.com/20180620/98c952bdd43949d1ab3ff88786b36535.png',NULL,1,'2018-06-20 15:00:32','admin'),(250,160,'http://img.cnadmart.com/20180620/acebc2160c084a5b95f36d57dd4d431d.png',NULL,1,'2018-06-20 15:00:32','admin'),(251,160,'http://img.cnadmart.com/20180620/398ea92d2378457784aa393fc1d8423c.jpg',NULL,1,'2018-06-20 15:00:32','admin'),(252,161,'http://img.cnadmart.com/20180620/0d63b57ae9b140fa9f618c03a30c62a3.jpg',NULL,1,'2018-06-20 15:30:00','admin'),(253,161,'http://img.cnadmart.com/20180620/a1b2f67855624e89971a6dee1f311e3b.jpg',NULL,1,'2018-06-20 15:30:00','admin'),(254,161,'http://img.cnadmart.com/20180620/0e1bf45a8ac446b0901b4aa478dcc3aa.jpg',NULL,1,'2018-06-20 15:30:00','admin'),(255,161,'http://img.cnadmart.com/20180620/0543378a4ac949189078c0c5a7ce1269.jpg',NULL,1,'2018-06-20 15:30:00','admin'),(256,161,'http://img.cnadmart.com/20180620/3d96eff870f94a869b699a07d9efcfc5.jpg',NULL,1,'2018-06-20 15:30:00','admin'),(257,162,'http://img.cnadmart.com/20180620/802886618b9447628b13561c227ad42b.jpg',NULL,1,'2018-06-20 16:59:01','admin'),(258,162,'http://img.cnadmart.com/20180620/8bf7b59e9af44fc39406cb061933dc89.jpg',NULL,1,'2018-06-20 16:59:01','admin'),(259,162,'http://img.cnadmart.com/20180620/73e14e475d4c424793e39ab556afbcf7.jpg',NULL,1,'2018-06-20 16:59:01','admin'),(260,162,'http://img.cnadmart.com/20180620/d7905ed1e23441018b4024509187682e.jpg',NULL,1,'2018-06-20 16:59:01','admin'),(261,163,'http://img.cnadmart.com/20180621/78df7cef996b4e3cbea7ff0bb83b9be3.jpg',NULL,NULL,'2018-06-21 09:34:16','admin'),(262,163,'http://img.cnadmart.com/20180621/c329237fc36145cdaa1d868ee87bb780.jpg',NULL,NULL,'2018-06-21 09:34:17','admin'),(263,163,'http://img.cnadmart.com/20180621/bba11be0cd324634b3fb97fcd130dd9c.jpg',NULL,NULL,'2018-06-21 09:34:18','admin'),(264,163,'http://img.cnadmart.com/20180621/4b970ca72a6a46518c0be22187f18bf5.jpg',NULL,NULL,'2018-06-21 09:34:19','admin'),(265,164,'http://img.cnadmart.com/20180621/d31567efa2654795a57c058a29836b94.png',NULL,1,'2018-06-21 09:36:46','admin'),(271,166,'http://img.cnadmart.com/20180621/06506053056b4954b276fc596aa9739e.jpg',NULL,1,'2018-06-21 09:46:14','admin'),(272,166,'http://img.cnadmart.com/20180621/c9b5a86aff904223966dab00de5d097d.png',NULL,1,'2018-06-21 09:46:14','admin'),(273,166,'http://img.cnadmart.com/20180621/0dabae1261e4487eafd0e0123a61a951.jpg',NULL,1,'2018-06-21 09:46:14','admin'),(274,166,'http://img.cnadmart.com/20180621/b40fd2668924431ca3091a43d0790d57.jpg',NULL,1,'2018-06-21 09:46:14','admin'),(275,166,'http://img.cnadmart.com/20180621/6e210167740048d3b96fe4969b35c16c.jpg',NULL,1,'2018-06-21 09:46:14','admin'),(276,168,'http://img.cnadmart.com/20180621/17fe22748ec64ac98a5ae96fe15fddcc.png',NULL,1,'2018-06-21 09:58:31','admin'),(277,168,'http://img.cnadmart.com/20180621/fa4fc5fe071846588e4f9a594c786b5c.jpg',NULL,1,'2018-06-21 09:58:31','admin'),(278,168,'http://img.cnadmart.com/20180621/e20d39f4e66c42aca0f7e867807af8c4.jpg',NULL,1,'2018-06-21 09:58:31','admin'),(279,168,'http://img.cnadmart.com/20180621/9ffe65073e7c42888022524cb37192d6.jpg',NULL,1,'2018-06-21 09:58:31','admin'),(280,168,'http://img.cnadmart.com/20180621/e98deee902c1407ab62a02b5c4e13f84.jpg',NULL,1,'2018-06-21 09:58:31','admin'),(286,170,'http://img.cnadmart.com/20180621/e2351850dc7a429083fa577b30c01ccd.png',NULL,1,'2018-06-21 10:34:36','admin'),(287,171,'http://img.cnadmart.com/20180621/6be85375e45f4eea8b75e222dad9b8a8.jpg',NULL,1,'2018-06-21 10:37:39','admin'),(288,171,'http://img.cnadmart.com/20180621/ac1704a3be7544478a8b731ee5de7924.jpg',NULL,1,'2018-06-21 10:37:39','admin'),(289,171,'http://img.cnadmart.com/20180621/c6a2073a62484b6781abc2e5abfc608d.jpg',NULL,1,'2018-06-21 10:37:39','admin'),(290,171,'http://img.cnadmart.com/20180621/7bcec5d2b870494caaaf3a4e1a40b8fe.jpg',NULL,1,'2018-06-21 10:37:39','admin'),(291,171,'http://img.cnadmart.com/20180621/7bcc7a0333034892a148e9688944b4b4.jpg',NULL,1,'2018-06-21 10:37:39','admin'),(292,172,'http://img.cnadmart.com/20180621/479bb09929944bcc8b3ec4fb0aedba05.png',NULL,1,'2018-06-21 11:19:25','admin'),(293,172,'http://img.cnadmart.com/20180621/0ccb7b843c4647399665c132b09b118d.jpg',NULL,1,'2018-06-21 11:19:25','admin'),(294,172,'http://img.cnadmart.com/20180621/8d19e6a0bcfb4eac9ecd417901e1a242.jpg',NULL,1,'2018-06-21 11:19:25','admin'),(295,172,'http://img.cnadmart.com/20180621/31368537458f42c092f5ec8af069f895.jpg',NULL,1,'2018-06-21 11:19:25','admin'),(296,172,'http://img.cnadmart.com/20180621/3b44933476004bc4b83c259b23d036d6.jpg',NULL,1,'2018-06-21 11:19:25','admin'),(297,173,'http://img.cnadmart.com/20180621/551d0619af6a4d49aa9751cec7428f19.jpg',NULL,1,'2018-06-21 11:24:36','admin'),(298,174,'http://img.cnadmart.com/20180621/cb3642f47c544eeca13cd4e277211111.png',NULL,1,'2018-06-21 11:25:32','admin'),(302,176,'http://img.cnadmart.com/20180621/860b4991571f4cf3937117c38fcd8d5c.jpg',NULL,1,'2018-06-21 11:34:22','admin'),(303,176,'http://img.cnadmart.com/20180621/fc1da91d2f7f421689f3569a87172713.jpg',NULL,1,'2018-06-21 11:34:22','admin'),(304,176,'http://img.cnadmart.com/20180621/8998e675a2504fddba252c759247ac42.png',NULL,1,'2018-06-21 11:34:22','admin'),(305,152,'http://img.cnadmart.com/20180621/9174aa12b3654a60a5b78e7a483c0cb0.jpg',NULL,NULL,'2018-06-21 11:39:24','admin'),(306,152,'http://img.cnadmart.com/20180621/ece6a1cc7fd84ebbae21acbd3b75a27f.jpg',NULL,NULL,'2018-06-21 11:39:25','admin'),(307,152,'http://img.cnadmart.com/20180621/e07ac0af94ee4887aa1881aa748299f3.jpg',NULL,NULL,'2018-06-21 11:39:26','admin'),(308,152,'http://img.cnadmart.com/20180621/6a60e829af114007b6ff0d890580fc7a.jpg',NULL,NULL,'2018-06-21 11:39:29','admin'),(309,152,'http://img.cnadmart.com/20180621/31c796ae9a2e430288213a36cbb41817.png',NULL,NULL,'2018-06-21 11:39:32','admin'),(310,177,'http://img.cnadmart.com/20180621/a3563e30c71f4eba86852f1b71a34b8c.jpg',NULL,1,'2018-06-21 14:08:36','admin'),(311,177,'http://img.cnadmart.com/20180621/17594c5d284a49e5a1c33635ba87047d.jpg',NULL,1,'2018-06-21 14:08:36','admin'),(312,177,'http://img.cnadmart.com/20180621/b654e26e648b47a59b5979bcb291b6b7.jpg',NULL,1,'2018-06-21 14:08:36','admin'),(313,177,'http://img.cnadmart.com/20180621/505bf1dd7d4b4a1c9eade8897c4a65c1.jpg',NULL,1,'2018-06-21 14:08:36','admin'),(314,153,'http://img.cnadmart.com/20180621/a2211027ce9f4ae9ab42ef4f836d212b.png',NULL,NULL,'2018-06-21 14:22:01','admin'),(315,155,'http://img.cnadmart.com/20180621/185b0884a3bd4b1caec468e9cc1be5d1.jpg',NULL,NULL,'2018-06-21 14:27:58','admin'),(316,155,'http://img.cnadmart.com/20180621/6b7f32932e7243e2a8df465db64fc97c.jpg',NULL,NULL,'2018-06-21 14:27:58','admin'),(317,155,'http://img.cnadmart.com/20180621/6a2d24fa80d94d26b0d9811ec5f2dfe9.jpg',NULL,NULL,'2018-06-21 14:28:00','admin'),(318,155,'http://img.cnadmart.com/20180621/08c3b9973b00406d8655ac06aa07526b.jpg',NULL,NULL,'2018-06-21 14:28:02','admin'),(319,155,'http://img.cnadmart.com/20180621/a12eda3e51da4390873a127ac322a57d.jpg',NULL,NULL,'2018-06-21 14:28:02','admin'),(320,154,'http://img.cnadmart.com/20180621/2bf8702f5cc345359605b00070c49ba9.jpg',NULL,NULL,'2018-06-21 14:41:03','admin'),(321,154,'http://img.cnadmart.com/20180621/c9ccb386b39840ae9d4d1a2169b79b50.jpg',NULL,NULL,'2018-06-21 14:41:04','admin'),(322,154,'http://img.cnadmart.com/20180621/4f73130ae4524964b4f43f14d78e8ae7.jpg',NULL,NULL,'2018-06-21 14:41:05','admin'),(323,154,'http://img.cnadmart.com/20180621/6dc6783973794fa3b6853900b0f59595.jpg',NULL,NULL,'2018-06-21 14:41:06','admin'),(324,154,'http://img.cnadmart.com/20180621/4aabdacb60cf492a9c0d2a7a252c7d95.jpg',NULL,NULL,'2018-06-21 14:41:11','admin'),(325,154,'http://img.cnadmart.com/20180621/d62913992f484ce3b72d75cf0967d6ce.jpg',NULL,NULL,'2018-06-21 14:41:13','admin'),(326,178,'http://img.cnadmart.com/20180621/23f96fc742a34ef2ae7c9e3f4510a018.jpg',NULL,1,'2018-06-21 15:12:00','admin'),(327,178,'http://img.cnadmart.com/20180621/2900c82dc10c48a1bc75b4e6309e9f90.jpg',NULL,1,'2018-06-21 15:12:00','admin'),(328,178,'http://img.cnadmart.com/20180621/e2674e10387b448e9adeed3a394630cf.jpg',NULL,1,'2018-06-21 15:12:00','admin'),(329,178,'http://img.cnadmart.com/20180621/2f68dfe9ff5549d2b5da4778a89d8461.png',NULL,1,'2018-06-21 15:12:00','admin'),(330,179,'http://img.cnadmart.com/20180621/b06390ceb4bf429cbf1d5164e49e19ca.png',NULL,1,'2018-06-21 16:07:17','admin'),(334,180,'http://img.cnadmart.com/20180621/7568a42260cb4e11a5f15fb828690b01.png',NULL,1,'2018-06-21 16:39:36','admin'),(335,180,'http://img.cnadmart.com/20180621/abd4c4ee747d4834b367c9ce789c894a.png',NULL,1,'2018-06-21 16:39:36','admin'),(336,181,'http://img.cnadmart.com/20180621/b55d2df52bce4422b82f33389b53e654.jpg',NULL,1,'2018-06-21 16:42:08','admin'),(337,181,'http://img.cnadmart.com/20180621/ac30f1f004db43829fe81debfe6ebf87.jpg',NULL,1,'2018-06-21 16:42:08','admin'),(338,181,'http://img.cnadmart.com/20180621/28fb6bb652ee4ae48d01f6d6ed0dc1cf.jpg',NULL,1,'2018-06-21 16:42:08','admin'),(339,182,'http://img.cnadmart.com/20180622/bb00f3f750624407b06e42dc8bc4781b.png',NULL,1,'2018-06-22 09:07:47','admin'),(340,182,'http://img.cnadmart.com/20180622/e7fa05c6347a49148a2e18a69e8edcf7.jpg',NULL,1,'2018-06-22 09:07:47','admin'),(341,183,'http://img.cnadmart.com/20180622/dba980d1ab664f3c9ca1d0fa0e95c43e.jpg',NULL,1,'2018-06-22 09:57:18','admin'),(342,184,'http://img.cnadmart.com/20180622/716a4822a1194b60be779935637c47c4.jpg',NULL,1,'2018-06-22 10:26:16','admin'),(343,184,'http://img.cnadmart.com/20180622/0f333a064d6645cd97b7fecb82235743.jpg',NULL,1,'2018-06-22 10:26:16','admin'),(344,184,'http://img.cnadmart.com/20180622/84cb0de06bc341afbff3a756a6c1dac8.jpg',NULL,1,'2018-06-22 10:26:16','admin'),(345,184,'http://img.cnadmart.com/20180622/cdf234b955724090b90ea4247e218136.jpg',NULL,1,'2018-06-22 10:26:16','admin'),(346,184,'http://img.cnadmart.com/20180622/79c938f282a34f9e98b58d19a570d840.jpg',NULL,1,'2018-06-22 10:26:16','admin');

/*Table structure for table `cn_good_parameter` */

DROP TABLE IF EXISTS `cn_good_parameter`;

CREATE TABLE `cn_good_parameter` (
  `good_parameter_id` bigint(20) NOT NULL AUTO_INCREMENT COMMENT '参数ID',
  `good_id` bigint(20) DEFAULT NULL COMMENT '商品ID',
  `name` varchar(64) DEFAULT NULL COMMENT '参数名',
  `value` varchar(64) DEFAULT NULL COMMENT '参数值',
  `status` tinyint(2) DEFAULT NULL COMMENT '状态：1.显示；0.隐藏',
  `sort` int(9) DEFAULT NULL COMMENT '排序',
  `create_time` datetime DEFAULT NULL COMMENT '创建时间',
  `create_by` varchar(64) CHARACTER SET utf8mb4 DEFAULT '' COMMENT '创建者',
  `update_time` datetime DEFAULT NULL COMMENT '更新时间',
  `update_by` varchar(64) CHARACTER SET utf8mb4 DEFAULT NULL COMMENT '更新者',
  PRIMARY KEY (`good_parameter_id`)
) ENGINE=InnoDB AUTO_INCREMENT=4 DEFAULT CHARSET=utf8 COMMENT='商品参数表';

/*Data for the table `cn_good_parameter` */

insert  into `cn_good_parameter`(`good_parameter_id`,`good_id`,`name`,`value`,`status`,`sort`,`create_time`,`create_by`,`update_time`,`update_by`) values (1,95,'asd','1',NULL,NULL,'2018-07-04 16:45:00','admin',NULL,NULL),(2,95,'12','123',NULL,NULL,'2018-07-04 16:45:00','admin',NULL,NULL),(3,95,'12','345423',NULL,NULL,'2018-07-04 16:45:00','admin',NULL,NULL);

/*Table structure for table `cn_good_spec_price` */

DROP TABLE IF EXISTS `cn_good_spec_price`;

CREATE TABLE `cn_good_spec_price` (
  `id` int(11) unsigned NOT NULL AUTO_INCREMENT COMMENT '商品规格价格表id 主键',
  `good_id` int(11) NOT NULL COMMENT '商品id',
  `spec_name` varchar(500) DEFAULT '',
  `spec` varchar(100) DEFAULT '' COMMENT '规格 以，相隔  内容为规格值表的id',
  `price` decimal(11,2) DEFAULT '0.00' COMMENT '价格',
  `stock` int(11) DEFAULT '0' COMMENT '库存',
  `default_status` varchar(50) DEFAULT '' COMMENT '是否默认',
  `sales_volume` varchar(50) DEFAULT '0' COMMENT '销售量',
  `status` varchar(50) DEFAULT '' COMMENT '状态 0无库存 1 上架 2 下架',
  PRIMARY KEY (`id`)
) ENGINE=InnoDB AUTO_INCREMENT=613 DEFAULT CHARSET=utf8 COMMENT='规格价格表';

/*Data for the table `cn_good_spec_price` */

insert  into `cn_good_spec_price`(`id`,`good_id`,`spec_name`,`spec`,`price`,`stock`,`default_status`,`sales_volume`,`status`) values (597,95,'1','679','2.00',2,'','2',''),(598,95,'2','680','2.00',2,'','2',''),(599,95,'4','681','3.00',3,'','3',''),(609,214,'b,2','688,690','3.00',2,'','2',''),(610,214,'b,3','688,691','3.00',2,'','2',''),(611,214,'c,2','689,690','3.00',2,'','2',''),(612,214,'c,3','689,691','1.00',1,'','1','');

/*Table structure for table `cn_good_spec_value` */

DROP TABLE IF EXISTS `cn_good_spec_value`;

CREATE TABLE `cn_good_spec_value` (
  `id` int(11) unsigned NOT NULL AUTO_INCREMENT COMMENT '商品规格值表主键id',
  `good_id` int(11) NOT NULL COMMENT '商品id',
  `category_spec_id` int(11) NOT NULL COMMENT '分类规格id',
  `spec_value` varchar(50) NOT NULL COMMENT '商品规格值',
  `status` tinyint(1) DEFAULT '1' COMMENT '使用状态（0使用 1未使用）',
  PRIMARY KEY (`id`)
) ENGINE=InnoDB AUTO_INCREMENT=692 DEFAULT CHARSET=utf8 COMMENT='商品规格值表';

/*Data for the table `cn_good_spec_value` */

insert  into `cn_good_spec_value`(`id`,`good_id`,`category_spec_id`,`spec_value`,`status`) values (679,95,25,'1',1),(680,95,25,'2',1),(681,95,25,'4',1),(688,214,26,'b',1),(689,214,26,'c',1),(690,214,27,'2',1),(691,214,27,'3',1);

/*Table structure for table `cn_news` */

DROP TABLE IF EXISTS `cn_news`;

CREATE TABLE `cn_news` (
  `id` bigint(20) DEFAULT NULL,
  `title` varchar(255) DEFAULT '' COMMENT '标题',
  `summary` varchar(255) DEFAULT '' COMMENT '摘要',
  `content` varchar(255) DEFAULT '' COMMENT '内容',
  `pub_time` datetime DEFAULT NULL COMMENT '发布时间',
  `create_by` bigint(20) DEFAULT NULL,
  `update_time` datetime DEFAULT NULL COMMENT '修改时间',
  `update_by` bigint(20) DEFAULT NULL
) ENGINE=InnoDB DEFAULT CHARSET=utf8;

/*Data for the table `cn_news` */

/*Table structure for table `cn_order` */

DROP TABLE IF EXISTS `cn_order`;

CREATE TABLE `cn_order` (
  `id` int(11) unsigned NOT NULL AUTO_INCREMENT COMMENT '主键',
  `order_no` varchar(50) NOT NULL COMMENT '订单编号',
  `total_money` decimal(16,2) NOT NULL DEFAULT '0.00' COMMENT '订单总额',
  `order_status` tinyint(1) unsigned NOT NULL DEFAULT '0' COMMENT '订单状态 0:待支付 1:待支付关闭 2:已付款，待发货  3:待收货 4:已收货 5:待评价 6:申请退款 7:退款完成 8:已完成订单',
  `user_id` int(11) NOT NULL DEFAULT '1' COMMENT '用户id',
  `created_time` datetime NOT NULL COMMENT '订单提交时间',
  `pay_time` datetime DEFAULT NULL COMMENT '订单支付时间',
  `delivery_time` datetime DEFAULT NULL COMMENT '发货时间',
  `receiving_time` datetime DEFAULT NULL COMMENT '收货时间',
  `refund_period` datetime DEFAULT NULL COMMENT '申请退款时间',
  `refund_complete_period` datetime DEFAULT NULL COMMENT '退款完成时间',
  `detailed_address` varchar(255) DEFAULT NULL COMMENT '详细地址',
  `area` varchar(20) DEFAULT NULL COMMENT '区',
  `city` varchar(20) DEFAULT NULL COMMENT '市',
  `province` varchar(20) DEFAULT NULL COMMENT '省',
  `consignee` varchar(10) NOT NULL COMMENT '收货人',
  `postcode` varchar(20) DEFAULT '0' COMMENT '邮编',
  `tel` varchar(20) NOT NULL COMMENT '收货人手机号',
  `express_number` varchar(100) DEFAULT '0' COMMENT '快递单号',
  `express_company_no` varchar(20) DEFAULT '' COMMENT '快递公司编号',
  `express_company_name` varchar(255) DEFAULT NULL COMMENT '快递公司名称',
  `express_type` tinyint(10) DEFAULT NULL COMMENT '快递类型 0：自主发货 1：快递发货',
  `delivery_person_tel` varchar(255) DEFAULT NULL COMMENT '配送人电话号码',
  `note` varchar(1000) DEFAULT NULL COMMENT '备注',
  `freight` decimal(10,0) DEFAULT NULL COMMENT '运费',
  `vir_del` int(10) DEFAULT '0' COMMENT '虚拟删除 0：未删除 1：删除',
  `consignor_id` int(11) DEFAULT NULL COMMENT '发货代理商id',
  PRIMARY KEY (`id`)
) ENGINE=InnoDB AUTO_INCREMENT=151 DEFAULT CHARSET=utf8 COMMENT='订单主表';

/*Data for the table `cn_order` */

insert  into `cn_order`(`id`,`order_no`,`total_money`,`order_status`,`user_id`,`created_time`,`pay_time`,`delivery_time`,`receiving_time`,`refund_period`,`refund_complete_period`,`detailed_address`,`area`,`city`,`province`,`consignee`,`postcode`,`tel`,`express_number`,`express_company_no`,`express_company_name`,`express_type`,`delivery_person_tel`,`note`,`freight`,`vir_del`,`consignor_id`) values (132,'20180627103520f6ahi','702.00',1,9,'2018-06-27 10:35:21',NULL,NULL,NULL,NULL,NULL,'上海市人民政府办公厅组织','卢湾区','上海市','上海市','李五','147852','17698522148','0','',NULL,NULL,NULL,NULL,'0',0,NULL),(133,'20180627020101tzmlz','75.00',3,10,'2018-06-27 14:01:02',NULL,'2018-06-30 15:12:15',NULL,NULL,NULL,'明发商业广场13楼','包河区','合肥市','安徽省','广品汇','000000','18888888888','12345','YD4','韵达快递',1,NULL,NULL,'0',0,1),(134,'20180627020213mgp3o','328.00',1,22,'2018-06-27 14:02:13',NULL,NULL,NULL,NULL,NULL,'龙与虎','延庆县','县','北京市','嘛事','653458','15635856874','0','',NULL,NULL,NULL,NULL,'0',1,NULL),(135,'20180627022041ubw3k','1745.00',3,22,'2018-06-27 14:20:42','2018-06-27 14:20:52','2018-06-30 22:37:50',NULL,NULL,NULL,'今生今世看手机','卢湾区','上海市','上海市','卡夹','805234','18856582519','tttt','QFKD','全峰快递',1,NULL,NULL,'0',1,1),(136,'20180628090035eznfs','1300.00',0,9,'2018-06-28 09:00:35',NULL,NULL,NULL,NULL,NULL,'四里河路明发商业广场13楼1325室','庐阳区','合肥市','安徽省','宋许超','340000','17682153207','0','',NULL,NULL,NULL,'测试','0',0,NULL),(137,'20180628100445qvfaf','584.00',1,9,'2018-06-28 10:04:58',NULL,NULL,NULL,NULL,NULL,'四里河路明发商业广场13楼1325室','庐阳区','合肥市','安徽省','宋许超','340000','17682153207','0','',NULL,NULL,NULL,NULL,'20',0,NULL),(138,'20180628043653r0oca','2541.00',3,10,'2018-06-28 16:36:53','2018-06-29 15:57:37','2018-07-02 15:36:37',NULL,NULL,NULL,'歌手是谁世界上那你','大观区','安庆市','安徽省','哈哈哈','000000','15605655945','11','EMS','EMS',1,NULL,NULL,'0',0,1),(139,'20180628044439nj8d1','2112.00',0,13,'2018-06-28 16:44:40',NULL,NULL,NULL,NULL,NULL,'哈哈','大观区','安庆市','安徽省','哈哈','12358','1300000000','0','',NULL,NULL,NULL,NULL,'0',0,NULL),(140,'20180629025711udagv','134.00',3,22,'2018-06-29 14:57:12','2018-06-29 16:24:06','2018-07-02 17:28:55',NULL,NULL,NULL,'静默','大观区','安庆市','安徽省','一周\nSOHO','6582588','18564804168','基本技能','EMS','EMS',1,NULL,NULL,'0',0,1),(141,'201806290257541e2f7','114.00',3,22,'2018-06-29 14:57:55','2018-06-29 16:30:30','2018-06-29 16:32:30',NULL,NULL,NULL,'静默','大观区','安庆市','安徽省','一周\nSOHO','6582588','18564804168','0','',NULL,0,'123456',NULL,'0',0,1),(142,'20180629025902qzzcw','75.00',3,22,'2018-06-29 14:59:02','2018-06-29 16:29:35','2018-07-04 15:36:32',NULL,NULL,NULL,'静默','大观区','安庆市','安徽省','一周\nSOHO','6582588','18564804168','0','',NULL,0,'888',NULL,'0',0,1),(143,'20180629025920puvly','75.00',0,22,'2018-06-29 14:59:20',NULL,NULL,NULL,NULL,NULL,'静默','大观区','安庆市','安徽省','一周\nSOHO','6582588','18564804168','0','',NULL,NULL,NULL,NULL,'0',0,NULL),(144,'20180629030145ka340','130.00',4,22,'2018-06-29 15:01:46','2018-06-29 15:02:59','2018-06-29 15:03:47',NULL,NULL,NULL,'静默','大观区','安庆市','安徽省','一周\nSOHO','6582588','18564804168','0','',NULL,0,'123456',NULL,'0',0,1),(145,'20180629041308lmyr8','234.00',3,10,'2018-06-29 16:13:09','2018-06-29 16:24:19','2018-07-05 12:43:29',NULL,NULL,NULL,'歌手是谁世界上那你','大观区','安庆市','安徽省','哈哈哈','000000','15605655945','sssssssss','QFKD','全峰快递',1,NULL,NULL,'0',0,1),(146,'20180629041736i12e0','405.00',0,22,'2018-06-29 16:17:37',NULL,NULL,NULL,NULL,NULL,'静默','大观区','安庆市','安徽省','一周\nSOHO','6582588','18564804168','0','',NULL,NULL,NULL,NULL,'0',0,NULL),(147,'20180629042435crv43','468.00',0,10,'2018-06-29 16:24:35',NULL,NULL,NULL,NULL,NULL,'歌手是谁世界上那你','大观区','安庆市','安徽省','哈哈哈','000000','15605655945','0','',NULL,NULL,NULL,NULL,'0',0,NULL),(148,'20180629042557xb43b','75.00',0,22,'2018-06-29 16:25:58',NULL,NULL,NULL,NULL,NULL,'静默','大观区','安庆市','安徽省','一周\nSOHO','6582588','18564804168','0','',NULL,NULL,NULL,NULL,'0',0,NULL),(149,'20180629090829ciyzz','912.00',0,10,'2018-06-29 21:08:29',NULL,NULL,NULL,NULL,NULL,'歌手是谁世界上那你','大观区','安庆市','安徽省','哈哈哈','000000','15605655945','0','',NULL,NULL,NULL,NULL,'0',0,NULL),(150,'20180630111829h7j0o','234.00',3,22,'2018-06-30 11:18:30','2018-06-30 11:18:36','2018-07-05 16:51:15',NULL,NULL,NULL,'静默','大观区','安庆市','安徽省','一周\nSOHO','6582588','18564804168','11111111111','EMS','EMS',1,NULL,NULL,'0',0,1);

/*Table structure for table `cn_order_good` */

DROP TABLE IF EXISTS `cn_order_good`;

CREATE TABLE `cn_order_good` (
  `id` int(11) NOT NULL AUTO_INCREMENT COMMENT '主键',
  `order_no` varchar(50) NOT NULL COMMENT '订单id',
  `good_id` int(11) NOT NULL,
  `good_spec_price_id` int(11) NOT NULL COMMENT '商品规格价格id',
  `amount` int(10) NOT NULL COMMENT '商品购买数量',
  PRIMARY KEY (`id`)
) ENGINE=InnoDB AUTO_INCREMENT=99 DEFAULT CHARSET=utf8;

/*Data for the table `cn_order_good` */

insert  into `cn_order_good`(`id`,`order_no`,`good_id`,`good_spec_price_id`,`amount`) values (1,'1',1,45,2),(2,'20180530024541r6ps1',1,48,5),(3,'20180530024541r6ps1',1,45,8),(4,'201805300247146hxqz',40,48,5),(5,'201805300247146hxqz',40,45,8),(6,'20180530024803h52n5',1,48,5),(7,'20180530024803h52n5',1,45,8),(8,'20180530030155rpl7t',1,48,5),(9,'20180530030155rpl7t',1,45,8),(10,'20180530030438vgnr7',1,48,5),(11,'20180530030438vgnr7',1,45,8),(12,'20180530032302qzqos',1,48,5),(13,'20180530032302qzqos',1,45,8),(14,'20180530033415h8plw',1,48,5),(15,'20180530033415h8plw',1,45,8),(16,'20180530033651ykleb',1,48,5),(17,'20180530033651ykleb',1,45,8),(18,'201805300338552u6uh',44,46,5),(19,'201805300338552u6uh',45,45,8),(20,'20180530040030ihszd',1,48,5),(21,'20180530040030ihszd',1,45,8),(22,'201805300752298tuh1',42,48,5),(23,'201805300752298tuh1',43,45,8),(24,'201805310858305ip6l',40,48,3),(25,'201805310858305ip6l',41,45,45),(26,'20180613050624z1l79',41,47,5),(27,'20180613050808j2t8r',41,47,5),(28,'20180613051214a845k',41,47,5),(29,'20180613052400ocnbo',41,3,2),(30,'201806130804156e0sk',41,42,5),(31,'20180614085149fj7p2',41,42,5555),(32,'20180614085307z74kr',41,45,1),(33,'201806140911438ovlt',41,41,3),(34,'201806140911438ovlt',41,41,1),(35,'20180614105922wu4f5',41,46,5),(36,'20180614041123ww0sb',90,153,2),(37,'20180614045054pumvu',90,153,1),(38,'20180620064115zwklx',96,195,1),(39,'20180621093757u3cfh',95,181,1),(40,'20180621093913cn2wp',95,178,1),(41,'20180621094037vpd33',95,178,1),(42,'20180621095229ymmbu',95,182,1),(43,'201806210954238qatv',95,185,1),(44,'20180621101441f93l5',95,175,1),(45,'20180621102734nuav9',95,182,1),(46,'20180621103901xqhzl',95,178,1),(47,'20180621104048386hl',96,194,1),(48,'20180621114409e4ux6',95,181,1),(49,'20180621022218o4qas',95,179,1),(50,'20180621022218dwc45',95,179,1),(51,'20180621022218co7tn',95,179,1),(52,'20180621022218h04ek',95,179,1),(53,'20180621022218ehri5',95,179,1),(54,'20180621022218qc9kw',95,179,1),(55,'20180621022218m9fks',95,179,1),(56,'20180621022238rpzpr',95,176,1),(57,'2018062102361285mod',95,175,1),(58,'20180621023816knz46',96,191,1),(59,'20180621024152dq2h6',96,192,1),(60,'20180621024427hpgw4',96,191,1),(61,'20180621030905rakeb',95,182,1),(62,'20180621031033cmfnt',96,191,1),(63,'20180621031145b5hwp',95,176,3),(64,'201806210311563ng9s',95,178,1),(65,'20180621031221zcja0',95,178,1),(66,'20180621031747igpes',96,195,1),(67,'20180621031806y649c',95,178,4),(68,'20180621031904behdx',95,179,1),(69,'201806210322397h7bb',95,182,1),(70,'20180621032425i2q4g',95,179,2),(71,'20180621032449yh4j9',96,195,1),(72,'2018062103482036134',95,179,1),(73,'20180621042032hd78x',95,180,1),(74,'20180621042803ppyzz',95,174,1),(75,'20180621043207x1ri4',95,178,1),(76,'20180621043749wiime',95,179,4),(77,'20180621044422k49j2',95,176,2),(78,'20180621044643uh5l5',95,185,1),(79,'201806210448509u6sa',95,176,1),(80,'20180621045022bumbb',95,182,1),(81,'20180621045659z40uq',95,176,2),(82,'20180621050349to05m',95,174,1),(83,'20180621051326slkok',95,176,1),(84,'20180621051823s1jn4',95,182,1),(85,'20180621052149f0obo',95,185,1),(86,'201806210526187b2m7',95,179,1),(87,'20180621053209rav7e',95,176,1),(88,'20180621054214jf674',95,184,1),(89,'20180621055208s2ivm',95,185,1),(90,'20180621055852vc9pt',95,185,1),(91,'20180621060023avrg1',95,182,1),(92,'20180621060256lo511',95,182,1),(93,'20180621060410w9xwh',95,182,1),(94,'20180622091816gqvyl',95,181,1),(95,'20180622101326c4l5u',95,182,1),(96,'20180622110232ys54k',96,195,1),(97,'20180622111951y7dtc',95,175,1),(98,'201806221120000qekn',95,175,1);

/*Table structure for table `cn_user` */

DROP TABLE IF EXISTS `cn_user`;

CREATE TABLE `cn_user` (
  `user_id` bigint(20) unsigned NOT NULL AUTO_INCREMENT COMMENT '用户ID',
  `id_card` varchar(50) DEFAULT NULL COMMENT '身份证号码',
  `user_number` varchar(50) DEFAULT NULL COMMENT '用户编号',
  `phone` varchar(12) NOT NULL DEFAULT '' COMMENT '手机号',
  `password` varchar(100) NOT NULL DEFAULT '' COMMENT '密码',
  `salt` varchar(20) DEFAULT NULL COMMENT '盐',
  `user_name` varchar(30) DEFAULT NULL COMMENT '用户昵称',
  `real_name` varchar(30) DEFAULT NULL COMMENT '真实姓名',
  `sex` tinyint(1) DEFAULT NULL COMMENT '性别',
  `birth` date DEFAULT NULL COMMENT '出生日期',
  `age` tinyint(4) DEFAULT NULL COMMENT '年龄',
  `pic_img` varchar(255) DEFAULT '' COMMENT '用户头像',
  `status` tinyint(1) DEFAULT '0' COMMENT '状态 0=冻结/1=正常',
  `amount` varchar(255) DEFAULT NULL COMMENT '总金额',
  `user_type` varchar(2) DEFAULT '0' COMMENT '用户类型',
  `regeist_time` datetime DEFAULT NULL COMMENT '注册时间',
  `create_by` varchar(64) DEFAULT NULL COMMENT '创建者',
  `update_time` datetime DEFAULT NULL COMMENT '修改时间',
  `update_by` varchar(64) DEFAULT NULL COMMENT '修改人',
  `idcard_front_img` varchar(200) DEFAULT NULL COMMENT '身份证正面照',
  `idcard_back_img` varchar(200) DEFAULT NULL COMMENT '身份证反面照',
  PRIMARY KEY (`user_id`)
) ENGINE=InnoDB AUTO_INCREMENT=24 DEFAULT CHARSET=utf8 COMMENT='用户表';

/*Data for the table `cn_user` */

insert  into `cn_user`(`user_id`,`id_card`,`user_number`,`phone`,`password`,`salt`,`user_name`,`real_name`,`sex`,`birth`,`age`,`pic_img`,`status`,`amount`,`user_type`,`regeist_time`,`create_by`,`update_time`,`update_by`,`idcard_front_img`,`idcard_back_img`) values (8,NULL,NULL,'13485722069','8d969eef6ecad3c29a3a629280e686cf0c3f5d5a86aff3ca12020c923adc6c92',NULL,'13485722069',NULL,0,'2018-06-26',NULL,'',NULL,NULL,'0','2018-06-09 09:05:16',NULL,'2018-06-30 09:44:57','admin',NULL,NULL),(9,NULL,NULL,'17682153207','8d969eef6ecad3c29a3a629280e686cf0c3f5d5a86aff3ca12020c923adc6c92',NULL,'Jack ',NULL,NULL,NULL,NULL,'',NULL,NULL,'0','2018-06-11 17:13:42',NULL,'2018-07-16 14:02:23','admin',NULL,NULL),(10,NULL,NULL,'18155122471','15e2b0d3c33891ebb0f1ef609ec419420c20e320ce94c65fbc8c3312448eb225',NULL,'王老板',NULL,NULL,NULL,NULL,'',NULL,NULL,'0','2018-06-11 18:27:41',NULL,'2018-07-16 14:02:04','admin',NULL,NULL),(11,NULL,NULL,'17755152862','',NULL,'17755152862',NULL,NULL,NULL,NULL,'',NULL,NULL,'0','2018-06-22 11:00:07',NULL,NULL,NULL,NULL,NULL),(12,NULL,NULL,'15256036352','',NULL,'原子弹',NULL,NULL,NULL,NULL,'',NULL,NULL,'0','2018-06-25 11:28:38',NULL,NULL,NULL,NULL,NULL),(13,NULL,NULL,'18356087258','',NULL,'18356087258',NULL,NULL,NULL,NULL,'',NULL,NULL,'0','2018-06-25 11:38:47',NULL,NULL,NULL,NULL,NULL),(14,NULL,NULL,'18133637706','',NULL,'18133637706',NULL,NULL,NULL,NULL,'',NULL,NULL,'0','2018-06-25 14:28:44',NULL,NULL,NULL,NULL,NULL),(15,NULL,NULL,'18856001958','',NULL,'18856001958',NULL,NULL,NULL,NULL,'',NULL,NULL,'0','2018-06-25 14:41:13',NULL,NULL,NULL,NULL,NULL),(16,NULL,NULL,'13956976379','',NULL,'13956976379',NULL,NULL,NULL,NULL,'',NULL,NULL,'0','2018-06-25 14:41:29',NULL,NULL,NULL,NULL,NULL),(17,NULL,NULL,'13093381314','',NULL,'13093381314',NULL,NULL,NULL,NULL,'',NULL,NULL,'0','2018-06-25 14:41:35',NULL,NULL,NULL,NULL,NULL),(18,NULL,NULL,'18956466130','',NULL,'18956466130',NULL,NULL,NULL,NULL,'',NULL,NULL,'0','2018-06-25 14:41:43',NULL,NULL,NULL,NULL,NULL),(19,NULL,NULL,'18856980642','15e2b0d3c33891ebb0f1ef609ec419420c20e320ce94c65fbc8c3312448eb225',NULL,'',NULL,NULL,NULL,NULL,'',NULL,NULL,'0','2018-06-25 14:43:00',NULL,NULL,NULL,NULL,NULL),(20,NULL,NULL,'18214832895','',NULL,'18214832895',NULL,NULL,NULL,NULL,'',NULL,NULL,'0','2018-06-25 14:43:32',NULL,NULL,NULL,NULL,NULL),(21,NULL,NULL,'15609685001','',NULL,'15609685001',NULL,NULL,NULL,NULL,'',0,NULL,'0','2018-06-27 09:42:19',NULL,NULL,NULL,NULL,NULL),(22,NULL,NULL,'18734804160','',NULL,NULL,NULL,NULL,NULL,NULL,'',0,NULL,'0','2018-06-27 11:03:52',NULL,NULL,NULL,NULL,NULL),(23,NULL,NULL,'13033087652','',NULL,'13033087652',NULL,NULL,NULL,NULL,'',0,NULL,'0','2018-06-29 15:34:03',NULL,NULL,NULL,NULL,NULL);

/*Table structure for table `qrtz_blob_triggers` */

DROP TABLE IF EXISTS `qrtz_blob_triggers`;

CREATE TABLE `qrtz_blob_triggers` (
  `SCHED_NAME` varchar(120) NOT NULL,
  `TRIGGER_NAME` varchar(200) NOT NULL,
  `TRIGGER_GROUP` varchar(200) NOT NULL,
  `BLOB_DATA` blob,
  PRIMARY KEY (`SCHED_NAME`,`TRIGGER_NAME`,`TRIGGER_GROUP`),
  KEY `SCHED_NAME` (`SCHED_NAME`,`TRIGGER_NAME`,`TRIGGER_GROUP`) USING BTREE,
  CONSTRAINT `qrtz_blob_triggers_ibfk_1` FOREIGN KEY (`SCHED_NAME`, `TRIGGER_NAME`, `TRIGGER_GROUP`) REFERENCES `qrtz_triggers` (`SCHED_NAME`, `TRIGGER_NAME`, `TRIGGER_GROUP`)
) ENGINE=InnoDB DEFAULT CHARSET=utf8;

/*Data for the table `qrtz_blob_triggers` */

/*Table structure for table `qrtz_calendars` */

DROP TABLE IF EXISTS `qrtz_calendars`;

CREATE TABLE `qrtz_calendars` (
  `SCHED_NAME` varchar(120) NOT NULL,
  `CALENDAR_NAME` varchar(200) NOT NULL,
  `CALENDAR` blob NOT NULL,
  PRIMARY KEY (`SCHED_NAME`,`CALENDAR_NAME`)
) ENGINE=InnoDB DEFAULT CHARSET=utf8;

/*Data for the table `qrtz_calendars` */

/*Table structure for table `qrtz_cron_triggers` */

DROP TABLE IF EXISTS `qrtz_cron_triggers`;

CREATE TABLE `qrtz_cron_triggers` (
  `SCHED_NAME` varchar(120) NOT NULL,
  `TRIGGER_NAME` varchar(200) NOT NULL,
  `TRIGGER_GROUP` varchar(200) NOT NULL,
  `CRON_EXPRESSION` varchar(120) NOT NULL,
  `TIME_ZONE_ID` varchar(80) DEFAULT NULL,
  PRIMARY KEY (`SCHED_NAME`,`TRIGGER_NAME`,`TRIGGER_GROUP`),
  CONSTRAINT `qrtz_cron_triggers_ibfk_1` FOREIGN KEY (`SCHED_NAME`, `TRIGGER_NAME`, `TRIGGER_GROUP`) REFERENCES `qrtz_triggers` (`SCHED_NAME`, `TRIGGER_NAME`, `TRIGGER_GROUP`)
) ENGINE=InnoDB DEFAULT CHARSET=utf8;

/*Data for the table `qrtz_cron_triggers` */

insert  into `qrtz_cron_triggers`(`SCHED_NAME`,`TRIGGER_NAME`,`TRIGGER_GROUP`,`CRON_EXPRESSION`,`TIME_ZONE_ID`) values ('RenrenScheduler','TASK_2','DEFAULT','0 0/30 * * * ?','Asia/Shanghai'),('RenrenScheduler','TASK_3','DEFAULT','0 0/30 * * * ?','Asia/Shanghai'),('RenrenScheduler','TASK_4','DEFAULT','0 0/30 * * * ?','Asia/Shanghai');

/*Table structure for table `qrtz_fired_triggers` */

DROP TABLE IF EXISTS `qrtz_fired_triggers`;

CREATE TABLE `qrtz_fired_triggers` (
  `SCHED_NAME` varchar(120) NOT NULL,
  `ENTRY_ID` varchar(95) NOT NULL,
  `TRIGGER_NAME` varchar(200) NOT NULL,
  `TRIGGER_GROUP` varchar(200) NOT NULL,
  `INSTANCE_NAME` varchar(200) NOT NULL,
  `FIRED_TIME` bigint(13) NOT NULL,
  `SCHED_TIME` bigint(13) NOT NULL,
  `PRIORITY` int(11) NOT NULL,
  `STATE` varchar(16) NOT NULL,
  `JOB_NAME` varchar(200) DEFAULT NULL,
  `JOB_GROUP` varchar(200) DEFAULT NULL,
  `IS_NONCONCURRENT` varchar(1) DEFAULT NULL,
  `REQUESTS_RECOVERY` varchar(1) DEFAULT NULL,
  PRIMARY KEY (`SCHED_NAME`,`ENTRY_ID`),
  KEY `IDX_QRTZ_FT_TRIG_INST_NAME` (`SCHED_NAME`,`INSTANCE_NAME`) USING BTREE,
  KEY `IDX_QRTZ_FT_INST_JOB_REQ_RCVRY` (`SCHED_NAME`,`INSTANCE_NAME`,`REQUESTS_RECOVERY`) USING BTREE,
  KEY `IDX_QRTZ_FT_J_G` (`SCHED_NAME`,`JOB_NAME`,`JOB_GROUP`) USING BTREE,
  KEY `IDX_QRTZ_FT_JG` (`SCHED_NAME`,`JOB_GROUP`) USING BTREE,
  KEY `IDX_QRTZ_FT_T_G` (`SCHED_NAME`,`TRIGGER_NAME`,`TRIGGER_GROUP`) USING BTREE,
  KEY `IDX_QRTZ_FT_TG` (`SCHED_NAME`,`TRIGGER_GROUP`) USING BTREE
) ENGINE=InnoDB DEFAULT CHARSET=utf8;

/*Data for the table `qrtz_fired_triggers` */

/*Table structure for table `qrtz_job_details` */

DROP TABLE IF EXISTS `qrtz_job_details`;

CREATE TABLE `qrtz_job_details` (
  `SCHED_NAME` varchar(120) NOT NULL,
  `JOB_NAME` varchar(200) NOT NULL,
  `JOB_GROUP` varchar(200) NOT NULL,
  `DESCRIPTION` varchar(250) DEFAULT NULL,
  `JOB_CLASS_NAME` varchar(250) NOT NULL,
  `IS_DURABLE` varchar(1) NOT NULL,
  `IS_NONCONCURRENT` varchar(1) NOT NULL,
  `IS_UPDATE_DATA` varchar(1) NOT NULL,
  `REQUESTS_RECOVERY` varchar(1) NOT NULL,
  `JOB_DATA` blob,
  PRIMARY KEY (`SCHED_NAME`,`JOB_NAME`,`JOB_GROUP`),
  KEY `IDX_QRTZ_J_REQ_RECOVERY` (`SCHED_NAME`,`REQUESTS_RECOVERY`) USING BTREE,
  KEY `IDX_QRTZ_J_GRP` (`SCHED_NAME`,`JOB_GROUP`) USING BTREE
) ENGINE=InnoDB DEFAULT CHARSET=utf8;

/*Data for the table `qrtz_job_details` */

insert  into `qrtz_job_details`(`SCHED_NAME`,`JOB_NAME`,`JOB_GROUP`,`DESCRIPTION`,`JOB_CLASS_NAME`,`IS_DURABLE`,`IS_NONCONCURRENT`,`IS_UPDATE_DATA`,`REQUESTS_RECOVERY`,`JOB_DATA`) values ('RenrenScheduler','TASK_1','DEFAULT',NULL,'com.cnadmart.modules.job.utils.ScheduleJob','0','0','0','0','ͭ\0sr\0org.quartz.JobDataMap߰Ĩߩы\0\0xr\0&org.quartz.utils.StringKeyDirtyFlagMap鄻Ɲ(\0Z\0allowsTransientDataxr\0org.quartz.utils.DirtyFlagMap殭(v\n΂\0Z\0dirtyL\0mapt\0Ljava/util/Map;xpsr\0java.util.HashMapہÖ`у\0F\0\nloadFactorI\0	thresholdxp?@\0\0\0\0\0w\0\0\0\0\0\0t\0\rJOB_PARAM_KEYsr\0.io.renren.modules.job.entity.ScheduleJobEntity\0\0\0\0\0\0\0\0L\0beanNamet\0Ljava/lang/String;L\0\ncreateTimet\0Ljava/util/Date;L\0cronExpressionq\0~\0	L\0jobIdt\0Ljava/lang/Long;L\0\nmethodNameq\0~\0	L\0paramsq\0~\0	L\0remarkq\0~\0	L\0statust\0Ljava/lang/Integer;xpt\0testTasksr\0java.util.DatehjAKYt\0\0xpw\0\0X۵Ӱxt\00 0/30 * * * ?sr\0java.lang.Long;̤ьϣ߂\0J\0valuexr\0java.lang.NumberƬ՝ՠ˂\0\0xp\0\0\0\0\0\0\0t\0testt\0renrent\0有参数测试sr\0java.lang.Integer⠤��\0I\0valuexq\0~\0\0\0\0\0x\0'),('RenrenScheduler','TASK_2','DEFAULT',NULL,'com.cnadmart.modules.job.utils.ScheduleJob','0','0','0','1','ͭ\0sr\0org.quartz.JobDataMap߰Ĩߩы\0\0xr\0&org.quartz.utils.StringKeyDirtyFlagMap鄻Ɲ(\0Z\0allowsTransientDataxr\0org.quartz.utils.DirtyFlagMap殭(v\n΂\0Z\0dirtyL\0mapt\0Ljava/util/Map;xpsr\0java.util.HashMapہÖ`у\0F\0\nloadFactorI\0	thresholdxp?@\0\0\0\0\0w\0\0\0\0\0\0t\0\rJOB_PARAM_KEYsr\0.io.renren.modules.job.entity.ScheduleJobEntity\0\0\0\0\0\0\0\0L\0beanNamet\0Ljava/lang/String;L\0\ncreateTimet\0Ljava/util/Date;L\0cronExpressionq\0~\0	L\0jobIdt\0Ljava/lang/Long;L\0\nmethodNameq\0~\0	L\0paramsq\0~\0	L\0remarkq\0~\0	L\0statust\0Ljava/lang/Integer;xpt\0testTasksr\0java.util.DatehjAKYt\0\0xpw\0\0XķŠxt\00 0/30 * * * ?sr\0java.lang.Long;̤ьϣ߂\0J\0valuexr\0java.lang.NumberƬ՝ՠ˂\0\0xp\0\0\0\0\0\0\0t\0test2pt\0无参数测试sr\0java.lang.Integer⠤��\0I\0valuexq\0~\0\0\0\0x\0'),('RenrenScheduler','TASK_3','DEFAULT',NULL,'com.cnadmart.modules.job.utils.ScheduleJob','0','0','0','0','ͭ\0sr\0org.quartz.JobDataMap߰Ĩߩы\0\0xr\0&org.quartz.utils.StringKeyDirtyFlagMap鄻Ɲ(\0Z\0allowsTransientDataxr\0org.quartz.utils.DirtyFlagMap殭(v\n΂\0Z\0dirtyL\0mapt\0Ljava/util/Map;xpsr\0java.util.HashMapہÖ`у\0F\0\nloadFactorI\0	thresholdxp?@\0\0\0\0\0w\0\0\0\0\0\0t\0\rJOB_PARAM_KEYsr\0.io.renren.modules.job.entity.ScheduleJobEntity\0\0\0\0\0\0\0\0L\0beanNamet\0Ljava/lang/String;L\0\ncreateTimet\0Ljava/util/Date;L\0cronExpressionq\0~\0	L\0jobIdt\0Ljava/lang/Long;L\0\nmethodNameq\0~\0	L\0paramsq\0~\0	L\0remarkq\0~\0	L\0statust\0Ljava/lang/Integer;xpt\0testTasksr\0java.util.DatehjAKYt\0\0xpw\0\0X۵Ӱxt\00 0/30 * * * ?sr\0java.lang.Long;̤ьϣ߂\0J\0valuexr\0java.lang.NumberƬ՝ՠ˂\0\0xp\0\0\0\0\0\0\0t\0testt\0renrent\0有参数测试sr\0java.lang.Integer⠤��\0I\0valuexq\0~\0\0\0\0x\0'),('RenrenScheduler','TASK_4','DEFAULT',NULL,'com.cnadmart.modules.job.utils.ScheduleJob','0','0','0','0','ͭ\0sr\0org.quartz.JobDataMap߰Ĩߩы\0\0xr\0&org.quartz.utils.StringKeyDirtyFlagMap鄻Ɲ(\0Z\0allowsTransientDataxr\0org.quartz.utils.DirtyFlagMap殭(v\n΂\0Z\0dirtyL\0mapt\0Ljava/util/Map;xpsr\0java.util.HashMapہÖ`у\0F\0\nloadFactorI\0	thresholdxp?@\0\0\0\0\0w\0\0\0\0\0\0t\0\rJOB_PARAM_KEYsr\0.io.renren.modules.job.entity.ScheduleJobEntity\0\0\0\0\0\0\0\0L\0beanNamet\0Ljava/lang/String;L\0\ncreateTimet\0Ljava/util/Date;L\0cronExpressionq\0~\0	L\0jobIdt\0Ljava/lang/Long;L\0\nmethodNameq\0~\0	L\0paramsq\0~\0	L\0remarkq\0~\0	L\0statust\0Ljava/lang/Integer;xpt\0testTasksr\0java.util.DatehjAKYt\0\0xpw\0\0XķŠxt\00 0/30 * * * ?sr\0java.lang.Long;̤ьϣ߂\0J\0valuexr\0java.lang.NumberƬ՝ՠ˂\0\0xp\0\0\0\0\0\0\0t\0test2pt\0无参数测试sr\0java.lang.Integer⠤��\0I\0valuexq\0~\0\0\0\0x\0');

/*Table structure for table `qrtz_locks` */

DROP TABLE IF EXISTS `qrtz_locks`;

CREATE TABLE `qrtz_locks` (
  `SCHED_NAME` varchar(120) NOT NULL,
  `LOCK_NAME` varchar(40) NOT NULL,
  PRIMARY KEY (`SCHED_NAME`,`LOCK_NAME`)
) ENGINE=InnoDB DEFAULT CHARSET=utf8;

/*Data for the table `qrtz_locks` */

insert  into `qrtz_locks`(`SCHED_NAME`,`LOCK_NAME`) values ('RenrenScheduler','STATE_ACCESS'),('RenrenScheduler','TRIGGER_ACCESS');

/*Table structure for table `qrtz_paused_trigger_grps` */

DROP TABLE IF EXISTS `qrtz_paused_trigger_grps`;

CREATE TABLE `qrtz_paused_trigger_grps` (
  `SCHED_NAME` varchar(120) NOT NULL,
  `TRIGGER_GROUP` varchar(200) NOT NULL,
  PRIMARY KEY (`SCHED_NAME`,`TRIGGER_GROUP`)
) ENGINE=InnoDB DEFAULT CHARSET=utf8;

/*Data for the table `qrtz_paused_trigger_grps` */

/*Table structure for table `qrtz_scheduler_state` */

DROP TABLE IF EXISTS `qrtz_scheduler_state`;

CREATE TABLE `qrtz_scheduler_state` (
  `SCHED_NAME` varchar(120) NOT NULL,
  `INSTANCE_NAME` varchar(200) NOT NULL,
  `LAST_CHECKIN_TIME` bigint(13) NOT NULL,
  `CHECKIN_INTERVAL` bigint(13) NOT NULL,
  PRIMARY KEY (`SCHED_NAME`,`INSTANCE_NAME`)
) ENGINE=InnoDB DEFAULT CHARSET=utf8;

/*Data for the table `qrtz_scheduler_state` */

insert  into `qrtz_scheduler_state`(`SCHED_NAME`,`INSTANCE_NAME`,`LAST_CHECKIN_TIME`,`CHECKIN_INTERVAL`) values ('FreeterScheduler','Arial1536045714605',1536046367315,15000),('RenrenScheduler','Arial1534838032503',1534856992096,15000);

/*Table structure for table `qrtz_simple_triggers` */

DROP TABLE IF EXISTS `qrtz_simple_triggers`;

CREATE TABLE `qrtz_simple_triggers` (
  `SCHED_NAME` varchar(120) NOT NULL,
  `TRIGGER_NAME` varchar(200) NOT NULL,
  `TRIGGER_GROUP` varchar(200) NOT NULL,
  `REPEAT_COUNT` bigint(7) NOT NULL,
  `REPEAT_INTERVAL` bigint(12) NOT NULL,
  `TIMES_TRIGGERED` bigint(10) NOT NULL,
  PRIMARY KEY (`SCHED_NAME`,`TRIGGER_NAME`,`TRIGGER_GROUP`),
  CONSTRAINT `qrtz_simple_triggers_ibfk_1` FOREIGN KEY (`SCHED_NAME`, `TRIGGER_NAME`, `TRIGGER_GROUP`) REFERENCES `qrtz_triggers` (`SCHED_NAME`, `TRIGGER_NAME`, `TRIGGER_GROUP`)
) ENGINE=InnoDB DEFAULT CHARSET=utf8;

/*Data for the table `qrtz_simple_triggers` */

/*Table structure for table `qrtz_simprop_triggers` */

DROP TABLE IF EXISTS `qrtz_simprop_triggers`;

CREATE TABLE `qrtz_simprop_triggers` (
  `SCHED_NAME` varchar(120) NOT NULL,
  `TRIGGER_NAME` varchar(200) NOT NULL,
  `TRIGGER_GROUP` varchar(200) NOT NULL,
  `STR_PROP_1` varchar(512) DEFAULT NULL,
  `STR_PROP_2` varchar(512) DEFAULT NULL,
  `STR_PROP_3` varchar(512) DEFAULT NULL,
  `INT_PROP_1` int(11) DEFAULT NULL,
  `INT_PROP_2` int(11) DEFAULT NULL,
  `LONG_PROP_1` bigint(20) DEFAULT NULL,
  `LONG_PROP_2` bigint(20) DEFAULT NULL,
  `DEC_PROP_1` decimal(13,4) DEFAULT NULL,
  `DEC_PROP_2` decimal(13,4) DEFAULT NULL,
  `BOOL_PROP_1` varchar(1) DEFAULT NULL,
  `BOOL_PROP_2` varchar(1) DEFAULT NULL,
  PRIMARY KEY (`SCHED_NAME`,`TRIGGER_NAME`,`TRIGGER_GROUP`),
  CONSTRAINT `qrtz_simprop_triggers_ibfk_1` FOREIGN KEY (`SCHED_NAME`, `TRIGGER_NAME`, `TRIGGER_GROUP`) REFERENCES `qrtz_triggers` (`SCHED_NAME`, `TRIGGER_NAME`, `TRIGGER_GROUP`)
) ENGINE=InnoDB DEFAULT CHARSET=utf8;

/*Data for the table `qrtz_simprop_triggers` */

/*Table structure for table `qrtz_triggers` */

DROP TABLE IF EXISTS `qrtz_triggers`;

CREATE TABLE `qrtz_triggers` (
  `SCHED_NAME` varchar(120) NOT NULL,
  `TRIGGER_NAME` varchar(200) NOT NULL,
  `TRIGGER_GROUP` varchar(200) NOT NULL,
  `JOB_NAME` varchar(200) NOT NULL,
  `JOB_GROUP` varchar(200) NOT NULL,
  `DESCRIPTION` varchar(250) DEFAULT NULL,
  `NEXT_FIRE_TIME` bigint(13) DEFAULT NULL,
  `PREV_FIRE_TIME` bigint(13) DEFAULT NULL,
  `PRIORITY` int(11) DEFAULT NULL,
  `TRIGGER_STATE` varchar(16) NOT NULL,
  `TRIGGER_TYPE` varchar(8) NOT NULL,
  `START_TIME` bigint(13) NOT NULL,
  `END_TIME` bigint(13) DEFAULT NULL,
  `CALENDAR_NAME` varchar(200) DEFAULT NULL,
  `MISFIRE_INSTR` smallint(2) DEFAULT NULL,
  `JOB_DATA` blob,
  PRIMARY KEY (`SCHED_NAME`,`TRIGGER_NAME`,`TRIGGER_GROUP`),
  KEY `IDX_QRTZ_T_J` (`SCHED_NAME`,`JOB_NAME`,`JOB_GROUP`) USING BTREE,
  KEY `IDX_QRTZ_T_JG` (`SCHED_NAME`,`JOB_GROUP`) USING BTREE,
  KEY `IDX_QRTZ_T_C` (`SCHED_NAME`,`CALENDAR_NAME`) USING BTREE,
  KEY `IDX_QRTZ_T_G` (`SCHED_NAME`,`TRIGGER_GROUP`) USING BTREE,
  KEY `IDX_QRTZ_T_STATE` (`SCHED_NAME`,`TRIGGER_STATE`) USING BTREE,
  KEY `IDX_QRTZ_T_N_STATE` (`SCHED_NAME`,`TRIGGER_NAME`,`TRIGGER_GROUP`,`TRIGGER_STATE`) USING BTREE,
  KEY `IDX_QRTZ_T_N_G_STATE` (`SCHED_NAME`,`TRIGGER_GROUP`,`TRIGGER_STATE`) USING BTREE,
  KEY `IDX_QRTZ_T_NEXT_FIRE_TIME` (`SCHED_NAME`,`NEXT_FIRE_TIME`) USING BTREE,
  KEY `IDX_QRTZ_T_NFT_ST` (`SCHED_NAME`,`TRIGGER_STATE`,`NEXT_FIRE_TIME`) USING BTREE,
  KEY `IDX_QRTZ_T_NFT_MISFIRE` (`SCHED_NAME`,`MISFIRE_INSTR`,`NEXT_FIRE_TIME`) USING BTREE,
  KEY `IDX_QRTZ_T_NFT_ST_MISFIRE` (`SCHED_NAME`,`MISFIRE_INSTR`,`NEXT_FIRE_TIME`,`TRIGGER_STATE`) USING BTREE,
  KEY `IDX_QRTZ_T_NFT_ST_MISFIRE_GRP` (`SCHED_NAME`,`MISFIRE_INSTR`,`NEXT_FIRE_TIME`,`TRIGGER_GROUP`,`TRIGGER_STATE`) USING BTREE,
  CONSTRAINT `qrtz_triggers_ibfk_1` FOREIGN KEY (`SCHED_NAME`, `JOB_NAME`, `JOB_GROUP`) REFERENCES `qrtz_job_details` (`SCHED_NAME`, `JOB_NAME`, `JOB_GROUP`)
) ENGINE=InnoDB DEFAULT CHARSET=utf8;

/*Data for the table `qrtz_triggers` */

insert  into `qrtz_triggers`(`SCHED_NAME`,`TRIGGER_NAME`,`TRIGGER_GROUP`,`JOB_NAME`,`JOB_GROUP`,`DESCRIPTION`,`NEXT_FIRE_TIME`,`PREV_FIRE_TIME`,`PRIORITY`,`TRIGGER_STATE`,`TRIGGER_TYPE`,`START_TIME`,`END_TIME`,`CALENDAR_NAME`,`MISFIRE_INSTR`,`JOB_DATA`) values ('RenrenScheduler','TASK_2','DEFAULT','TASK_2','DEFAULT',NULL,1524454200000,-1,5,'PAUSED','CRON',1524453910000,0,NULL,2,NULL),('RenrenScheduler','TASK_3','DEFAULT','TASK_3','DEFAULT',NULL,1526275800000,-1,5,'PAUSED','CRON',1526275341000,0,NULL,2,'ͭ\0sr\0org.quartz.JobDataMap߰Ĩߩы\0\0xr\0&org.quartz.utils.StringKeyDirtyFlagMap鄻Ɲ(\0Z\0allowsTransientDataxr\0org.quartz.utils.DirtyFlagMap殭(v\n΂\0Z\0dirtyL\0mapt\0Ljava/util/Map;xpsr\0java.util.HashMapہÖ`у\0F\0\nloadFactorI\0	thresholdxp?@\0\0\0\0\0w\0\0\0\0\0\0t\0\rJOB_PARAM_KEYsr\01com.cnadmart.modules.job.entity.ScheduleJobEntity\0\0\0\0\0\0\0\0L\0beanNamet\0Ljava/lang/String;L\0\ncreateTimet\0Ljava/util/Date;L\0cronExpressionq\0~\0	L\0jobIdt\0Ljava/lang/Long;L\0\nmethodNameq\0~\0	L\0paramsq\0~\0	L\0remarkq\0~\0	L\0statust\0Ljava/lang/Integer;xpt\0testTasksr\0java.util.DatehjAKYt\0\0xpw\0\0X۵Ӱxt\00 0/30 * * * ?sr\0java.lang.Long;̤ьϣ߂\0J\0valuexr\0java.lang.NumberƬ՝ՠ˂\0\0xp\0\0\0\0\0\0\0t\0testt\0renrent\0有参数测试sr\0java.lang.Integer⠤��\0I\0valuexq\0~\0\0\0\0x\0'),('RenrenScheduler','TASK_4','DEFAULT','TASK_4','DEFAULT',NULL,1526275800000,-1,5,'PAUSED','CRON',1526275423000,0,NULL,2,'ͭ\0sr\0org.quartz.JobDataMap߰Ĩߩы\0\0xr\0&org.quartz.utils.StringKeyDirtyFlagMap鄻Ɲ(\0Z\0allowsTransientDataxr\0org.quartz.utils.DirtyFlagMap殭(v\n΂\0Z\0dirtyL\0mapt\0Ljava/util/Map;xpsr\0java.util.HashMapہÖ`у\0F\0\nloadFactorI\0	thresholdxp?@\0\0\0\0\0w\0\0\0\0\0\0t\0\rJOB_PARAM_KEYsr\01com.cnadmart.modules.job.entity.ScheduleJobEntity\0\0\0\0\0\0\0\0L\0beanNamet\0Ljava/lang/String;L\0\ncreateTimet\0Ljava/util/Date;L\0cronExpressionq\0~\0	L\0jobIdt\0Ljava/lang/Long;L\0\nmethodNameq\0~\0	L\0paramsq\0~\0	L\0remarkq\0~\0	L\0statust\0Ljava/lang/Integer;xpt\0testTasksr\0java.util.DatehjAKYt\0\0xpw\0\0XķŠxt\00 0/30 * * * ?sr\0java.lang.Long;̤ьϣ߂\0J\0valuexr\0java.lang.NumberƬ՝ՠ˂\0\0xp\0\0\0\0\0\0\0t\0test2pt\0无参数测试sr\0java.lang.Integer⠤��\0I\0valuexq\0~\0\0\0\0x\0');

/*Table structure for table `schedule_job` */

DROP TABLE IF EXISTS `schedule_job`;

CREATE TABLE `schedule_job` (
  `job_id` bigint(20) NOT NULL AUTO_INCREMENT COMMENT '任务id',
  `bean_name` varchar(200) DEFAULT NULL COMMENT 'spring bean名称',
  `method_name` varchar(100) DEFAULT NULL COMMENT '方法名',
  `params` varchar(2000) DEFAULT NULL COMMENT '参数',
  `cron_expression` varchar(100) DEFAULT NULL COMMENT 'cron表达式',
  `status` tinyint(4) DEFAULT NULL COMMENT '任务状态  0：正常  1：暂停',
  `remark` varchar(255) DEFAULT NULL COMMENT '备注',
  `create_time` datetime DEFAULT NULL COMMENT '创建时间',
  PRIMARY KEY (`job_id`)
) ENGINE=InnoDB AUTO_INCREMENT=5 DEFAULT CHARSET=utf8 COMMENT='定时任务';

/*Data for the table `schedule_job` */

insert  into `schedule_job`(`job_id`,`bean_name`,`method_name`,`params`,`cron_expression`,`status`,`remark`,`create_time`) values (3,'testTask','test','renren','0 0/30 * * * ?',1,'有参数测试','2016-12-01 23:16:46'),(4,'testTask','test2',NULL,'0 0/30 * * * ?',1,'无参数测试','2016-12-03 14:55:56');

/*Table structure for table `schedule_job_log` */

DROP TABLE IF EXISTS `schedule_job_log`;

CREATE TABLE `schedule_job_log` (
  `log_id` bigint(20) NOT NULL AUTO_INCREMENT COMMENT '任务日志id',
  `job_id` bigint(20) NOT NULL COMMENT '任务id',
  `bean_name` varchar(200) DEFAULT NULL COMMENT 'spring bean名称',
  `method_name` varchar(100) DEFAULT NULL COMMENT '方法名',
  `params` varchar(2000) DEFAULT NULL COMMENT '参数',
  `status` tinyint(4) NOT NULL COMMENT '任务状态    0：成功    1：失败',
  `error` varchar(2000) DEFAULT NULL COMMENT '失败信息',
  `times` int(11) NOT NULL COMMENT '耗时(单位：毫秒)',
  `create_time` datetime DEFAULT NULL COMMENT '创建时间',
  PRIMARY KEY (`log_id`),
  KEY `job_id` (`job_id`) USING BTREE
) ENGINE=InnoDB AUTO_INCREMENT=29 DEFAULT CHARSET=utf8 COMMENT='定时任务日志';

/*Data for the table `schedule_job_log` */

insert  into `schedule_job_log`(`log_id`,`job_id`,`bean_name`,`method_name`,`params`,`status`,`error`,`times`,`create_time`) values (1,1,'testTask','test','renren',0,NULL,1068,'2018-04-23 11:30:00'),(2,1,'testTask','test','renren',0,NULL,1053,'2018-04-23 12:00:00'),(3,1,'testTask','test','renren',0,NULL,1026,'2018-04-23 12:30:00'),(4,1,'testTask','test','renren',0,NULL,1018,'2018-04-23 13:00:00'),(5,1,'testTask','test','renren',0,NULL,1054,'2018-04-23 13:30:00'),(6,1,'testTask','test','renren',0,NULL,1009,'2018-04-23 14:00:00'),(7,1,'testTask','test','renren',0,NULL,1093,'2018-04-23 15:00:00'),(8,1,'testTask','test','renren',0,NULL,1014,'2018-04-23 15:30:00'),(9,1,'testTask','test','renren',0,NULL,1026,'2018-04-23 16:00:00'),(10,1,'testTask','test','renren',0,NULL,1033,'2018-04-23 16:30:00'),(11,1,'testTask','test','renren',0,NULL,1227,'2018-04-23 17:00:00'),(12,1,'testTask','test','renren',0,NULL,1108,'2018-04-23 17:30:00'),(13,1,'testTask','test','renren',0,NULL,1054,'2018-04-24 14:00:00'),(14,1,'testTask','test','renren',0,NULL,1007,'2018-04-24 14:30:00'),(15,1,'testTask','test','renren',0,NULL,1013,'2018-04-24 15:00:00'),(16,1,'testTask','test','renren',0,NULL,1009,'2018-04-24 15:30:00'),(17,1,'testTask','test','renren',0,NULL,1011,'2018-04-24 16:00:00'),(18,1,'testTask','test','renren',0,NULL,1028,'2018-04-24 16:30:00'),(19,1,'testTask','test','renren',0,NULL,1007,'2018-04-24 17:00:00'),(20,1,'testTask','test','renren',0,NULL,1005,'2018-04-24 17:30:00'),(21,1,'testTask','test','renren',0,NULL,1014,'2018-04-24 18:00:00'),(22,1,'testTask','test','renren',0,NULL,1007,'2018-04-24 18:30:00'),(23,1,'testTask','test','renren',0,NULL,1051,'2018-04-25 12:00:00'),(24,1,'testTask','test','renren',0,NULL,1048,'2018-04-25 12:30:00'),(25,1,'testTask','test','renren',0,NULL,1009,'2018-04-25 13:00:00'),(26,1,'testTask','test','renren',0,NULL,1080,'2018-04-25 13:30:00'),(27,1,'testTask','test','renren',0,NULL,1170,'2018-04-26 16:00:00'),(28,1,'testTask','test','renren',0,NULL,1018,'2018-04-26 16:30:00');

/*Table structure for table `sys_config` */

DROP TABLE IF EXISTS `sys_config`;

CREATE TABLE `sys_config` (
  `id` bigint(20) NOT NULL AUTO_INCREMENT,
  `param_key` varchar(50) DEFAULT NULL COMMENT 'key',
  `param_value` varchar(2000) DEFAULT NULL COMMENT 'value',
  `status` tinyint(4) DEFAULT '1' COMMENT '状态   0：隐藏   1：显示',
  `remark` varchar(500) DEFAULT NULL COMMENT '备注',
  PRIMARY KEY (`id`),
  UNIQUE KEY `param_key` (`param_key`) USING BTREE
) ENGINE=InnoDB AUTO_INCREMENT=3 DEFAULT CHARSET=utf8 COMMENT='系统配置信息表';

/*Data for the table `sys_config` */

insert  into `sys_config`(`id`,`param_key`,`param_value`,`status`,`remark`) values (1,'CLOUD_STORAGE_CONFIG_KEY','{\"type\":1,\"qiniuDomain\":\"http://img.test.com\",\"qiniuPrefix\":\"\",\"qiniuAccessKey\":\"test\",\"qiniuSecretKey\":\"bAE7MROdaMlz1qZZD3dlzEtj4SIiGYez66h8diMj\",\"qiniuBucketName\":\"img-cnadmart-com\",\"aliyunDomain\":\"\",\"aliyunPrefix\":\"\",\"aliyunEndPoint\":\"\",\"aliyunAccessKeyId\":\"\",\"aliyunAccessKeySecret\":\"\",\"aliyunBucketName\":\"\",\"qcloudDomain\":\"\",\"qcloudPrefix\":\"\",\"qcloudSecretId\":\"\",\"qcloudSecretKey\":\"\",\"qcloudBucketName\":\"\"}',0,'云存储配置信息'),(2,'3','3',1,'3');

/*Table structure for table `sys_dept` */

DROP TABLE IF EXISTS `sys_dept`;

CREATE TABLE `sys_dept` (
  `dept_id` bigint(20) NOT NULL AUTO_INCREMENT,
  `parent_id` bigint(20) DEFAULT NULL COMMENT '上级部门ID，一级部门为0',
  `name` varchar(50) DEFAULT NULL COMMENT '部门名称',
  `order_num` int(11) DEFAULT NULL COMMENT '排序',
  `del_flag` tinyint(4) DEFAULT '0' COMMENT '是否删除  -1：已删除  0：正常',
  PRIMARY KEY (`dept_id`)
) ENGINE=InnoDB AUTO_INCREMENT=12 DEFAULT CHARSET=utf8 COMMENT='部门管理';

/*Data for the table `sys_dept` */

insert  into `sys_dept`(`dept_id`,`parent_id`,`name`,`order_num`,`del_flag`) values (1,0,'管理员',0,0),(2,1,'628二哥',1,-1),(3,9,'628小四',2,-1),(4,3,'技术部',0,-1),(5,3,'销售部',1,-1),(6,0,NULL,0,-1),(7,0,'444',44,-1),(8,0,'wiztalk',0,0),(9,8,'研发部',0,0),(10,0,NULL,0,-1),(11,0,'alert(\"xss\");',0,-1);

/*Table structure for table `sys_dict` */

DROP TABLE IF EXISTS `sys_dict`;

CREATE TABLE `sys_dict` (
  `id` bigint(20) NOT NULL AUTO_INCREMENT,
  `name` varchar(100) NOT NULL COMMENT '字典名称',
  `type` varchar(100) NOT NULL COMMENT '字典类型',
  `code` varchar(100) NOT NULL COMMENT '字典码',
  `value` varchar(1000) NOT NULL COMMENT '字典值',
  `order_num` int(11) DEFAULT '0' COMMENT '排序',
  `remark` varchar(255) DEFAULT NULL COMMENT '备注',
  `del_flag` tinyint(4) DEFAULT '0' COMMENT '删除标记  -1：已删除  0：正常',
  PRIMARY KEY (`id`),
  UNIQUE KEY `type` (`type`,`code`) USING BTREE
) ENGINE=InnoDB AUTO_INCREMENT=5 DEFAULT CHARSET=utf8 COMMENT='数据字典表';

/*Data for the table `sys_dict` */

insert  into `sys_dict`(`id`,`name`,`type`,`code`,`value`,`order_num`,`remark`,`del_flag`) values (1,'性别','sex','0','女',0,NULL,0),(2,'性别','sex','1','男',1,NULL,0),(3,'性别','sex','2','未知',3,NULL,0),(4,'性别	','sex','4','人妖',4,NULL,0);

/*Table structure for table `sys_log` */

DROP TABLE IF EXISTS `sys_log`;

CREATE TABLE `sys_log` (
  `id` bigint(20) NOT NULL AUTO_INCREMENT,
  `username` varchar(50) DEFAULT NULL COMMENT '用户名',
  `operation` varchar(50) DEFAULT NULL COMMENT '用户操作',
  `method` varchar(200) DEFAULT NULL COMMENT '请求方法',
  `params` varchar(5000) DEFAULT NULL COMMENT '请求参数',
  `time` bigint(20) NOT NULL COMMENT '执行时长(毫秒)',
  `ip` varchar(64) DEFAULT NULL COMMENT 'IP地址',
  `create_date` datetime DEFAULT NULL COMMENT '创建时间',
  PRIMARY KEY (`id`)
) ENGINE=InnoDB AUTO_INCREMENT=106 DEFAULT CHARSET=utf8 COMMENT='系统日志';

/*Data for the table `sys_log` */

insert  into `sys_log`(`id`,`username`,`operation`,`method`,`params`,`time`,`ip`,`create_date`) values (1,'admin','修改菜单','io.renren.modules.sys.controller.SysMenuController.update()','{\"menuId\":41,\"parentId\":1,\"parentName\":\"系统管理\",\"name\":\"手机管理\",\"url\":\"modules/generator/tmobile.html\",\"type\":1,\"icon\":\"fa fa-file-code-o\",\"orderNum\":6}',46,'127.0.0.1','2018-04-23 11:27:48'),(2,'admin','修改菜单','io.renren.modules.sys.controller.SysMenuController.update()','{\"menuId\":41,\"parentId\":1,\"parentName\":\"系统管理\",\"name\":\"手机管理\",\"url\":\"modules/generator/mobile.html\",\"type\":1,\"icon\":\"fa fa-file-code-o\",\"orderNum\":6}',35,'127.0.0.1','2018-04-23 11:33:54'),(3,'admin','删除菜单','io.renren.modules.sys.controller.SysMenuController.delete()','41',8,'127.0.0.1','2018-04-23 13:28:27'),(4,'admin','删除菜单','io.renren.modules.sys.controller.SysMenuController.delete()','45',65,'127.0.0.1','2018-04-23 13:28:38'),(5,'admin','删除菜单','io.renren.modules.sys.controller.SysMenuController.delete()','43',39,'127.0.0.1','2018-04-23 13:28:47'),(6,'admin','删除菜单','io.renren.modules.sys.controller.SysMenuController.delete()','44',44,'127.0.0.1','2018-04-23 13:28:55'),(7,'admin','删除菜单','io.renren.modules.sys.controller.SysMenuController.delete()','42',29,'127.0.0.1','2018-04-23 13:29:02'),(8,'admin','删除菜单','io.renren.modules.sys.controller.SysMenuController.delete()','41',12,'127.0.0.1','2018-04-23 13:29:20'),(9,'admin','修改菜单','io.renren.modules.sys.controller.SysMenuController.update()','{\"menuId\":46,\"parentId\":1,\"parentName\":\"系统管理\",\"name\":\"手机管理\",\"url\":\"modules/sys/mobile.html\",\"type\":1,\"icon\":\"fa fa-file-code-o\",\"orderNum\":6}',25,'127.0.0.1','2018-04-23 13:30:00'),(10,'admin','修改菜单','io.renren.modules.sys.controller.SysMenuController.update()','{\"menuId\":46,\"parentId\":0,\"parentName\":\"一级菜单\",\"name\":\"手机管理\",\"url\":\"modules/sys/mobile.html\",\"type\":1,\"icon\":\"fa fa-file-code-o\",\"orderNum\":6}',11,'127.0.0.1','2018-04-23 13:30:47'),(11,'admin','修改菜单','io.renren.modules.sys.controller.SysMenuController.update()','{\"menuId\":46,\"parentId\":0,\"parentName\":\"一级菜单\",\"name\":\"手机管理\",\"url\":\"modules/sys/mobile.html\",\"type\":1,\"icon\":\"fa fa-file-code-o\",\"orderNum\":6}',13,'127.0.0.1','2018-04-23 13:31:31'),(12,'admin','保存菜单','io.renren.modules.sys.controller.SysMenuController.save()','{\"menuId\":51,\"parentId\":0,\"parentName\":\"一级菜单\",\"name\":\"手机管理\",\"type\":0,\"orderNum\":0}',22,'127.0.0.1','2018-04-23 13:32:56'),(13,'admin','修改菜单','io.renren.modules.sys.controller.SysMenuController.update()','{\"menuId\":46,\"parentId\":51,\"parentName\":\"手机管理\",\"name\":\"手机管理\",\"url\":\"modules/sys/mobile.html\",\"type\":1,\"icon\":\"fa fa-file-code-o\",\"orderNum\":6}',11,'127.0.0.1','2018-04-23 13:33:29'),(14,'admin','保存配置','io.renren.modules.sys.controller.SysConfigController.save()','{\"id\":2,\"paramKey\":\"3\",\"paramValue\":\"3\",\"remark\":\"3\"}',94,'127.0.0.1','2018-04-25 11:40:44'),(15,'admin','保存角色','io.renren.modules.sys.controller.SysRoleController.save()','{\"roleId\":1,\"roleName\":\"管理员角色\",\"deptId\":2,\"deptName\":\"长沙分公司\",\"menuIdList\":[1,2,15,16,17,18,3,19,20,21,22,4,23,24,25,26],\"deptIdList\":[],\"createTime\":\"May 14, 2018 4:33:20 PM\"}',289,'0:0:0:0:0:0:0:1','2018-05-14 16:33:20'),(16,'admin','修改用户','io.renren.modules.sys.controller.SysUserController.update()','{\"userId\":1,\"username\":\"admin\",\"salt\":\"YzcmCZNvbXocrsz9dm8e\",\"email\":\"root@renren.io\",\"mobile\":\"13612345678\",\"status\":1,\"roleIdList\":[1],\"createTime\":\"Nov 11, 2016 11:11:11 AM\",\"deptId\":1,\"deptName\":\"人人开源集团\"}',131,'0:0:0:0:0:0:0:1','2018-05-14 16:33:35'),(17,'admin','修改用户','io.renren.modules.sys.controller.SysUserController.update()','{\"userId\":1,\"username\":\"admin\",\"salt\":\"YzcmCZNvbXocrsz9dm8e\",\"email\":\"root@renren.io\",\"mobile\":\"13612345678\",\"status\":1,\"roleIdList\":[1],\"createTime\":\"Nov 11, 2016 11:11:11 AM\",\"deptId\":1,\"deptName\":\"人人开源集团\"}',53,'0:0:0:0:0:0:0:1','2018-05-14 16:47:14'),(18,'admin','删除菜单','com.cnadmart.modules.sys.controller.SysMenuController.delete()','51',3,'0:0:0:0:0:0:0:1','2018-05-26 09:21:16'),(19,'admin','删除菜单','com.cnadmart.modules.sys.controller.SysMenuController.delete()','46',2,'0:0:0:0:0:0:0:1','2018-05-26 09:21:28'),(20,'admin','删除菜单','com.cnadmart.modules.sys.controller.SysMenuController.delete()','51',3,'0:0:0:0:0:0:0:1','2018-05-26 09:21:35'),(21,'admin','删除菜单','com.cnadmart.modules.sys.controller.SysMenuController.delete()','46',4,'0:0:0:0:0:0:0:1','2018-05-26 09:21:42'),(22,'admin','删除菜单','com.cnadmart.modules.sys.controller.SysMenuController.delete()','46',2,'0:0:0:0:0:0:0:1','2018-05-26 09:21:55'),(23,'admin','删除菜单','com.cnadmart.modules.sys.controller.SysMenuController.delete()','50',62,'0:0:0:0:0:0:0:1','2018-05-26 09:22:06'),(24,'admin','删除菜单','com.cnadmart.modules.sys.controller.SysMenuController.delete()','47',10,'0:0:0:0:0:0:0:1','2018-05-26 09:22:20'),(25,'admin','删除菜单','com.cnadmart.modules.sys.controller.SysMenuController.delete()','48',18,'0:0:0:0:0:0:0:1','2018-05-26 09:22:28'),(26,'admin','删除菜单','com.cnadmart.modules.sys.controller.SysMenuController.delete()','49',10,'0:0:0:0:0:0:0:1','2018-05-26 09:22:59'),(27,'admin','删除菜单','com.cnadmart.modules.sys.controller.SysMenuController.delete()','46',8,'0:0:0:0:0:0:0:1','2018-05-26 09:23:04'),(28,'admin','删除菜单','com.cnadmart.modules.sys.controller.SysMenuController.delete()','51',8,'0:0:0:0:0:0:0:1','2018-05-26 09:23:09'),(29,'admin','保存菜单','com.cnadmart.modules.sys.controller.SysMenuController.save()','{\"menuId\":62,\"parentId\":0,\"parentName\":\"一级菜单\",\"name\":\"商品管理\",\"type\":0,\"orderNum\":0}',103,'127.0.0.1','2018-05-29 08:59:09'),(30,'admin','修改菜单','com.cnadmart.modules.sys.controller.SysMenuController.update()','{\"menuId\":57,\"parentId\":62,\"parentName\":\"商品管理\",\"name\":\"频道管理\",\"url\":\"modules/good/channel.html\",\"type\":1,\"icon\":\"fa fa-file-code-o\",\"orderNum\":1}',109,'127.0.0.1','2018-05-29 08:59:41'),(31,'admin','修改菜单','com.cnadmart.modules.sys.controller.SysMenuController.update()','{\"menuId\":52,\"parentId\":62,\"parentName\":\"商品管理\",\"name\":\"分类管理\",\"url\":\"modules/good/category.html\",\"type\":1,\"icon\":\"fa fa-file-code-o\",\"orderNum\":2}',98,'127.0.0.1','2018-05-29 09:00:20'),(32,'admin','保存菜单','com.cnadmart.modules.sys.controller.SysMenuController.save()','{\"menuId\":63,\"parentId\":62,\"parentName\":\"商品管理\",\"name\":\"商品发布\",\"url\":\"modules/good/good.html\",\"type\":1,\"orderNum\":0}',168,'127.0.0.1','2018-05-31 11:27:20'),(33,'admin','修改菜单','com.cnadmart.modules.sys.controller.SysMenuController.update()','{\"menuId\":63,\"parentId\":62,\"parentName\":\"商品管理\",\"name\":\"商品发布\",\"url\":\"modules/good/good.html\",\"perms\":\"good:good:list\",\"type\":1,\"orderNum\":0}',129,'127.0.0.1','2018-05-31 11:28:46'),(34,'admin','修改菜单','com.cnadmart.modules.sys.controller.SysMenuController.update()','{\"menuId\":63,\"parentId\":62,\"parentName\":\"商品管理\",\"name\":\"商品发布\",\"url\":\"modules/good/good.html\",\"perms\":\"good:good:list,good:good:info,good:good:save,good:good:update,good:good:delete\",\"type\":1,\"orderNum\":0}',118,'127.0.0.1','2018-05-31 11:35:19'),(35,'admin','保存菜单','com.cnadmart.modules.sys.controller.SysMenuController.save()','{\"menuId\":64,\"parentId\":62,\"parentName\":\"商品管理\",\"name\":\"商品规格\",\"url\":\"modules/good/categoryspec.html\",\"perms\":\"good:categoryspec:list,good:categoryspec:info,good:categoryspec:save,good:categoryspec:update,good:categoryspec:delete\",\"type\":1,\"orderNum\":0}',120,'127.0.0.1','2018-05-31 18:37:32'),(36,'admin','保存菜单','com.cnadmart.modules.sys.controller.SysMenuController.save()','{\"menuId\":65,\"parentId\":0,\"parentName\":\"一级菜单\",\"name\":\"test\",\"url\":\"test\",\"type\":1,\"orderNum\":0}',111,'0:0:0:0:0:0:0:1','2018-06-01 18:09:00'),(37,'admin','保存菜单','com.cnadmart.modules.sys.controller.SysMenuController.save()','{\"menuId\":66,\"parentId\":0,\"parentName\":\"一级菜单\",\"name\":\"test2\",\"url\":\"test\",\"type\":1,\"orderNum\":0}',103,'0:0:0:0:0:0:0:1','2018-06-01 18:19:48'),(38,'admin','保存菜单','com.cnadmart.modules.sys.controller.SysMenuController.save()','{\"menuId\":67,\"parentId\":0,\"parentName\":\"一级菜单\",\"name\":\"订单管理\",\"url\":\"/order\",\"type\":1,\"orderNum\":0}',93,'0:0:0:0:0:0:0:1','2018-06-01 18:22:13'),(39,'admin','删除菜单','com.cnadmart.modules.sys.controller.SysMenuController.delete()','65',149,'0:0:0:0:0:0:0:1','2018-06-01 18:22:22'),(40,'admin','删除菜单','com.cnadmart.modules.sys.controller.SysMenuController.delete()','66',132,'0:0:0:0:0:0:0:1','2018-06-01 18:22:27'),(41,'admin','修改角色','com.cnadmart.modules.sys.controller.SysRoleController.update()','{\"roleId\":1,\"roleName\":\"管理员角色\",\"deptId\":2,\"deptName\":\"长沙分公司\",\"menuIdList\":[1,2,15,16,17,18,3,19,20,21,22,4,23,24,25,26,67],\"deptIdList\":[],\"createTime\":\"May 14, 2018 4:33:20 PM\"}',527,'0:0:0:0:0:0:0:1','2018-06-01 18:23:01'),(42,'admin','删除菜单','com.cnadmart.modules.sys.controller.SysMenuController.delete()','67',146,'0:0:0:0:0:0:0:1','2018-06-01 18:23:40'),(43,'admin','保存菜单','com.cnadmart.modules.sys.controller.SysMenuController.save()','{\"menuId\":68,\"parentId\":0,\"parentName\":\"一级菜单\",\"name\":\"订单管理\",\"type\":0,\"orderNum\":0}',94,'0:0:0:0:0:0:0:1','2018-06-01 18:23:57'),(44,'admin','删除菜单','com.cnadmart.modules.sys.controller.SysMenuController.delete()','68',143,'0:0:0:0:0:0:0:1','2018-06-01 18:24:20'),(45,'admin','保存菜单','com.cnadmart.modules.sys.controller.SysMenuController.save()','{\"menuId\":69,\"parentId\":0,\"parentName\":\"一级菜单\",\"name\":\"订单管理\",\"url\":\"modules/order/order.html\",\"type\":1,\"orderNum\":0}',95,'0:0:0:0:0:0:0:1','2018-06-01 18:26:32'),(46,'admin','修改角色','com.cnadmart.modules.sys.controller.SysRoleController.update()','{\"roleId\":1,\"roleName\":\"管理员角色\",\"deptId\":1,\"deptName\":\"人人开源集团\",\"menuIdList\":[1,2,15,16,17,18,3,19,20,21,22,4,23,24,25,26,69],\"deptIdList\":[],\"createTime\":\"May 14, 2018 4:33:20 PM\"}',411,'0:0:0:0:0:0:0:1','2018-06-01 18:29:01'),(47,'admin','删除菜单','com.cnadmart.modules.sys.controller.SysMenuController.delete()','69',137,'0:0:0:0:0:0:0:1','2018-06-01 18:29:49'),(48,'admin','保存菜单','com.cnadmart.modules.sys.controller.SysMenuController.save()','{\"menuId\":70,\"parentId\":0,\"parentName\":\"一级菜单\",\"name\":\"订单管理\",\"type\":0,\"orderNum\":3}',90,'0:0:0:0:0:0:0:1','2018-06-01 18:30:12'),(49,'admin','保存菜单','com.cnadmart.modules.sys.controller.SysMenuController.save()','{\"menuId\":71,\"parentId\":70,\"parentName\":\"订单管理\",\"name\":\"订单列表\",\"url\":\"modules/order/orderList.html\",\"type\":1,\"orderNum\":0}',114,'0:0:0:0:0:0:0:1','2018-06-01 18:45:17'),(50,'admin','保存菜单','com.cnadmart.modules.sys.controller.SysMenuController.save()','{\"menuId\":72,\"parentId\":70,\"parentName\":\"订单管理\",\"name\":\"订单查询\",\"url\":\"modules/order/orderSelect.html\",\"type\":1,\"orderNum\":0}',107,'0:0:0:0:0:0:0:1','2018-06-05 17:08:08'),(51,'admin','保存菜单','com.cnadmart.modules.sys.controller.SysMenuController.save()','{\"menuId\":73,\"parentId\":70,\"parentName\":\"订单管理\",\"name\":\"我的订单\",\"url\":\"modules/order/myOrder.html\",\"type\":1,\"orderNum\":0}',329,'0:0:0:0:0:0:0:1','2018-06-05 17:14:05'),(52,'admin','修改菜单','com.cnadmart.modules.sys.controller.SysMenuController.update()','{\"menuId\":73,\"parentId\":70,\"parentName\":\"订单管理\",\"name\":\"我的订单\",\"url\":\"modules/order/myOrderList.html\",\"type\":1,\"orderNum\":0}',121,'0:0:0:0:0:0:0:1','2018-06-06 11:26:01'),(53,'admin','修改菜单','com.cnadmart.modules.sys.controller.SysMenuController.update()','{\"menuId\":73,\"parentId\":70,\"parentName\":\"订单管理\",\"name\":\"我的订单\",\"url\":\"modules/order/myOrderList.html\",\"type\":1,\"orderNum\":0}',113,'0:0:0:0:0:0:0:1','2018-06-06 11:26:01'),(54,'admin','修改菜单','com.cnadmart.modules.sys.controller.SysMenuController.update()','{\"menuId\":72,\"parentId\":70,\"parentName\":\"订单管理\",\"name\":\"订单发货\",\"url\":\"modules/order/orderSelect.html\",\"type\":1,\"orderNum\":0}',124,'0:0:0:0:0:0:0:1','2018-06-06 11:28:06'),(55,'admin','保存菜单','com.cnadmart.modules.sys.controller.SysMenuController.save()','{\"menuId\":74,\"parentId\":0,\"parentName\":\"一级菜单\",\"name\":\"快递公司管理\",\"url\":\"modules/expressCompany/expresscompany.html\",\"type\":1,\"orderNum\":0}',111,'0:0:0:0:0:0:0:1','2018-06-06 13:13:48'),(56,'admin','修改角色','com.cnadmart.modules.sys.controller.SysRoleController.update()','{\"roleId\":1,\"roleName\":\"管理员角色\",\"deptId\":1,\"deptName\":\"人人开源集团\",\"menuIdList\":[1,2,15,16,17,18,3,19,20,21,22,4,23,24,25,26,70,71,72,73,74],\"deptIdList\":[],\"createTime\":\"May 14, 2018 4:33:20 PM\"}',611,'0:0:0:0:0:0:0:1','2018-06-06 13:15:39'),(57,'admin','修改菜单','com.cnadmart.modules.sys.controller.SysMenuController.update()','{\"menuId\":74,\"parentId\":0,\"parentName\":\"一级菜单\",\"name\":\"快递公司管理\",\"url\":\"modules/expressCompany/expresscompany.html\",\"type\":0,\"orderNum\":0}',91,'0:0:0:0:0:0:0:1','2018-06-06 13:18:14'),(58,'admin','修改菜单','com.cnadmart.modules.sys.controller.SysMenuController.update()','{\"menuId\":74,\"parentId\":0,\"parentName\":\"一级菜单\",\"name\":\"快递公司管理\",\"url\":\"modules/expressCompany/expresscompany.html\",\"type\":0,\"orderNum\":0}',87,'0:0:0:0:0:0:0:1','2018-06-06 13:18:14'),(59,'admin','修改菜单','com.cnadmart.modules.sys.controller.SysMenuController.update()','{\"menuId\":74,\"parentId\":0,\"parentName\":\"一级菜单\",\"name\":\"快递公司管理\",\"url\":\"modules/expressCompany/expresscompany.html\",\"type\":0,\"orderNum\":4}',84,'0:0:0:0:0:0:0:1','2018-06-06 13:19:07'),(60,'admin','保存菜单','com.cnadmart.modules.sys.controller.SysMenuController.save()','{\"menuId\":75,\"parentId\":0,\"parentName\":\"一级菜单\",\"name\":\"快递公司列表\",\"url\":\"modules/expressCompany/expresscompany\",\"type\":1,\"orderNum\":0}',88,'0:0:0:0:0:0:0:1','2018-06-06 13:20:11'),(61,'admin','删除菜单','com.cnadmart.modules.sys.controller.SysMenuController.delete()','75',137,'0:0:0:0:0:0:0:1','2018-06-06 13:20:21'),(62,'admin','保存菜单','com.cnadmart.modules.sys.controller.SysMenuController.save()','{\"menuId\":76,\"parentId\":74,\"parentName\":\"快递公司管理\",\"name\":\"快递公司列表\",\"url\":\"modules/expressCompany/expresscompany.html\",\"type\":1,\"orderNum\":0}',102,'0:0:0:0:0:0:0:1','2018-06-06 13:21:05'),(63,'admin','修改菜单','com.cnadmart.modules.sys.controller.SysMenuController.update()','{\"menuId\":76,\"parentId\":74,\"parentName\":\"快递公司管理\",\"name\":\"快递公司列表\",\"url\":\"modules/expressCompany/expresscompany.html\",\"perms\":\"expressCompany:expresscompany:save,expressCompany:expresscompany:update,expressCompany:expresscompany:delete,expressCompany:expresscompany:list\",\"type\":1,\"orderNum\":0}',113,'0:0:0:0:0:0:0:1','2018-06-06 13:26:37'),(64,'admin','保存角色','com.cnadmart.modules.sys.controller.SysRoleController.save()','{\"roleId\":2,\"roleName\":\"加盟商\",\"deptId\":8,\"deptName\":\"加盟商\",\"menuIdList\":[70,72,73],\"deptIdList\":[],\"createTime\":\"Jun 7, 2018 4:29:40 PM\"}',260,'192.168.1.196','2018-06-07 16:29:41'),(65,'admin','保存用户','com.cnadmart.modules.sys.controller.SysUserController.save()','{\"userId\":2,\"username\":\"fuyang\",\"password\":\"2ba789379d577b4c649e8419393acd85124ab8da1ff8163e76848f34b37f7c48\",\"salt\":\"mTN50NIevjz53gIMUuf7\",\"email\":\"111@111.com\",\"mobile\":\"1300001\",\"status\":1,\"roleIdList\":[2],\"createTime\":\"Jun 7, 2018 4:31:26 PM\",\"deptId\":9,\"deptName\":\"阜阳加盟商\"}',324,'192.168.1.196','2018-06-07 16:31:27'),(66,'admin','修改用户','com.cnadmart.modules.sys.controller.SysUserController.update()','{\"userId\":1,\"username\":\"admin\",\"salt\":\"YzcmCZNvbXocrsz9dm8e\",\"email\":\"root@cnadmart.com\",\"mobile\":\"136000000\",\"status\":1,\"roleIdList\":[1],\"createTime\":\"Nov 11, 2016 11:11:11 AM\",\"deptId\":1,\"deptName\":\"广品会集团\"}',218,'192.168.1.196','2018-06-07 16:31:54'),(67,'admin','修改用户','com.freeter.modules.sys.controller.SysUserController.update()','{\"userId\":1,\"username\":\"admin\",\"salt\":\"YzcmCZNvbXocrsz9dm8e\",\"email\":\"root@freeter.com\",\"mobile\":\"136000000\",\"status\":1,\"roleIdList\":[1],\"createTime\":\"Nov 11, 2016 11:11:11 AM\",\"deptId\":1,\"deptName\":\"寝室长\"}',960,'127.0.0.1','2018-06-22 22:04:14'),(68,'admin','修改用户','com.freeter.modules.sys.controller.SysUserController.update()','{\"userId\":1,\"username\":\"admin\",\"salt\":\"YzcmCZNvbXocrsz9dm8e\",\"email\":\"root@freeter.com\",\"mobile\":\"136000000\",\"status\":1,\"roleIdList\":[1],\"createTime\":\"Nov 11, 2016 11:11:11 AM\",\"deptId\":5,\"deptName\":\"销售部\"}',126,'119.123.204.210','2018-06-27 02:56:22'),(69,'admin','修改用户','com.freeter.modules.sys.controller.SysUserController.update()','{\"userId\":1,\"username\":\"admin\",\"salt\":\"YzcmCZNvbXocrsz9dm8e\",\"email\":\"root@freeter.com\",\"mobile\":\"136000000\",\"status\":1,\"roleIdList\":[1],\"createTime\":\"Nov 11, 2016 11:11:11 AM\",\"deptId\":5,\"deptName\":\"销售部\"}',77,'117.136.81.191','2018-06-27 09:11:13'),(70,'admin','保存菜单','com.freeter.modules.sys.controller.SysMenuController.save()','{\"menuId\":77,\"parentId\":0,\"parentName\":\"一级菜单\",\"name\":\"测试\",\"type\":0,\"orderNum\":0}',308,'0:0:0:0:0:0:0:1','2018-06-28 15:59:00'),(71,'admin','修改菜单','com.freeter.modules.sys.controller.SysMenuController.update()','{\"menuId\":5,\"parentId\":1,\"parentName\":\"系统管理\",\"name\":\"SQL监控\",\"url\":\"druid/sql.html\",\"type\":1,\"icon\":\"fa fa-bug\",\"orderNum\":4}',156,'127.0.0.1','2018-06-29 11:29:38'),(72,'admin','修改菜单','com.freeter.modules.sys.controller.SysMenuController.update()','{\"menuId\":5,\"parentId\":1,\"parentName\":\"系统管理\",\"name\":\"SQL监控\",\"url\":\"druid/sql.html\",\"type\":1,\"icon\":\"fa fa-bug\",\"orderNum\":4}',2,'127.0.0.1','2018-06-29 11:30:08'),(73,'admin','修改菜单','com.freeter.modules.sys.controller.SysMenuController.update()','{\"menuId\":5,\"parentId\":1,\"parentName\":\"系统管理\",\"name\":\"SQL监控\",\"url\":\"druid/sql.html\",\"type\":1,\"icon\":\"fa fa-bug\",\"orderNum\":4}',1,'127.0.0.1','2018-06-29 11:31:12'),(74,'admin','修改菜单','com.freeter.modules.sys.controller.SysMenuController.update()','{\"menuId\":5,\"parentId\":1,\"parentName\":\"系统管理\",\"name\":\"SQL监控\",\"url\":\"druid/sql.html\",\"type\":1,\"icon\":\"fa fa-bug\",\"orderNum\":4}',2,'127.0.0.1','2018-06-29 11:34:49'),(75,'admin','修改菜单','com.freeter.modules.sys.controller.SysMenuController.update()','{\"menuId\":5,\"parentId\":1,\"parentName\":\"系统管理\",\"name\":\"SQL监控\",\"url\":\"druid/sql.html\",\"type\":1,\"icon\":\"fa fa-bug\",\"orderNum\":4}',2,'127.0.0.1','2018-06-29 11:35:46'),(76,'admin','修改菜单','com.freeter.modules.sys.controller.SysMenuController.update()','{\"menuId\":78,\"parentId\":1,\"parentName\":\"系统管理\",\"name\":\"用户管理\",\"url\":\"modules/user/user.html\",\"type\":1,\"icon\":\"fa fa-file-code-o\",\"orderNum\":6}',275,'127.0.0.1','2018-06-30 13:49:31'),(77,'admin','保存菜单','com.freeter.modules.sys.controller.SysMenuController.save()','{\"menuId\":83,\"parentId\":0,\"parentName\":\"一级菜单\",\"name\":\"会员管理\",\"type\":0,\"orderNum\":0}',199,'127.0.0.1','2018-06-30 13:49:43'),(78,'admin','修改菜单','com.freeter.modules.sys.controller.SysMenuController.update()','{\"menuId\":78,\"parentId\":83,\"parentName\":\"会员管理\",\"name\":\"用户管理\",\"url\":\"modules/user/user.html\",\"type\":1,\"icon\":\"fa fa-file-code-o\",\"orderNum\":6}',216,'127.0.0.1','2018-06-30 13:50:08'),(79,'admin','保存用户','com.freeter.modules.sys.controller.SysUserController.save()','{\"userId\":3,\"username\":\"aaa\",\"password\":\"802e9ec3eff8d4d2cc7d0ea810e67105d6bef0b67cf667cccf8a7b78aa564a42\",\"salt\":\"OrAy275H8yGALsHJwjwV\",\"email\":\"123456789@qq.com\",\"mobile\":\"18539978699\",\"status\":1,\"roleIdList\":[2],\"createTime\":\"Jul 3, 2018 5:04:16 PM\",\"deptId\":2,\"deptName\":\"628二哥\"}',610,'0:0:0:0:0:0:0:1','2018-07-03 17:04:17'),(80,'admin','删除用户','com.freeter.modules.sys.controller.SysUserController.delete()','[3]',424,'0:0:0:0:0:0:0:1','2018-07-03 17:05:41'),(81,'admin','修改配置','com.freeter.modules.sys.controller.SysConfigController.update()','{\"id\":2,\"paramKey\":\"3\",\"paramValue\":\"3\",\"remark\":\"3\"}',58,'1.85.5.75','2018-07-04 19:04:26'),(82,'admin','修改用户','com.freeter.modules.sys.controller.SysUserController.update()','{\"userId\":1,\"username\":\"admin\",\"password\":\"c72dc7260d7829cb72221fddfb5a75c4cf1475979e2efb781409ef11a49afdb7\",\"salt\":\"YzcmCZNvbXocrsz9dm8e\",\"email\":\"root@freeter.com\",\"mobile\":\"136000000\",\"status\":1,\"roleIdList\":[1],\"createTime\":\"Nov 11, 2016 11:11:11 AM\",\"deptId\":5,\"deptName\":\"销售部\"}',117,'110.185.11.30','2018-07-05 12:17:47'),(83,'admin','修改密码','com.freeter.modules.sys.controller.SysUserController.password()','\"admin\"',33,'222.249.170.85','2018-07-05 14:45:50'),(84,'admin','删除菜单','com.freeter.modules.sys.controller.SysMenuController.delete()','77',1,'14.221.165.92','2018-07-05 15:40:50'),(85,'admin','删除菜单','com.freeter.modules.sys.controller.SysMenuController.delete()','77',1,'14.221.165.92','2018-07-05 15:40:51'),(86,'admin','删除菜单','com.freeter.modules.sys.controller.SysMenuController.delete()','77',0,'14.221.165.92','2018-07-05 15:40:52'),(87,'admin','删除菜单','com.freeter.modules.sys.controller.SysMenuController.delete()','77',0,'14.221.165.92','2018-07-05 15:40:52'),(88,'admin','删除菜单','com.freeter.modules.sys.controller.SysMenuController.delete()','77',0,'14.221.165.92','2018-07-05 15:40:52'),(89,'admin','删除菜单','com.freeter.modules.sys.controller.SysMenuController.delete()','77',0,'14.221.165.92','2018-07-05 15:41:05'),(90,'admin','删除菜单','com.freeter.modules.sys.controller.SysMenuController.delete()','77',0,'14.221.165.92','2018-07-05 15:41:06'),(91,'admin','删除菜单','com.freeter.modules.sys.controller.SysMenuController.delete()','77',0,'14.221.165.92','2018-07-05 15:41:06'),(92,'admin','删除菜单','com.freeter.modules.sys.controller.SysMenuController.delete()','77',0,'14.221.165.92','2018-07-05 15:41:06'),(93,'admin','删除菜单','com.freeter.modules.sys.controller.SysMenuController.delete()','77',0,'14.221.165.92','2018-07-05 15:41:06'),(94,'admin','删除菜单','com.freeter.modules.sys.controller.SysMenuController.delete()','77',0,'14.221.165.92','2018-07-05 15:41:06'),(95,'admin','修改密码','com.freeter.modules.sys.controller.SysUserController.password()','\"admin\"',22,'123.116.246.68','2018-07-05 15:43:08'),(96,'admin','保存菜单','com.freeter.modules.sys.controller.SysMenuController.save()','{\"menuId\":84,\"parentId\":0,\"parentName\":\"一级菜单\",\"name\":\"wiztalk管理\",\"type\":0,\"orderNum\":0}',12,'0:0:0:0:0:0:0:1','2018-07-16 14:19:15'),(97,'admin','保存菜单','com.freeter.modules.sys.controller.SysMenuController.save()','{\"menuId\":85,\"parentId\":84,\"parentName\":\"wiztalk管理\",\"name\":\"租户管理\",\"url\":\"modules/tenant/tenant.html\",\"type\":1,\"icon\":\"fa-arrows\",\"orderNum\":0}',6,'0:0:0:0:0:0:0:1','2018-07-16 14:31:17'),(98,'admin','删除菜单','com.freeter.modules.sys.controller.SysMenuController.delete()','85',105,'0:0:0:0:0:0:0:1','2018-07-16 15:15:30'),(99,'admin','修改菜单','com.freeter.modules.sys.controller.SysMenuController.update()','{\"menuId\":86,\"parentId\":84,\"parentName\":\"wiztalk管理\",\"name\":\"租户管理\",\"url\":\"modules/wiztalk/tenant.html\",\"type\":1,\"icon\":\"fa fa-file-code-o\",\"orderNum\":6}',18,'0:0:0:0:0:0:0:1','2018-07-16 16:27:40'),(100,'admin','保存用户','com.freeter.modules.sys.controller.SysUserController.save()','{\"userId\":3,\"username\":\"liyaping\",\"password\":\"8bd803731e570a132aa2e0c58ffbac83adf092f38818414d745721c2d5383319\",\"salt\":\"pKXYVBxKkkFS4NEZ6EUW\",\"email\":\"123@qq.com\",\"mobile\":\"18675582025\",\"status\":1,\"roleIdList\":[1],\"createTime\":\"Aug 3, 2018 2:08:17 PM\",\"deptId\":1,\"deptName\":\"寝室长\"}',217,'0:0:0:0:0:0:0:1','2018-08-03 14:08:17'),(101,'admin','保存用户','com.freeter.modules.sys.controller.SysUserController.save()','{\"userId\":4,\"username\":\"pengrui\",\"password\":\"59d360f201bb1d0ad3a08dc18385eb50c80042e473d59bcfc4b0b5d4720d7375\",\"salt\":\"x48DeL7mGdrmyI5DI9Xx\",\"email\":\"12@qq.com\",\"mobile\":\"132\",\"status\":1,\"roleIdList\":[],\"createTime\":\"Aug 3, 2018 5:16:24 PM\",\"deptId\":9,\"deptName\":\"研发部\"}',27,'0:0:0:0:0:0:0:1','2018-08-03 17:16:25'),(102,'admin','修改角色','com.freeter.modules.sys.controller.SysRoleController.update()','{\"roleId\":2,\"roleName\":\"鹏锐\",\"deptId\":8,\"deptName\":\"wiztalk\",\"menuIdList\":[70,72,73],\"deptIdList\":[],\"createTime\":\"Jun 7, 2018 4:29:40 PM\"}',23,'0:0:0:0:0:0:0:1','2018-08-03 17:17:09'),(103,'admin','修改角色','com.freeter.modules.sys.controller.SysRoleController.update()','{\"roleId\":2,\"roleName\":\"鹏锐\",\"deptId\":8,\"deptName\":\"wiztalk\",\"menuIdList\":[84,86,87,88,89,90,91,92,93,94,95],\"deptIdList\":[9],\"createTime\":\"Jun 7, 2018 4:29:40 PM\"}',16,'0:0:0:0:0:0:0:1','2018-08-03 17:17:59'),(104,'admin','修改用户','com.freeter.modules.sys.controller.SysUserController.update()','{\"userId\":4,\"username\":\"pengrui\",\"salt\":\"x48DeL7mGdrmyI5DI9Xx\",\"email\":\"12@qq.com\",\"mobile\":\"132\",\"status\":1,\"roleIdList\":[2],\"createTime\":\"Aug 3, 2018 5:16:25 PM\",\"deptId\":9,\"deptName\":\"研发部\"}',13,'0:0:0:0:0:0:0:1','2018-08-03 17:18:24'),(105,'admin','修改角色','com.freeter.modules.sys.controller.SysRoleController.update()','{\"roleId\":2,\"roleName\":\"鹏锐\",\"deptId\":8,\"deptName\":\"wiztalk\",\"menuIdList\":[84,86,87,88,89,90,91,92,93,94,95],\"deptIdList\":[9],\"createTime\":\"Jun 7, 2018 4:29:40 PM\"}',17,'0:0:0:0:0:0:0:1','2018-08-03 17:31:15');

/*Table structure for table `sys_menu` */

DROP TABLE IF EXISTS `sys_menu`;

CREATE TABLE `sys_menu` (
  `menu_id` bigint(20) NOT NULL AUTO_INCREMENT,
  `parent_id` bigint(20) DEFAULT NULL COMMENT '父菜单ID，一级菜单为0',
  `name` varchar(50) DEFAULT NULL COMMENT '菜单名称',
  `url` varchar(200) DEFAULT NULL COMMENT '菜单URL',
  `perms` varchar(500) DEFAULT NULL COMMENT '授权(多个用逗号分隔，如：user:list,user:create)',
  `type` int(11) DEFAULT NULL COMMENT '类型   0：目录   1：菜单   2：按钮',
  `icon` varchar(50) DEFAULT NULL COMMENT '菜单图标',
  `order_num` int(11) DEFAULT NULL COMMENT '排序',
  PRIMARY KEY (`menu_id`)
) ENGINE=InnoDB AUTO_INCREMENT=121 DEFAULT CHARSET=utf8 COMMENT='菜单管理';

/*Data for the table `sys_menu` */

insert  into `sys_menu`(`menu_id`,`parent_id`,`name`,`url`,`perms`,`type`,`icon`,`order_num`) values (1,0,'系统管理',NULL,NULL,0,'fa fa-cog',10),(2,1,'管理员管理','modules/sys/user.html',NULL,1,'fa fa-user',1),(3,1,'角色管理','modules/sys/role.html',NULL,1,'fa fa-user-secret',2),(4,1,'菜单管理','modules/sys/menu.html',NULL,1,'fa fa-th-list',3),(5,1,'SQL监控','druid/sql.html',NULL,1,'fa fa-bug',4),(6,1,'定时任务','modules/job/schedule.html',NULL,1,'fa fa-tasks',5),(7,6,'查看',NULL,'sys:schedule:list,sys:schedule:info',2,NULL,9),(8,6,'新增',NULL,'sys:schedule:save',2,NULL,9),(9,6,'修改',NULL,'sys:schedule:update',2,NULL,9),(10,6,'删除',NULL,'sys:schedule:delete',2,NULL,9),(11,6,'暂停',NULL,'sys:schedule:pause',2,NULL,9),(12,6,'恢复',NULL,'sys:schedule:resume',2,NULL,9),(13,6,'立即执行',NULL,'sys:schedule:run',2,NULL,9),(14,6,'日志列表',NULL,'sys:schedule:log',2,NULL,9),(15,2,'查看',NULL,'sys:user:list,sys:user:info',2,NULL,9),(16,2,'新增',NULL,'sys:user:save,sys:role:select',2,NULL,9),(17,2,'修改',NULL,'sys:user:update,sys:role:select',2,NULL,9),(18,2,'删除',NULL,'sys:user:delete',2,NULL,9),(19,3,'查看',NULL,'sys:role:list,sys:role:info',2,NULL,9),(20,3,'新增',NULL,'sys:role:save,sys:menu:perms',2,NULL,9),(21,3,'修改',NULL,'sys:role:update,sys:menu:perms',2,NULL,9),(22,3,'删除',NULL,'sys:role:delete',2,NULL,9),(23,4,'查看',NULL,'sys:menu:list,sys:menu:info',2,NULL,9),(24,4,'新增',NULL,'sys:menu:save,sys:menu:select',2,NULL,9),(25,4,'修改',NULL,'sys:menu:update,sys:menu:select',2,NULL,9),(26,4,'删除',NULL,'sys:menu:delete',2,NULL,9),(27,1,'参数管理','modules/sys/config.html','sys:config:list,sys:config:info,sys:config:save,sys:config:update,sys:config:delete',1,'fa fa-sun-o',6),(29,1,'系统日志','modules/sys/log.html','sys:log:list',1,'fa fa-file-text-o',7),(30,1,'文件上传','modules/oss/oss.html','sys:oss:all',1,'fa fa-file-image-o',6),(31,1,'部门管理','modules/sys/dept.html',NULL,1,'fa fa-file-code-o',1),(32,31,'查看',NULL,'sys:dept:list,sys:dept:info',2,NULL,9),(33,31,'新增',NULL,'sys:dept:save,sys:dept:select',2,NULL,9),(34,31,'修改',NULL,'sys:dept:update,sys:dept:select',2,NULL,9),(35,31,'删除',NULL,'sys:dept:delete',2,NULL,9),(36,1,'字典管理','modules/sys/dict.html',NULL,1,'fa fa-bookmark-o',6),(37,36,'查看',NULL,'sys:dict:list,sys:dict:info',2,NULL,6),(38,36,'新增',NULL,'sys:dict:save',2,NULL,6),(39,36,'修改',NULL,'sys:dict:update',2,NULL,6),(40,36,'删除',NULL,'sys:dict:delete',2,NULL,6),(52,62,'分类管理','modules/good/category.html',NULL,1,'fa fa-file-code-o',2),(53,52,'查看',NULL,'good:category:list,good:category:info',2,NULL,6),(54,52,'新增',NULL,'good:category:save',2,NULL,6),(55,52,'修改',NULL,'good:category:update',2,NULL,6),(56,52,'删除',NULL,'good:category:delete',2,NULL,6),(57,62,'频道管理','modules/good/channel.html',NULL,1,'fa fa-file-code-o',1),(58,57,'查看',NULL,'good:channel:list,good:channel:info',2,NULL,6),(59,57,'新增',NULL,'good:channel:save',2,NULL,6),(60,57,'修改',NULL,'good:channel:update',2,NULL,6),(61,57,'删除',NULL,'good:channel:delete',2,NULL,6),(62,0,'商品管理',NULL,NULL,0,NULL,9),(63,62,'商品发布','modules/good/good.html','good:good:list,good:good:info,good:good:save,good:good:update,good:good:delete',1,NULL,9),(64,62,'商品规格','modules/good/categoryspec.html','good:categoryspec:list,good:categoryspec:info,good:categoryspec:save,good:categoryspec:update,good:categoryspec:delete',1,NULL,9),(70,0,'订单管理',NULL,NULL,0,NULL,3),(71,70,'订单列表','modules/order/orderList.html',NULL,1,NULL,9),(72,70,'订单发货','modules/order/orderSelect.html',NULL,1,NULL,9),(73,70,'我的订单','modules/order/myOrderList.html',NULL,1,NULL,9),(78,83,'用户管理','modules/user/user.html',NULL,1,'fa fa-file-code-o',6),(79,78,'查看',NULL,'user:user:list,user:user:info',2,NULL,6),(80,78,'新增',NULL,'user:user:save',2,NULL,6),(81,78,'修改',NULL,'user:user:update',2,NULL,6),(82,78,'删除',NULL,'user:user:delete',2,NULL,6),(83,0,'会员管理',NULL,NULL,0,NULL,9),(84,0,'Wiz数据分析',NULL,NULL,0,NULL,0),(86,84,'租户管理','modules/wiztalk/tenant.html',NULL,1,'fa fa-file-code-o',6),(87,86,'查看',NULL,'wiztalk:tenant:list,wiztalk:tenant:info',2,NULL,6),(88,86,'新增',NULL,'wiztalk:tenant:save',2,NULL,6),(89,86,'修改',NULL,'wiztalk:tenant:update',2,NULL,6),(90,86,'删除',NULL,'wiztalk:tenant:delete',2,NULL,6),(116,84,'数据分析','modules/wiztalk/clientlog.html',NULL,1,'fa fa-file-code-o',5),(117,116,'查看',NULL,'wiztalk:clientlog:list,wiztalk:clientlog:info',2,NULL,6),(118,116,'新增',NULL,'wiztalk:clientlog:save',2,NULL,6),(119,116,'修改',NULL,'wiztalk:clientlog:update',2,NULL,6),(120,116,'删除',NULL,'wiztalk:clientlog:delete',2,NULL,6);

/*Table structure for table `sys_oss` */

DROP TABLE IF EXISTS `sys_oss`;

CREATE TABLE `sys_oss` (
  `id` bigint(20) NOT NULL AUTO_INCREMENT,
  `url` varchar(200) DEFAULT NULL COMMENT 'URL地址',
  `create_date` datetime DEFAULT NULL COMMENT '创建时间',
  PRIMARY KEY (`id`)
) ENGINE=InnoDB AUTO_INCREMENT=45 DEFAULT CHARSET=utf8 COMMENT='文件上传';

/*Data for the table `sys_oss` */

insert  into `sys_oss`(`id`,`url`,`create_date`) values (4,'http://img.cnadmart.com/20180605/f49f6d5cadd242568b4342ba7daa38c5.jpg','2018-06-05 11:12:45'),(5,'http://img.cnadmart.com/20180605/69f428161f4e4230b2db8f3b82c1c4ab.jpg','2018-06-05 11:13:46'),(6,'http://img.cnadmart.com/20180605/cb37514906b447f3bd624eef495712e6.png','2018-06-05 11:21:35'),(7,'http://img.cnadmart.com/20180605/5e11fdd394bb4cabb8d2e801dbd83392.png','2018-06-05 11:23:56'),(8,'http://img.cnadmart.com/20180605/b898e0d3be854dfa8123d3e1a742b3f0.png','2018-06-05 11:24:25'),(9,'http://img.cnadmart.com/20180605/cf57929da23c441e92f4fe6dc7dc8a6c.png','2018-06-05 11:24:52'),(10,'http://img.cnadmart.com/20180605/adfb58d3765745bd897a57200b7256b2.png','2018-06-05 11:25:10'),(11,'http://img.cnadmart.com/20180605/a02ac0cf95444cb2b0f8ddc11e17758f.jpg','2018-06-05 11:30:50'),(12,'http://img.cnadmart.com/20180605/dee36d3f398b45ac9678887e32f4b12a.png','2018-06-05 11:31:02'),(13,'http://img.cnadmart.com/20180605/25b4506d608c4f0eb76e9043d226c1d5.png','2018-06-05 11:31:10'),(14,'http://img.cnadmart.com/20180605/2ecbe903b4ce4eed97c507dce21d9bd0.png','2018-06-05 11:32:31'),(15,'http://img.cnadmart.com/20180605/6c92d0fcfeae43df9b4c1925d30e3f80.png','2018-06-05 11:34:12'),(16,'http://img.cnadmart.com/20180605/53ec3dad38c340a0ac973c7cd6480e15.png','2018-06-05 11:34:37'),(17,'http://img.cnadmart.com/20180605/abb5aab73a41473fa3a18fcbb0d63cd6.png','2018-06-05 11:36:22'),(18,'http://img.cnadmart.com/20180605/efdacdca39244d41b2f0e6cc7005c4f4.png','2018-06-05 11:37:59'),(19,'http://img.cnadmart.com/20180605/3a4a96fa3fe2430281d09aaeb9af03e7.png','2018-06-05 11:41:48'),(20,'http://img.cnadmart.com/20180605/ef4c4f9654cd4baea537e6b58d44b695.png','2018-06-05 11:43:05'),(21,'http://img.cnadmart.com/20180605/5239bc4ffeb244d1a58befaa84c196bd.jpg','2018-06-05 11:43:15'),(22,'http://img.cnadmart.com/20180605/efe0764ad7af4bc59ee70dafa9733d8f.png','2018-06-05 11:43:21'),(23,'http://img.cnadmart.com/20180605/c580255e108d479ca86f1bcec7b698ab.png','2018-06-05 11:46:26'),(24,'http://img.cnadmart.com/20180605/83b9dbc71cf747f7a1db108a8cf9c3c8.jpg','2018-06-05 11:47:21'),(25,'http://img.cnadmart.com/20180605/f92e75489ccc43b4b1c2c2f8a02c9d22.jpg','2018-06-05 13:27:41'),(26,'http://img.cnadmart.com/20180605/c34001d84ed54a8f830be2500f780d21.png','2018-06-05 13:28:04'),(27,'http://img.cnadmart.com/20180605/776c458999d942f4b72fd02bda5716db.png','2018-06-05 13:30:03'),(28,'http://img.cnadmart.com/20180605/f78848de7df04acba3f39b1ed0d3bfd9.png','2018-06-05 13:35:52'),(29,'http://img.cnadmart.com/20180605/a7a31ac6ad8a4d7c84dc3c291287ae8b.png','2018-06-05 14:11:21'),(30,'http://img.cnadmart.com/20180605/6c860f313b294495a12d4dea3c49fc87.png','2018-06-05 14:11:22'),(31,'http://img.cnadmart.com/20180605/57fd33c949884d8bbe3d1896b288fafe.png','2018-06-05 14:12:30'),(32,'http://img.cnadmart.com/20180605/caa1d898682a4b0e8e5dbac220b9e853.jpg','2018-06-05 14:12:30'),(33,'http://img.cnadmart.com/20180605/e9c5b531a57c43e1b1f9116e26122fa9.png','2018-06-05 14:12:52'),(34,'http://img.cnadmart.com/20180605/e8f2f678d0e841a09b17076a7cf1ab4e.png','2018-06-05 14:12:53'),(35,'http://img.cnadmart.com/20180605/97f0cf96dec64e8e977e7a48d154e9b6.png','2018-06-05 14:24:04'),(36,'http://img.cnadmart.com/20180605/74fe971154ae4a95bb4e9b6d6bf88fb9.png','2018-06-05 14:51:35'),(37,'http://img.cnadmart.com/20180605/a44d9e0046294695af1f9e9c37b958d1.png','2018-06-05 14:59:58'),(38,'http://img.cnadmart.com/20180621/a48bde2c7fe14b39a825849626404799.jpg','2018-06-21 10:27:14'),(39,'http://img.cnadmart.com/20180621/f4bb4447a6894653b2da80fcd745390a.jpg','2018-06-21 10:42:00'),(40,'http://img.cnadmart.com/20180621/9b7b21a26bb74536985b073488eae307.png','2018-06-21 10:46:30'),(41,'http://img.cnadmart.com/20180621/d5d9635baf644d26ac80e04c8a122668.jpg','2018-06-21 14:21:00'),(42,'http://img.cnadmart.com/20180623/8ed6b37c0e354b219a76a2389fa733f5.png','2018-06-23 00:16:35'),(43,'http://img.cnadmart.com/20180623/e1732d3dd44e4513a88cf4589b4960df.png','2018-06-23 00:23:48'),(44,'http://img.cnadmart.com/20180623/87fc8c561d02475db2008b1bf6963cf0.png','2018-06-23 00:24:27');

/*Table structure for table `sys_role` */

DROP TABLE IF EXISTS `sys_role`;

CREATE TABLE `sys_role` (
  `role_id` bigint(20) NOT NULL AUTO_INCREMENT,
  `role_name` varchar(100) DEFAULT NULL COMMENT '角色名称',
  `remark` varchar(100) DEFAULT NULL COMMENT '备注',
  `dept_id` bigint(20) DEFAULT NULL COMMENT '部门ID',
  `create_time` datetime DEFAULT NULL COMMENT '创建时间',
  PRIMARY KEY (`role_id`)
) ENGINE=InnoDB AUTO_INCREMENT=3 DEFAULT CHARSET=utf8 COMMENT='角色';

/*Data for the table `sys_role` */

insert  into `sys_role`(`role_id`,`role_name`,`remark`,`dept_id`,`create_time`) values (1,'管理员角色',NULL,1,'2018-05-14 16:33:20'),(2,'鹏锐',NULL,8,'2018-06-07 16:29:40');

/*Table structure for table `sys_role_dept` */

DROP TABLE IF EXISTS `sys_role_dept`;

CREATE TABLE `sys_role_dept` (
  `id` bigint(20) NOT NULL AUTO_INCREMENT,
  `role_id` bigint(20) DEFAULT NULL COMMENT '角色ID',
  `dept_id` bigint(20) DEFAULT NULL COMMENT '部门ID',
  PRIMARY KEY (`id`)
) ENGINE=InnoDB AUTO_INCREMENT=3 DEFAULT CHARSET=utf8 COMMENT='角色与部门对应关系';

/*Data for the table `sys_role_dept` */

insert  into `sys_role_dept`(`id`,`role_id`,`dept_id`) values (2,2,9);

/*Table structure for table `sys_role_menu` */

DROP TABLE IF EXISTS `sys_role_menu`;

CREATE TABLE `sys_role_menu` (
  `id` bigint(20) NOT NULL AUTO_INCREMENT,
  `role_id` bigint(20) DEFAULT NULL COMMENT '角色ID',
  `menu_id` bigint(20) DEFAULT NULL COMMENT '菜单ID',
  PRIMARY KEY (`id`)
) ENGINE=InnoDB AUTO_INCREMENT=100 DEFAULT CHARSET=utf8 COMMENT='角色与菜单对应关系';

/*Data for the table `sys_role_menu` */

insert  into `sys_role_menu`(`id`,`role_id`,`menu_id`) values (51,1,1),(52,1,2),(53,1,15),(54,1,16),(55,1,17),(56,1,18),(57,1,3),(58,1,19),(59,1,20),(60,1,21),(61,1,22),(62,1,4),(63,1,23),(64,1,24),(65,1,25),(66,1,26),(67,1,70),(68,1,71),(69,1,72),(70,1,73),(71,1,74),(89,2,84),(90,2,86),(91,2,87),(92,2,88),(93,2,89),(94,2,90),(95,2,91),(96,2,92),(97,2,93),(98,2,94),(99,2,95);

/*Table structure for table `sys_user` */

DROP TABLE IF EXISTS `sys_user`;

CREATE TABLE `sys_user` (
  `user_id` bigint(20) NOT NULL AUTO_INCREMENT,
  `username` varchar(50) NOT NULL COMMENT '用户名',
  `password` varchar(100) DEFAULT NULL COMMENT '密码',
  `salt` varchar(20) DEFAULT NULL COMMENT '盐',
  `email` varchar(100) DEFAULT NULL COMMENT '邮箱',
  `mobile` varchar(100) DEFAULT NULL COMMENT '手机号',
  `status` tinyint(4) DEFAULT NULL COMMENT '状态  0：禁用   1：正常',
  `dept_id` bigint(20) DEFAULT NULL COMMENT '部门ID',
  `create_time` datetime DEFAULT NULL COMMENT '创建时间',
  PRIMARY KEY (`user_id`),
  UNIQUE KEY `username` (`username`) USING BTREE
) ENGINE=InnoDB AUTO_INCREMENT=5 DEFAULT CHARSET=utf8 COMMENT='系统用户';

/*Data for the table `sys_user` */

insert  into `sys_user`(`user_id`,`username`,`password`,`salt`,`email`,`mobile`,`status`,`dept_id`,`create_time`) values (1,'admin','e1153123d7d180ceeb820d577ff119876678732a68eef4e6ffc0b1f06a01f91b','YzcmCZNvbXocrsz9dm8e','root@cnadmart.com','136000000',1,1,'2016-11-11 11:11:11'),(2,'fuyang','2ba789379d577b4c649e8419393acd85124ab8da1ff8163e76848f34b37f7c48','mTN50NIevjz53gIMUuf7','111@111.com','1300001',1,9,'2018-06-07 16:31:27'),(3,'liyaping','8bd803731e570a132aa2e0c58ffbac83adf092f38818414d745721c2d5383319','pKXYVBxKkkFS4NEZ6EUW','123@qq.com','18675582025',1,1,'2018-08-03 14:08:17'),(4,'pengrui','59d360f201bb1d0ad3a08dc18385eb50c80042e473d59bcfc4b0b5d4720d7375','x48DeL7mGdrmyI5DI9Xx','12@qq.com','132',1,9,'2018-08-03 17:16:25');

/*Table structure for table `sys_user_role` */

DROP TABLE IF EXISTS `sys_user_role`;

CREATE TABLE `sys_user_role` (
  `id` bigint(20) NOT NULL AUTO_INCREMENT,
  `user_id` bigint(20) DEFAULT NULL COMMENT '用户ID',
  `role_id` bigint(20) DEFAULT NULL COMMENT '角色ID',
  PRIMARY KEY (`id`)
) ENGINE=InnoDB AUTO_INCREMENT=12 DEFAULT CHARSET=utf8 COMMENT='用户与角色对应关系';

/*Data for the table `sys_user_role` */

insert  into `sys_user_role`(`id`,`user_id`,`role_id`) values (3,2,2),(9,1,1),(10,3,1),(11,4,2);

/*Table structure for table `wztk_application` */

DROP TABLE IF EXISTS `wztk_application`;

CREATE TABLE `wztk_application` (
  `application_id` int(64) NOT NULL AUTO_INCREMENT COMMENT 'ID',
  `application_name` varchar(45) DEFAULT NULL COMMENT '应用名称',
  `token` varchar(45) DEFAULT NULL COMMENT '证书',
  `type` varchar(45) DEFAULT NULL COMMENT '类型',
  `status` int(11) DEFAULT NULL COMMENT '状态',
  `sort` int(11) DEFAULT NULL COMMENT '排序',
  `level` int(11) DEFAULT NULL COMMENT '水平',
  `avatar` varchar(255) DEFAULT NULL COMMENT '图标',
  `tenant_id` varchar(64) DEFAULT NULL COMMENT '租户',
  `description` varchar(400) DEFAULT '' COMMENT '描述',
  `follow` char(1) DEFAULT '0' COMMENT '关注',
  `created` datetime DEFAULT NULL COMMENT '创建时间',
  `updated` datetime DEFAULT NULL COMMENT '修改时间',
  PRIMARY KEY (`application_id`),
  KEY `fk_tenantid_1` (`tenant_id`),
  CONSTRAINT `fk_tenantid_1` FOREIGN KEY (`tenant_id`) REFERENCES `wztk_tenant` (`tenant_id`)
) ENGINE=InnoDB AUTO_INCREMENT=24 DEFAULT CHARSET=utf8;

/*Data for the table `wztk_application` */

insert  into `wztk_application`(`application_id`,`application_name`,`token`,`type`,`status`,`sort`,`level`,`avatar`,`tenant_id`,`description`,`follow`,`created`,`updated`) values (1,'普洱电网','144','app',0,0,0,NULL,'FA1AEC96A1AC4414A31C9CB53D6F39A5','普洱电网			','0','2018-06-26 09:30:13','2018-08-08 23:55:48'),(2,'OA自动化办公','oa','h5',3,0,0,'43,04f327c2368c','FA1AEC96A1AC4414A31C9CB53D6F39A5','日常办公系统','0','2018-06-26 09:30:13','2017-09-21 02:43:57'),(3,'演示点巡检','演示点巡检','app',0,0,0,'演示点巡检','123ea09d-bb8c-41c6-90fa-9000303bc773','演示点巡检				','0','2018-06-26 09:30:13','2018-08-20 15:28:14'),(4,'点巡检2.0','inspection','app',0,0,0,'1000','FA1AEC96A1AC4414A31C9CB53D6F39A5','点巡检','0','2018-06-26 09:30:13','2018-08-09 10:03:40'),(5,'高安屯点巡检2.0','高安屯点巡检2.0','app',0,0,0,'高安屯点巡检2.0','FA1AEC96A1AC4414A31C9CB53D6F39A5','高安屯点巡检2.0		','0','2018-06-26 09:30:13','2018-01-12 06:16:54'),(6,'WIZ Plant','WIZ Plant应用','app',0,0,0,'47,04f753dc2650','FA1AEC96A1AC4414A31C9CB53D6F39A5','随时随地轻松查看设备属性、文档、模型，掌握设备实时运行数据','0','2018-06-26 09:30:13','2016-04-11 15:40:08'),(7,'cordova','cordova','app',0,0,0,'cordova','FA1AEC96A1AC4414A31C9CB53D6F39A5','		cordova			','0','2018-06-26 09:30:13','2017-12-25 08:46:39'),(8,'华源点巡检','华源点巡检','app',0,0,0,NULL,'20E7905A-5630-4490-AAF6-CE1725706B2E','华源点巡检			','0','2018-06-26 09:30:13','2018-02-02 07:14:18'),(9,'华源热力','华源热力','app',0,0,0,NULL,'427e3f5a-2a5a-4343-9df5-b9ee23dc9544','华源热力				','0','2018-06-26 09:30:13','2018-04-09 02:12:56'),(10,'京能小新','1','h5',0,0,0,NULL,'04acc1cf-d838-4b84-95b5-62818876e3b9','京能小新			','0','2018-06-26 09:30:13','2018-04-11 06:08:57'),(11,'智慧建档','智慧建档','app',0,0,0,'智慧建档','FA1AEC96A1AC4414A31C9CB53D6F39A5','	智慧建档				','0','2018-06-26 09:30:13','2017-12-21 07:34:26'),(12,'智能盒子','wizbox','android',0,0,0,'0000','FA1AEC96A1AC4414A31C9CB53D6F39A5','智能盒子','0','2018-06-26 09:30:13','2017-10-25 03:58:02'),(13,'智慧建档2','33','app',0,0,0,'11','7f042464e5684240bd00a223c49d93b1','	智慧建档				','0','2018-06-26 09:30:13','2018-01-31 07:32:48'),(14,'生产管理','生产管理','h5',0,0,0,NULL,'FA1AEC96A1AC4414A31C9CB53D6F39A5','dddd				','0','2018-06-26 09:30:13','2018-03-07 03:52:17'),(15,'实验报告','0','h5',0,0,0,NULL,'FA1AEC96A1AC4414A31C9CB53D6F39A5','实验报告			','0','2018-06-26 09:30:13','2018-06-26 09:30:13'),(16,'数据报表','WorkBench','h5',0,0,NULL,'48,04f22ef341a9','FA1AEC96A1AC4414A31C9CB53D6F39A5','日常数据统计报表','0','2018-06-26 09:30:13','2016-05-19 04:59:08'),(17,'两学一做','Workbencktwo','h5',0,0,0,'43,04f327c2368c','FA1AEC96A1AC4414A31C9CB53D6F39A5','学党章党规、学系列讲话,做合格党员','0','2018-06-26 09:30:13','2016-05-25 03:10:58'),(18,'数字看生产指标','quoat','h5',0,0,NULL,'45,04f4a4b675f6','FA1AEC96A1AC4414A31C9CB53D6F39A5','通过数字展示各项生产指标','0','2018-06-26 09:30:13','2016-06-14 21:56:46'),(20,'实时监控','monitor','h5',0,0,0,'43,04f5075106bc','FA1AEC96A1AC4414A31C9CB53D6F39A5','设备实时数据监控','0','2018-06-26 09:30:13','2016-06-17 00:08:41'),(21,'非生产设备资产管理','duty','h5',0,0,0,'69,051df2c0400f','FA1AEC96A1AC4414A31C9CB53D6F39A5','日常值班登记、查看','0','2018-06-26 09:30:13','2016-07-04 22:45:13'),(22,'点巡检系统','inspection','app',0,0,0,'1000','FA1AEC96A1AC4414A31C9CB53D6F39A5','日常点检','0','2018-06-26 09:30:13','2016-08-09 00:41:20'),(23,'点巡检系统集成小神探','wizinspection','app',0,0,100,'','FA1AEC96A1AC4414A31C9CB53D6F39A5','点检','0','2018-06-26 09:30:13','2016-11-10 18:10:26');

/*Table structure for table `wztk_client_log` */

DROP TABLE IF EXISTS `wztk_client_log`;

CREATE TABLE `wztk_client_log` (
  `id` varchar(64) NOT NULL COMMENT 'id',
  `uid` varchar(64) DEFAULT NULL COMMENT '用户id',
  `uname` varchar(54) DEFAULT NULL COMMENT '用户名',
  `device_name` varchar(54) DEFAULT NULL COMMENT '设备名称',
  `os_version` varchar(64) DEFAULT NULL COMMENT '系统版本',
  `app_version` varchar(64) DEFAULT NULL COMMENT 'app版本',
  `fid` varchar(45) DEFAULT NULL COMMENT '文件id',
  `type` varchar(20) DEFAULT NULL COMMENT '类型',
  `vendor` varchar(20) DEFAULT NULL COMMENT '设备',
  `model` varchar(100) DEFAULT NULL COMMENT '设备型号',
  `deviceId` varchar(32) DEFAULT NULL COMMENT '设备ID',
  `created` datetime DEFAULT NULL COMMENT '创建时间',
  `time` datetime DEFAULT NULL COMMENT '生成时间',
  `event_path` varchar(200) DEFAULT NULL COMMENT '访问路径',
  `ip` varchar(12) DEFAULT NULL COMMENT '用户IP',
  PRIMARY KEY (`id`)
) ENGINE=InnoDB DEFAULT CHARSET=utf8;

/*Data for the table `wztk_client_log` */

/*Table structure for table `wztk_org` */

DROP TABLE IF EXISTS `wztk_org`;

CREATE TABLE `wztk_org` (
  `org_id` varchar(64) NOT NULL COMMENT 'id',
  `name` varchar(120) NOT NULL DEFAULT '' COMMENT '编码',
  `short_name` varchar(60) NOT NULL DEFAULT '' COMMENT '简称',
  `parent_id` varchar(64) NOT NULL DEFAULT '' COMMENT '父类',
  `location` varchar(256) NOT NULL DEFAULT '' COMMENT '区域',
  `tenant_id` varchar(64) NOT NULL DEFAULT '' COMMENT '租户',
  `sort` int(11) NOT NULL DEFAULT '0' COMMENT '排序',
  PRIMARY KEY (`org_id`),
  KEY `tenant_id` (`tenant_id`),
  CONSTRAINT `wztk_org_ibfk_1` FOREIGN KEY (`tenant_id`) REFERENCES `wztk_tenant` (`tenant_id`) ON UPDATE NO ACTION
) ENGINE=InnoDB DEFAULT CHARSET=utf8;

/*Data for the table `wztk_org` */

insert  into `wztk_org`(`org_id`,`name`,`short_name`,`parent_id`,`location`,`tenant_id`,`sort`) values ('0387074db1e24c09949bd8564085c44d','华源点巡检','华源点巡检','','','0387074db1e24c09949bd8564085c44d',0),('04acc1cf-d838-4b84-95b5-62818876e3b9','高安屯','高安屯','','北京','04acc1cf-d838-4b84-95b5-62818876e3b9',0),('0d33205e-9fae-43b1-b735-a67bdf6161cd','财务产权部','80040004','123ea09d-bb8c-41c6-90fa-9000303bc773','','123ea09d-bb8c-41c6-90fa-9000303bc773',1),('123ea09d-bb8c-41c6-90fa-9000303bc773','岱海发电','岱海发电','','','123ea09d-bb8c-41c6-90fa-9000303bc773',0),('15d96d96-a9f9-46dc-a6c5-c1fae446bbee','审计内控部','85000093','123ea09d-bb8c-41c6-90fa-9000303bc773','','123ea09d-bb8c-41c6-90fa-9000303bc773',1),('1a641344-4a2a-4ab2-b640-a1948efd3efd','总经理工作部','80040001','123ea09d-bb8c-41c6-90fa-9000303bc773','','123ea09d-bb8c-41c6-90fa-9000303bc773',1),('1b0c6ab09b214135a60efce2616ed2ad','测试','测试','0387074db1e24c09949bd8564085c44d','','0387074db1e24c09949bd8564085c44d',1),('1c2197b9-9c56-4796-889e-dafc7edc72ea','兴海电力','兴海电力','123ea09d-bb8c-41c6-90fa-9000303bc773','','123ea09d-bb8c-41c6-90fa-9000303bc773',1),('20E7905A-5630-4490-AAF6-CE1725706B2E','木林','木林','427e3f5a-2a5a-4343-9df5-b9ee23dc9544','','427e3f5a-2a5a-4343-9df5-b9ee23dc9544',0),('24856cd6-f6bb-4e8b-b833-1b4899ee37cf','农林','农林','427e3f5a-2a5a-4343-9df5-b9ee23dc9544','','427e3f5a-2a5a-4343-9df5-b9ee23dc9544',1),('31ab71ce-e69c-4b44-a5ad-c81c3220799e','党群工作部','80040002','123ea09d-bb8c-41c6-90fa-9000303bc773','','123ea09d-bb8c-41c6-90fa-9000303bc773',1),('377cc4fe-2894-4dde-ad27-7d1692c65738','库房管理人员','10','04acc1cf-d838-4b84-95b5-62818876e3b9','','04acc1cf-d838-4b84-95b5-62818876e3b9',10),('37f3547d-9b2b-4218-8e90-a04a4cecef20','专家组','16','04acc1cf-d838-4b84-95b5-62818876e3b9','','04acc1cf-d838-4b84-95b5-62818876e3b9',16),('427e3f5a-2a5a-4343-9df5-b9ee23dc9544','华源热力2','华源热力2','','','427e3f5a-2a5a-4343-9df5-b9ee23dc9544',0),('492623e8-e5ee-45c8-91f5-c12e160075a5','安全监察部','80040009','123ea09d-bb8c-41c6-90fa-9000303bc773','','123ea09d-bb8c-41c6-90fa-9000303bc773',1),('496e28f58b48478790f90a0ea1d2777b','测试部','测试部','FA1AEC96A1AC4414A31C9CB53D6F39A5','测试','FA1AEC96A1AC4414A31C9CB53D6F39A5',1),('4b1dd60549794294837b1b175f7844ef','财务一','财务一','0d33205e-9fae-43b1-b735-a67bdf6161cd','','123ea09d-bb8c-41c6-90fa-9000303bc773',1),('5890ae2e-3489-489e-a594-f7b7fd622553','设备管理部','8','04acc1cf-d838-4b84-95b5-62818876e3b9','','04acc1cf-d838-4b84-95b5-62818876e3b9',8),('60d7c2d5-1f09-478a-85e3-fc8c6ed2b3c7','公司领导','1','04acc1cf-d838-4b84-95b5-62818876e3b9','','04acc1cf-d838-4b84-95b5-62818876e3b9',1),('629dbc18-bdb3-46a5-ab36-e7d8d3c0ef6e','总经理工作部','13','04acc1cf-d838-4b84-95b5-62818876e3b9','','04acc1cf-d838-4b84-95b5-62818876e3b9',13),('70ce3266-3786-453c-86da-dc8e934043e6','发电运行部','9','04acc1cf-d838-4b84-95b5-62818876e3b9','','04acc1cf-d838-4b84-95b5-62818876e3b9',9),('7292606b-d4f7-4611-aa3e-42871b218cd7','党群工作部','4','04acc1cf-d838-4b84-95b5-62818876e3b9','','04acc1cf-d838-4b84-95b5-62818876e3b9',4),('83ddde27-dfda-4f38-85a5-2bf48bf928e9','人力资源部','80040003','123ea09d-bb8c-41c6-90fa-9000303bc773','','123ea09d-bb8c-41c6-90fa-9000303bc773',1),('87AC4A6F10E04DADA4AA415E5E413421','总经办','总经办','FA1AEC96A1AC4414A31C9CB53D6F39A5','总经办','FA1AEC96A1AC4414A31C9CB53D6F39A5',0),('87AC4A6F10E04DADA4AA415E5E414A21','研发部','研发部','FA1AEC96A1AC4414A31C9CB53D6F39A5','研发','FA1AEC96A1AC4414A31C9CB53D6F39A5',0),('87AC4A6F10E04DADA4AA415E5E414A22','设计部','设计部','FA1AEC96A1AC4414A31C9CB53D6F39A5','设计','FA1AEC96A1AC4414A31C9CB53D6F39A5',0),('87AC4A6F10E04DADA4AA415E5E414A23','市场部','市场部','FA1AEC96A1AC4414A31C9CB53D6F39A5','','FA1AEC96A1AC4414A31C9CB53D6F39A5',0),('87AC4A6F10E04DADA4AA415E5E414A24','综合管理部','综合管理部','FA1AEC96A1AC4414A31C9CB53D6F39A5','','FA1AEC96A1AC4414A31C9CB53D6F39A5',0),('969c3734063a461986890901c271dd83','测试一部','测试一部','','','7f042464e5684240bd00a223c49d93b1',1),('a214fc7b-0886-4075-81da-5e4b2eeacd54','水林','水林','427e3f5a-2a5a-4343-9df5-b9ee23dc9544','','427e3f5a-2a5a-4343-9df5-b9ee23dc9544',1),('a3a9bcc5-de5e-41a2-8a88-268dfafb0bb9','生产技术部','GAT12','04acc1cf-d838-4b84-95b5-62818876e3b9','','04acc1cf-d838-4b84-95b5-62818876e3b9',0),('a72f4903-c005-44f6-b714-aa66346f31ad','财务管理部','5','04acc1cf-d838-4b84-95b5-62818876e3b9','','04acc1cf-d838-4b84-95b5-62818876e3b9',5),('ab6a1d29-391f-4de5-8eb2-79c46e671151','物资管理部','15','04acc1cf-d838-4b84-95b5-62818876e3b9','','04acc1cf-d838-4b84-95b5-62818876e3b9',15),('abee9955-74e1-4ff1-b25a-c5de0018b60f','信息通讯部','80040008','123ea09d-bb8c-41c6-90fa-9000303bc773','','123ea09d-bb8c-41c6-90fa-9000303bc773',1),('c23af63c-b8ee-424d-b94c-56eb88824296','经营计划部','80040007','123ea09d-bb8c-41c6-90fa-9000303bc773','','123ea09d-bb8c-41c6-90fa-9000303bc773',1),('c5f3f437-5390-4949-9064-2db3d79b1139','人力资源部','14','04acc1cf-d838-4b84-95b5-62818876e3b9','','04acc1cf-d838-4b84-95b5-62818876e3b9',14),('c857653e-c29d-459d-b693-ca4712053aa5','生产技术部','85000776','123ea09d-bb8c-41c6-90fa-9000303bc773','','123ea09d-bb8c-41c6-90fa-9000303bc773',1),('c9e4aac7-e73d-4ed6-aa32-54f1cf1dda53','设备部','80040011','123ea09d-bb8c-41c6-90fa-9000303bc773','','123ea09d-bb8c-41c6-90fa-9000303bc773',1),('cb9f4f26-1fd5-4235-bc64-b2dbcd06a91f','燃料管理部','80040006','123ea09d-bb8c-41c6-90fa-9000303bc773','','123ea09d-bb8c-41c6-90fa-9000303bc773',1),('ccf8939a-3029-4e08-b79a-803283ea7d6a','公司领导','80040048','123ea09d-bb8c-41c6-90fa-9000303bc773','','123ea09d-bb8c-41c6-90fa-9000303bc773',1),('d68429a2-8ae2-46e6-ac52-f4cbcce52c5e','经营计划部（市场营销部）','GAT22','04acc1cf-d838-4b84-95b5-62818876e3b9','','04acc1cf-d838-4b84-95b5-62818876e3b9',0),('e0733485-5cce-45ad-8b78-bd495b41aafa','安全监察部','GAT13','04acc1cf-d838-4b84-95b5-62818876e3b9','','04acc1cf-d838-4b84-95b5-62818876e3b9',0),('e0895263-eb77-4665-9e9f-7e772a56be36','石热项目部','GAT20','5890ae2e-3489-489e-a594-f7b7fd622553','','04acc1cf-d838-4b84-95b5-62818876e3b9',0),('e5b87b7f-183a-47e3-9ba8-8df8097c21ad','物资管理部','80040005','123ea09d-bb8c-41c6-90fa-9000303bc773','','123ea09d-bb8c-41c6-90fa-9000303bc773',1),('f1181dfb-95bf-4c19-b3de-5db9252c9a4f','发电部','80040010','123ea09d-bb8c-41c6-90fa-9000303bc773','','123ea09d-bb8c-41c6-90fa-9000303bc773',1),('f44a2ed2-fee2-4a18-a2dc-8a46b86812e0','测试部门','GAT23','04acc1cf-d838-4b84-95b5-62818876e3b9','','04acc1cf-d838-4b84-95b5-62818876e3b9',0),('f818f986-350b-481f-92d2-48f7a4cef4bb','建筑维护','建筑维护','04acc1cf-d838-4b84-95b5-62818876e3b9','','04acc1cf-d838-4b84-95b5-62818876e3b9',30),('FA1AEC96A1AC4414A31C9CB53D6F39A5','深圳鹏锐','深圳鹏锐','','','FA1AEC96A1AC4414A31C9CB53D6F39A5',0);

/*Table structure for table `wztk_tenant` */

DROP TABLE IF EXISTS `wztk_tenant`;

CREATE TABLE `wztk_tenant` (
  `tenant_id` varchar(128) NOT NULL,
  `code` varchar(64) NOT NULL DEFAULT '',
  `tenant_name` varchar(128) NOT NULL DEFAULT '',
  `status` int(11) NOT NULL DEFAULT '0',
  `customer_id` varchar(64) DEFAULT NULL,
  `created` datetime DEFAULT NULL,
  `updated` datetime DEFAULT NULL,
  PRIMARY KEY (`tenant_id`)
) ENGINE=InnoDB DEFAULT CHARSET=utf8;

/*Data for the table `wztk_tenant` */

insert  into `wztk_tenant`(`tenant_id`,`code`,`tenant_name`,`status`,`customer_id`,`created`,`updated`) values ('0387074db1e24c09949bd8564085c44d','3','ddd',0,'1','2016-04-15 08:00:00','2016-04-15 08:00:00'),('04acc1cf-d838-4b84-95b5-62818876e3b9','2','高安屯',0,'1','2017-12-05 16:41:10','2017-12-05 16:41:10'),('123ea09d-bb8c-41c6-90fa-9000303bc773','1','岱海发电',0,'2','2017-11-06 14:55:22','2017-12-03 17:56:00'),('20E7905A-5630-4490-AAF6-CE1725706B2E','1','华源点巡检',1,'','2018-03-06 09:31:00','2018-03-06 09:31:00'),('427e3f5a-2a5a-4343-9df5-b9ee23dc9544','3','华源热力',1,'1',NULL,NULL),('7f042464e5684240bd00a223c49d93b1','0','WIZ测试',0,'','2018-01-31 07:23:15','2018-01-31 07:23:15'),('bb2e584e0b7d483b97a002cb893a99ac','001','高安屯电厂',2,'','2017-11-07 09:34:45','2017-11-07 09:34:45'),('FA1AEC96A1AC4414A31C9CB53D6F39A5','12','深圳鹏锐',1,'1','2016-04-15 08:00:00','2017-11-07 09:24:49');

/*Table structure for table `wztk_user` */

DROP TABLE IF EXISTS `wztk_user`;

CREATE TABLE `wztk_user` (
  `id` varchar(64) NOT NULL COMMENT 'id',
  `name` varchar(45) NOT NULL DEFAULT '' COMMENT '用户名',
  `nickname` varchar(45) NOT NULL DEFAULT '' COMMENT '昵称',
  `avatar` varchar(45) DEFAULT '' COMMENT '图标',
  `status` int(11) DEFAULT '0' COMMENT '状态',
  `password` varchar(32) DEFAULT '' COMMENT '密码',
  `tenant_id` varchar(64) DEFAULT '' COMMENT '租户',
  `email` varchar(64) NOT NULL DEFAULT '' COMMENT '邮件',
  `mobile` varchar(11) NOT NULL DEFAULT '' COMMENT '电话',
  `created` datetime DEFAULT NULL COMMENT '创建时间',
  `updated` datetime DEFAULT NULL COMMENT '更新时间',
  `dept_id` bigint(20) DEFAULT NULL COMMENT '部门ID',
  `salt` varchar(20) DEFAULT NULL COMMENT '盐值',
  PRIMARY KEY (`id`),
  KEY `dept_id` (`dept_id`),
  KEY `tenant_id` (`tenant_id`),
  CONSTRAINT `wztk_user_ibfk_1` FOREIGN KEY (`dept_id`) REFERENCES `sys_dept` (`dept_id`),
  CONSTRAINT `wztk_user_ibfk_2` FOREIGN KEY (`tenant_id`) REFERENCES `wztk_tenant` (`tenant_id`)
) ENGINE=InnoDB DEFAULT CHARSET=utf8;

/*Data for the table `wztk_user` */

insert  into `wztk_user`(`id`,`name`,`nickname`,`avatar`,`status`,`password`,`tenant_id`,`email`,`mobile`,`created`,`updated`,`dept_id`,`salt`) values ('00588ea2-d281-4527-9bfb-a0dac24f0576','LIJK0058','李金奎_兴海电力','366,1f92023c00b6',0,'b057ec4561d9143541a08586cadb4cf5','123ea09d-bb8c-41c6-90fa-9000303bc773','','','2016-11-19 14:01:27','2017-12-03 17:56:00',NULL,NULL),('00777a96-249e-4815-b38e-c5b50fa18020','YANGQ3017','杨谦','364,1f93cdf3b852',0,'25F9E794323B453885F5181F1B624D0B','123ea09d-bb8c-41c6-90fa-9000303bc773','','','2016-11-19 13:58:07','2017-12-03 17:56:00',NULL,NULL),('00ad9289-1683-45e7-9342-0a3aa9d763aa','LIB7334','李波','366,1f94442cba92',0,'25F9E794323B453885F5181F1B624D0B','123ea09d-bb8c-41c6-90fa-9000303bc773','','','2016-11-19 13:58:05','2017-12-03 17:56:00',NULL,NULL),('00b61dc8-0aa6-49fb-b0f0-70ebe3b3cf97','JIAP3635','贾鹏_兴海电力','363,1f95d41c2609',0,'25F9E794323B453885F5181F1B624D0B','123ea09d-bb8c-41c6-90fa-9000303bc773','Ariallyp@gmail.com','18675582025','2016-11-19 14:01:27','2017-12-03 17:56:00',NULL,'dd'),('010b8523-cc79-40cb-855d-27b8e2b9b943','WANGYQ2513','王有权_京能检修','366,1f97ee281765',0,'25F9E794323B453885F5181F1B624D0B','123ea09d-bb8c-41c6-90fa-9000303bc773','','','2016-11-19 14:03:01','2017-12-03 17:56:00',NULL,NULL),('011a1e1e-69c1-4ecf-853b-b03f19efcfff','WANGB1917','王斌_内蒙峰业','363,1f9909078e2a',0,'25F9E794323B453885F5181F1B624D0B','123ea09d-bb8c-41c6-90fa-9000303bc773','','','2016-11-19 14:01:25','2017-12-03 17:56:00',NULL,NULL),('013629df-2c3e-4709-aa17-acc2db766e14','sunll0032','孙龙龙_京能检修','363,1f9ad7ce2a73',0,'25F9E794323B453885F5181F1B624D0B','123ea09d-bb8c-41c6-90fa-9000303bc773','','','2016-11-19 14:05:07','2017-12-03 17:56:00',NULL,NULL),('018c6e31-6681-47f5-9f12-fe5edd442e37','LIUW0193','刘伟','364,1f9bdbf33b61',0,'25F9E794323B453885F5181F1B624D0B','123ea09d-bb8c-41c6-90fa-9000303bc773','','','2016-11-19 13:58:05','2017-12-03 17:56:00',NULL,NULL),('0193d2e3-2845-4eaa-916c-8afa18d5d005','YANGZY0514','杨振宇','366,1f9c1ac3f050',0,'25F9E794323B453885F5181F1B624D0B','123ea09d-bb8c-41c6-90fa-9000303bc773','','','2016-11-19 13:58:06','2017-12-03 17:56:00',NULL,NULL),('028270d8-a69d-41c8-adda-a2ed7bd73935','GUOY7319','郭毅','366,1f9ec8fc513a',0,'25F9E794323B453885F5181F1B624D0B','123ea09d-bb8c-41c6-90fa-9000303bc773','','','2016-11-19 13:58:05','2017-12-03 17:56:00',NULL,NULL),('029d70f4-481a-4c21-8112-969c00bce145','zhangt2013','张涛_京能检修','368,1f9f86a39e0e',0,'25F9E794323B453885F5181F1B624D0B','123ea09d-bb8c-41c6-90fa-9000303bc773','','','2017-06-22 09:07:41','2017-12-03 17:56:01',NULL,NULL),('02c8007b-1427-4392-a090-f5cba4efc1f3','SONGH0018','宋辉_内蒙峰业','365,1fa176735460',0,'25F9E794323B453885F5181F1B624D0B','123ea09d-bb8c-41c6-90fa-9000303bc773','','','2016-11-19 14:01:25','2017-12-03 17:56:01',NULL,NULL),('030a8a33-8ffd-4c24-a051-6758db86c16c','ZHAOWH4219','赵文豪_兴海电力','367,1fa2ac3be701',0,'25F9E794323B453885F5181F1B624D0B','123ea09d-bb8c-41c6-90fa-9000303bc773','','','2016-11-19 14:01:27','2017-12-03 17:56:01',NULL,NULL),('030ab94b-1119-433a-ae34-b7e23fe53c44','ZHAOH0551','赵虎_兴海电力','366,1fa30eee62e9',0,'25F9E794323B453885F5181F1B624D0B','123ea09d-bb8c-41c6-90fa-9000303bc773','','','2016-11-19 14:01:27','2017-12-03 17:56:01',NULL,NULL),('0376a4fb-7be0-4a7e-8812-20a9c2b25a72','YANGYZ2000','杨云泽_兴海电力','367,1fa488d6c0fe',0,'25F9E794323B453885F5181F1B624D0B','123ea09d-bb8c-41c6-90fa-9000303bc773','','','2016-11-19 14:01:26','2017-12-03 17:56:01',NULL,NULL),('039eee34-4b62-41da-a8e9-7a6802d2f5ab','ZHAOT0536','赵瞳','363,1fa5783481c1',0,'25F9E794323B453885F5181F1B624D0B','123ea09d-bb8c-41c6-90fa-9000303bc773','','','2016-11-19 13:58:06','2017-12-03 17:56:01',NULL,NULL),('040339be-7c0d-41de-8f1d-2539f9774ec7','BAIYL0255','白永亮','367,1fa7a566ee04',0,'25F9E794323B453885F5181F1B624D0B','123ea09d-bb8c-41c6-90fa-9000303bc773','','','2016-11-19 13:58:05','2017-12-03 17:56:01',NULL,NULL),('045a1038-fb31-4078-83b9-ebff6e95cc79','GUOZW2410','郭占伟','362,1fa8545d7164',0,'25F9E794323B453885F5181F1B624D0B','123ea09d-bb8c-41c6-90fa-9000303bc773','','','2016-11-19 13:58:05','2017-12-03 17:56:01',NULL,NULL),('047cd71b-0347-4a02-a775-f68a4e8ea716','ZHANGXD7013','张新栋','367,1fa943c34b5e',0,'25F9E794323B453885F5181F1B624D0B','123ea09d-bb8c-41c6-90fa-9000303bc773','','','2016-11-19 13:58:06','2017-12-03 17:56:01',NULL,NULL),('059ec9f1-1737-4fc8-b1b1-edcadfadfe45','WANGWB0320','王文博',NULL,0,'25F9E794323B453885F5181F1B624D0B','04acc1cf-d838-4b84-95b5-62818876e3b9','','','2017-03-15 16:39:11','2017-12-27 10:47:48',NULL,NULL),('05ad10ab-e1ae-406e-ab4c-7e0585b53743','GUOHB1119','郭海滨',NULL,0,'25F9E794323B453885F5181F1B624D0B','04acc1cf-d838-4b84-95b5-62818876e3b9','','','2016-09-01 10:44:54','2017-12-27 10:47:48',NULL,NULL),('0618b714-e828-4136-bdb2-b090d61eedde','hyrli4','hyrli4','',0,'25F9E794323B453885F5181F1B624D0B','427e3f5a-2a5a-4343-9df5-b9ee23dc9544','122@qq.com','111','2018-03-30 03:25:51','2018-03-30 03:25:51',NULL,NULL),('065fbc89-d2e7-4118-8217-1df842276509','LIZX6018','李振兴_内蒙峰业','368,1fada5bfa07d',0,'25F9E794323B453885F5181F1B624D0B','123ea09d-bb8c-41c6-90fa-9000303bc773','','','2016-11-19 14:01:25','2017-12-03 17:56:01',NULL,NULL),('06a6e9f9dbae43fe974cffef16413aa0','huanghanguo','黄汉国','360,7c07324539c2',0,'25F9E794323B453885F5181F1B624D0B','FA1AEC96A1AC4414A31C9CB53D6F39A5','1213@qq.com','1212','2018-06-08 10:05:04','2018-07-02 03:49:25',NULL,NULL),('06ab08f6-0bef-428c-b54a-2c698c71502d','zanym6814','昝圆满_京能检修','366,1faec8ef1abc',0,'25F9E794323B453885F5181F1B624D0B','123ea09d-bb8c-41c6-90fa-9000303bc773','','','2017-10-26 14:56:13','2017-12-03 17:56:01',NULL,NULL),('070e5028-f7c8-4329-8841-10ccf9b64684','ZHANGZHL2018','张志龙_兴海电力','363,1faf18766255',0,'25F9E794323B453885F5181F1B624D0B','123ea09d-bb8c-41c6-90fa-9000303bc773','','','2016-11-19 14:01:27','2017-12-03 17:56:01',NULL,NULL),('0757a888-c67d-4025-9d9d-994b4a311de9','LIUB1017','刘彬','363,1fb03ca3d189',0,'25F9E794323B453885F5181F1B624D0B','123ea09d-bb8c-41c6-90fa-9000303bc773','','','2016-11-19 13:58:06','2017-12-03 17:56:01',NULL,NULL),('0781fb7c-5da4-4629-99c2-0c484a0af6a9','YANGRS0026','杨睿思','366,1fb191b2c7bf',0,'25F9E794323B453885F5181F1B624D0B','123ea09d-bb8c-41c6-90fa-9000303bc773','','','2016-11-19 13:58:06','2017-12-03 17:56:01',NULL,NULL),('07cf0dfa-ed30-4eb3-b782-8a92a8a8c379','TANMY0016','谭梦宇',NULL,0,'25F9E794323B453885F5181F1B624D0B','04acc1cf-d838-4b84-95b5-62818876e3b9','','','2017-02-27 15:55:38','2017-12-27 10:47:48',NULL,NULL),('07dcf109-4ef6-46ba-9aa5-f50568a14d55','YANGZJ2717','杨子建','354,33dc709cfc6c',0,'25F9E794323B453885F5181F1B624D0B','04acc1cf-d838-4b84-95b5-62818876e3b9','111111@qq.com','13526805232','2015-11-30 10:53:29','2017-12-27 10:47:48',NULL,NULL),('07e31e8f-5f7a-4cda-ba30-917e0c25fcb8','gaof5097','高飞_兴海电力','368,1fb506699174',0,'25F9E794323B453885F5181F1B624D0B','123ea09d-bb8c-41c6-90fa-9000303bc773','','','2017-11-08 11:35:41','2017-12-03 17:56:01',NULL,NULL),('07f0f680-226b-4a25-b655-69f55f663b06','ZHANGPC4511','张鹏成_京能检修','366,1fb694c2c44c',0,'25F9E794323B453885F5181F1B624D0B','123ea09d-bb8c-41c6-90fa-9000303bc773','','','2016-11-19 14:03:01','2017-12-03 17:56:01',NULL,NULL),('080aaf4d-e5d7-4b4a-8ff1-f1a3bfe8ae05','许丽强','许丽强',NULL,0,'25F9E794323B453885F5181F1B624D0B','04acc1cf-d838-4b84-95b5-62818876e3b9','','','2015-11-30 10:53:32','2017-12-27 10:47:48',NULL,NULL),('083e547b-62a0-4318-8534-340884964b3d','HAOS0012','郝帅_内蒙峰业','367,1fb844f44fdd',0,'25F9E794323B453885F5181F1B624D0B','123ea09d-bb8c-41c6-90fa-9000303bc773','','','2016-11-19 14:01:24','2017-12-03 17:56:01',NULL,NULL),('085e360e-a9ea-4051-b898-baf0ae5e500b','zhihx0511','支海星_京能检修','366,1fb96a936e44',0,'25F9E794323B453885F5181F1B624D0B','123ea09d-bb8c-41c6-90fa-9000303bc773','','','2016-11-19 14:03:01','2017-12-03 17:56:01',NULL,NULL),('0919837e-3647-4826-a8da-3dd0b7c498bb','YANGJB2615','杨建兵_兴海电力','364,1fba357a5941',0,'25F9E794323B453885F5181F1B624D0B','123ea09d-bb8c-41c6-90fa-9000303bc773','','','2016-11-19 14:01:26','2017-12-03 17:56:01',NULL,NULL),('09965b9a-2cf8-4121-be3d-21930c4cc38f','LIULR2419','刘利蕊_兴海电力','367,1fbb2e1aa477',0,'25F9E794323B453885F5181F1B624D0B','123ea09d-bb8c-41c6-90fa-9000303bc773','','','2016-11-19 14:01:27','2017-12-03 17:56:01',NULL,NULL),('09a202db-093c-473b-afeb-8ef570426d05','LIX5431','李星_兴海电力','367,1fbcd53463b9',0,'25F9E794323B453885F5181F1B624D0B','123ea09d-bb8c-41c6-90fa-9000303bc773','','','2016-11-19 14:01:26','2017-12-03 17:56:01',NULL,NULL),('0a55ae05-417a-43ed-86bd-f418fb48ceeb','LIANGZJ0512','梁志军','363,1fbdd4fcd8b4',0,'25F9E794323B453885F5181F1B624D0B','123ea09d-bb8c-41c6-90fa-9000303bc773','','','2016-11-19 13:58:05','2017-12-03 17:56:01',NULL,NULL),('0a5c0083-5dd9-4e6f-b39d-76fec2322d40','JIAZY0532','贾朝阳',NULL,0,'25F9E794323B453885F5181F1B624D0B','04acc1cf-d838-4b84-95b5-62818876e3b9','','','2017-02-27 15:52:57','2017-12-27 10:47:48',NULL,NULL),('0a6151fa-005c-409f-93b4-bddb5eeeba3a','GUOZH0014','郭智慧','367,1fbf42d0eb53',0,'25F9E794323B453885F5181F1B624D0B','123ea09d-bb8c-41c6-90fa-9000303bc773','','','2016-11-19 13:58:06','2017-12-03 17:56:01',NULL,NULL),('0a85eb03-2e22-462c-aef9-75adcc979c65','dengyw0335','邓玉文_京能检修','367,1fc08bc5a7a7',0,'25F9E794323B453885F5181F1B624D0B','123ea09d-bb8c-41c6-90fa-9000303bc773','','','2016-11-19 14:07:27','2017-12-03 17:56:01',NULL,NULL),('0b07175e-ac18-4a50-b2b5-4e51a6a39a91','TANGWJ8050','汤文军','368,1fc3615bda97',0,'25F9E794323B453885F5181F1B624D0B','123ea09d-bb8c-41c6-90fa-9000303bc773','','','2016-11-19 13:58:05','2017-12-03 17:56:01',NULL,NULL),('0b8dced0-7dba-4361-9bef-8dd61743b4ee','WANGGB4013','王国兵_兴海电力','363,1fc488186127',0,'25F9E794323B453885F5181F1B624D0B','123ea09d-bb8c-41c6-90fa-9000303bc773','','','2016-11-19 14:01:26','2017-12-03 17:56:01',NULL,NULL),('0ba57fdc-5950-4edb-8f5c-8de663ee7985','SUNXH1357','孙晓红_京能检修','368,1fc5649bf87d',0,'25F9E794323B453885F5181F1B624D0B','123ea09d-bb8c-41c6-90fa-9000303bc773','','','2016-11-19 14:03:01','2017-12-03 17:56:01',NULL,NULL),('0bc27d46-d12b-418f-ae59-ca2c17d20aa5','GUOQ4014','郭庆_兴海电力','362,1fc6c68cbf48',0,'25F9E794323B453885F5181F1B624D0B','123ea09d-bb8c-41c6-90fa-9000303bc773','','','2016-11-19 14:01:26','2017-12-03 17:56:01',NULL,NULL),('0c3c01b1-0b23-41be-997d-08b076d7c188','LIUY0031','刘宇_兴海电力','368,1fc9e6acedef',0,'25F9E794323B453885F5181F1B624D0B','123ea09d-bb8c-41c6-90fa-9000303bc773','','','2016-11-19 14:01:26','2017-12-03 17:56:01',NULL,NULL),('0cbcb231-0118-4196-ba9b-d531120e7272','YUND0016','云德_京能检修','367,1fca27df2fde',0,'25F9E794323B453885F5181F1B624D0B','123ea09d-bb8c-41c6-90fa-9000303bc773','','','2017-10-26 14:56:13','2017-12-03 17:56:01',NULL,NULL),('0d30d13c-4e73-44e1-a3a8-a57ec0ecb133','PANH6009','潘惠',NULL,0,'25F9E794323B453885F5181F1B624D0B','04acc1cf-d838-4b84-95b5-62818876e3b9','panhui@gaoantunpower.com','','2015-11-30 10:53:27','2017-12-27 10:47:48',NULL,NULL),('0d4e43dc-6edd-4cb5-9ab6-4976a8135b48','LIUCHQ0116','刘超群_兴海电力','363,1fcd7c362d81',0,'25F9E794323B453885F5181F1B624D0B','123ea09d-bb8c-41c6-90fa-9000303bc773','','','2016-11-19 14:01:26','2017-12-03 17:56:01',NULL,NULL),('0d9a4fe4-3fcc-4ce0-b6ad-7bb652904288','LIUXH7311','刘笑晗','363,1fce2c8bb52c',0,'25F9E794323B453885F5181F1B624D0B','123ea09d-bb8c-41c6-90fa-9000303bc773','','','2016-11-19 13:58:05','2017-12-03 17:56:02',NULL,NULL),('0df7b97e-0a07-404d-8981-7e976acb60da','WANGXY6919','王晓宇_兴海电力','364,1fcfee621e98',0,'25F9E794323B453885F5181F1B624D0B','123ea09d-bb8c-41c6-90fa-9000303bc773','','','2016-11-19 14:01:25','2017-12-03 17:56:02',NULL,NULL),('0e5dd55b-09ad-41e4-a5e1-3fae587b9d96','LIUJW2014','刘建武_兴海电力','365,1fd1cab288d0',0,'25F9E794323B453885F5181F1B624D0B','123ea09d-bb8c-41c6-90fa-9000303bc773','','','2016-11-19 14:01:26','2017-12-03 17:56:02',NULL,NULL),('0e6ae7f1-277b-4494-a0e4-7beb2071dc32','YANGXX3011','杨鑫旭','367,1fd22acf977e',0,'25F9E794323B453885F5181F1B624D0B','123ea09d-bb8c-41c6-90fa-9000303bc773','','','2016-11-19 13:58:06','2017-12-03 17:56:02',NULL,NULL),('0ed8b7a1-ce92-4ba0-bb56-a3e8d68448eb','JIAOL3117','焦亮',NULL,0,'25F9E794323B453885F5181F1B624D0B','04acc1cf-d838-4b84-95b5-62818876e3b9','jiaoliang@gaoantunpower.com','','2015-11-30 10:53:30','2017-12-27 10:47:48',NULL,NULL),('0f268833-212f-4d56-83e2-8b3f1f3ddcb4','WANGBY251X','王宝义',NULL,0,'1BA3B62F904D47C0C908FD482E6A32CB','04acc1cf-d838-4b84-95b5-62818876e3b9','','','2015-11-30 10:53:32','2017-12-27 10:47:48',NULL,NULL),('0f48cc63-2327-4bae-9947-2fcb6e066b11','刘宏涛','刘宏涛',NULL,0,'25F9E794323B453885F5181F1B624D0B','04acc1cf-d838-4b84-95b5-62818876e3b9','','','2015-11-30 10:53:33','2017-12-27 10:47:48',NULL,NULL),('0f5e4443-7599-46f8-84c8-0f73da473e6f','ZHAOZJ1812','赵增军',NULL,0,'25F9E794323B453885F5181F1B624D0B','04acc1cf-d838-4b84-95b5-62818876e3b9','zhaozengjun@gaoantunpower.com','','2015-11-30 10:53:29','2017-12-27 10:47:48',NULL,NULL),('0f6c8979-f539-48bf-8027-71b271b97aee','ZHAOSK0038','赵舒凯_兴海电力','365,1fd74bf42a34',0,'25F9E794323B453885F5181F1B624D0B','123ea09d-bb8c-41c6-90fa-9000303bc773','','','2016-11-19 14:01:25','2017-12-03 17:56:02',NULL,NULL),('0f8aaf00-2dda-4020-a769-84e2caf53462','yangys1513','杨永顺_京能检修','366,1fd88a50d1e1',0,'25F9E794323B453885F5181F1B624D0B','123ea09d-bb8c-41c6-90fa-9000303bc773','','','2016-11-19 14:07:27','2017-12-03 17:56:02',NULL,NULL),('0fd81695-e5f9-4396-b816-5c6985b5e822','LIUN6826','刘宁_兴海电力','362,1fd9a2a3e98c',0,'25F9E794323B453885F5181F1B624D0B','123ea09d-bb8c-41c6-90fa-9000303bc773','','','2016-11-19 14:01:26','2017-12-03 17:56:02',NULL,NULL),('1009e2a5-901b-4ae8-a64e-21a3c9a703ca','TIANR6014','田瑞_兴海电力','366,1fda8bd901bb',0,'25F9E794323B453885F5181F1B624D0B','123ea09d-bb8c-41c6-90fa-9000303bc773','','','2016-11-19 14:01:27','2017-12-03 17:56:02',NULL,NULL),('10742fbf-7329-4bf0-87ff-8d0df1042b5d','SUNYL1216','孙玉龙','365,1fdb49794af3',0,'25F9E794323B453885F5181F1B624D0B','123ea09d-bb8c-41c6-90fa-9000303bc773','','','2016-11-19 13:58:06','2017-12-03 17:56:02',NULL,NULL),('10971421-09e3-4888-9752-9e0ac371f56d','ZHANGJZ0534','张建智_京能检修','364,1fdc82ca27ce',0,'25F9E794323B453885F5181F1B624D0B','123ea09d-bb8c-41c6-90fa-9000303bc773','','','2016-11-19 14:03:01','2017-12-03 17:56:02',NULL,NULL),('10d97cff-cb0c-4e2d-bd66-bda6f4f898b8','xiezw9730','谢智伟','367,1fdd2e1232ea',0,'25F9E794323B453885F5181F1B624D0B','123ea09d-bb8c-41c6-90fa-9000303bc773','','','2017-06-07 10:34:42','2017-12-03 17:56:02',NULL,NULL),('113376ed-f107-4a54-bdf5-35cecc9a4a5a','LIX0615','李翔_内蒙峰业','367,1fdeb2762962',0,'25F9E794323B453885F5181F1B624D0B','123ea09d-bb8c-41c6-90fa-9000303bc773','','','2016-11-19 14:01:25','2017-12-03 17:56:02',NULL,NULL),('11e935d8-2402-4881-9fc1-90230a689762','GUOEY4015','郭二永_兴海电力','363,1fe0fe3da91a',0,'25F9E794323B453885F5181F1B624D0B','123ea09d-bb8c-41c6-90fa-9000303bc773','','','2016-11-19 14:01:26','2017-12-03 17:56:02',NULL,NULL),('1221e57a-d03d-4ef3-8aeb-f6687d36380c','liudw9014','刘大伟_京能检修','366,1fe39854b4fb',0,'25F9E794323B453885F5181F1B624D0B','123ea09d-bb8c-41c6-90fa-9000303bc773','','','2016-11-19 14:07:27','2017-12-03 17:56:02',NULL,NULL),('1287dac9-79fa-4d53-8ad8-d6e38cecd9f9','SUNC0019','孙超','363,1fe45b773e1f',0,'25F9E794323B453885F5181F1B624D0B','123ea09d-bb8c-41c6-90fa-9000303bc773','','','2016-11-19 13:58:05','2017-12-03 17:56:02',NULL,NULL),('12979c9b-133a-4459-8c90-f46261e063f7','YUEJY3539','岳建英_内蒙峰业','363,1fe56ff7c63b',0,'25F9E794323B453885F5181F1B624D0B','123ea09d-bb8c-41c6-90fa-9000303bc773','','','2016-11-19 14:01:25','2017-12-03 17:56:02',NULL,NULL),('12a621f4-b111-4b57-a1bc-4a5d84196032','LIK7114','李堃',NULL,0,'25F9E794323B453885F5181F1B624D0B','04acc1cf-d838-4b84-95b5-62818876e3b9','','','2017-03-15 16:41:09','2017-12-27 10:47:48',NULL,NULL),('12d7e1a5-2e4c-4417-8073-4f2892513756','HUANGC0059','黄冲','364,1fe7bac35e07',0,'25F9E794323B453885F5181F1B624D0B','123ea09d-bb8c-41c6-90fa-9000303bc773','','','2016-11-19 13:58:05','2017-12-03 17:56:02',NULL,NULL),('1307d026-c0cb-4722-a8d4-d7d21f599bb8','YEJ2130','叶季',NULL,0,'BED5F515D64E618E58B7C03D5D2C5D25','04acc1cf-d838-4b84-95b5-62818876e3b9','yeji@gaoantunpower.com','','2015-11-30 10:53:30','2017-12-27 10:47:48',NULL,NULL),('13284fb2-3738-433a-a577-13763a3f9d06','MAWG2558','马文国','363,1feaaca7bbcc',0,'25F9E794323B453885F5181F1B624D0B','123ea09d-bb8c-41c6-90fa-9000303bc773','','','2016-11-19 13:58:05','2017-12-03 17:56:02',NULL,NULL),('132ca2c5-2ea6-4ddb-8e2c-096666218d82','FUDW0016','付德炜','366,1feb393727f3',0,'25F9E794323B453885F5181F1B624D0B','123ea09d-bb8c-41c6-90fa-9000303bc773','','','2016-11-19 13:58:05','2017-12-03 17:56:02',NULL,NULL),('134819dc-a968-4dcb-a772-7dd0dbcf29e8','YANGX217','杨旭','367,1fec9bc0f5b6',0,'25F9E794323B453885F5181F1B624D0B','123ea09d-bb8c-41c6-90fa-9000303bc773','','','2016-11-19 13:58:07','2017-12-03 17:56:02',NULL,NULL),('13629854-a142-4488-8c2a-5d157188307a','HAOJX5420','郝建荀','364,1fed2336b196',0,'25F9E794323B453885F5181F1B624D0B','123ea09d-bb8c-41c6-90fa-9000303bc773','','','2016-11-19 13:58:05','2017-12-03 17:56:02',NULL,NULL),('1381f39a-3565-4e5a-81f9-6899bca77f01','LEIXL8012','雷晓磊_兴海电力','368,1fee8d9d297d',0,'25F9E794323B453885F5181F1B624D0B','123ea09d-bb8c-41c6-90fa-9000303bc773','','','2016-11-19 14:01:25','2017-12-03 17:56:02',NULL,NULL),('138569cb-854a-49ca-bc93-a8e9b45ab67f','LIRN0014','李瑞年',NULL,0,'25F9E794323B453885F5181F1B624D0B','04acc1cf-d838-4b84-95b5-62818876e3b9','liruinian@gaoantunpower.com','','2015-11-30 10:53:30','2017-12-27 10:47:48',NULL,NULL),('138a84de-c859-4197-8c24-5b3514eaaf92','HUYH5216','胡愿华','365,1ff06f072e47',0,'25F9E794323B453885F5181F1B624D0B','123ea09d-bb8c-41c6-90fa-9000303bc773','','','2016-11-19 13:58:05','2017-12-03 17:56:02',NULL,NULL),('13bc8860-26c2-4657-b943-5695aa15ebdb','CUIZN6017','崔昭宁',NULL,0,'25F9E794323B453885F5181F1B624D0B','04acc1cf-d838-4b84-95b5-62818876e3b9','','','2016-08-02 16:40:23','2017-12-27 10:47:48',NULL,NULL),('14281acb-a3c0-4d37-8206-8b941360ac00','LIHX1886','李海霞',NULL,0,'25F9E794323B453885F5181F1B624D0B','04acc1cf-d838-4b84-95b5-62818876e3b9','lihaixia@gaoantunpower.com','','2015-11-30 10:53:28','2017-12-27 10:47:48',NULL,NULL),('14610e81-7133-41c2-91ec-dcb31581e156','zhangjf4518','张锦峰','367,1ff4126e9f00',0,'25F9E794323B453885F5181F1B624D0B','123ea09d-bb8c-41c6-90fa-9000303bc773','','','2017-04-26 14:57:42','2017-12-03 17:56:02',NULL,NULL),('1480483a-33e0-4f2a-8d30-23cc9a103ace','MOY4915','莫义',NULL,0,'25F9E794323B453885F5181F1B624D0B','04acc1cf-d838-4b84-95b5-62818876e3b9','','','2017-02-27 15:46:36','2017-12-27 10:47:48',NULL,NULL),('14ca6066-0739-4c5c-96b8-63d63cdd8f11','ZHULZ0525','朱灵芝',NULL,0,'25F9E794323B453885F5181F1B624D0B','04acc1cf-d838-4b84-95b5-62818876e3b9','','','2015-11-30 10:53:31','2017-12-27 10:47:49',NULL,NULL),('1513904b-5db6-4229-b216-7b3c96951af8','baoyh201x','包宇行_京能检修','367,1ff8039e278a',0,'25F9E794323B453885F5181F1B624D0B','123ea09d-bb8c-41c6-90fa-9000303bc773','','','2016-11-19 14:07:27','2017-12-03 17:56:02',NULL,NULL),('152e0702-3c08-499e-9a54-f6519faf1934','LILY5503','李利元_兴海电力','363,1ff98bbd610e',0,'25F9E794323B453885F5181F1B624D0B','123ea09d-bb8c-41c6-90fa-9000303bc773','','','2016-11-19 14:01:26','2017-12-03 17:56:02',NULL,NULL),('155593aa-0adb-4ba4-ab3f-8d072409ce81','LIUN5027','刘娜_兴海电力','368,1ffa5d20bea0',0,'25F9E794323B453885F5181F1B624D0B','123ea09d-bb8c-41c6-90fa-9000303bc773','','','2016-11-19 14:01:25','2017-12-03 17:56:02',NULL,NULL),('1595ee77-65b8-49ee-bb6d-0c4accd98f5d','YUEY1327','岳轶',NULL,0,'25F9E794323B453885F5181F1B624D0B','04acc1cf-d838-4b84-95b5-62818876e3b9','yueyi@gaoantunpower.com','','2015-11-30 10:53:28','2017-12-27 10:47:49',NULL,NULL),('15c34e2a-31da-4f5b-afe1-f3a288a1a533','zhaod0598','赵冬_京能检修','365,1ffc83af6877',0,'25F9E794323B453885F5181F1B624D0B','123ea09d-bb8c-41c6-90fa-9000303bc773','','','2016-11-19 14:03:01','2017-12-03 17:56:02',NULL,NULL),('15e18a49-2c4e-4036-a09d-10c101961b89','xiazg1915','夏志岗_京能检修','365,1ffdcd476474',0,'25F9E794323B453885F5181F1B624D0B','123ea09d-bb8c-41c6-90fa-9000303bc773','','','2016-11-19 14:07:27','2017-12-03 17:56:02',NULL,NULL),('16213f06-1386-4c66-8835-89abcf791625','SHIJ4330','师君_兴海电力','365,1ffe5745fc5a',0,'25F9E794323B453885F5181F1B624D0B','123ea09d-bb8c-41c6-90fa-9000303bc773','','','2017-06-02 13:54:44','2017-12-03 17:56:02',NULL,NULL),('16660b68-0939-4ed2-a0a0-db8921203d6b','hanzm2014','韩智明_京能检修','362,1fff761e6ce1',0,'25F9E794323B453885F5181F1B624D0B','123ea09d-bb8c-41c6-90fa-9000303bc773','','','2016-11-19 14:03:01','2017-12-03 17:56:03',NULL,NULL),('1699eb41-3306-472f-9913-7a7cab7e33c8','HUANGFJM1610','皇甫建敏','366,2000adaa68d3',0,'25F9E794323B453885F5181F1B624D0B','123ea09d-bb8c-41c6-90fa-9000303bc773','','','2016-11-19 13:58:06','2017-12-03 17:56:03',NULL,NULL),('16cd5860-f9cc-4a4f-b751-ca54b6b69680','CHENZ787X','陈征',NULL,0,'25F9E794323B453885F5181F1B624D0B','04acc1cf-d838-4b84-95b5-62818876e3b9','chenzheng@gaoantunpower.com','','2015-11-30 10:53:30','2017-12-27 10:47:49',NULL,NULL),('16cfa384-5272-4d0a-830b-d5af3a897c68','LIQQ3113','李全全','366,200248d25673',0,'25F9E794323B453885F5181F1B624D0B','123ea09d-bb8c-41c6-90fa-9000303bc773','','','2016-11-19 13:58:05','2017-12-03 17:56:03',NULL,NULL),('173ee1bd-56e9-44a8-9544-c703fa3f3362','wangy2154','王亚_京能检修','367,2004555c6c35',0,'25F9E794323B453885F5181F1B624D0B','123ea09d-bb8c-41c6-90fa-9000303bc773','','','2017-06-22 09:05:35','2017-12-03 17:56:03',NULL,NULL),('17a5a763-20ca-4068-a4bb-ea3249bfddad','JINGYY4019','景玉玉_兴海电力','367,2005b4750176',0,'25F9E794323B453885F5181F1B624D0B','123ea09d-bb8c-41c6-90fa-9000303bc773','','','2016-11-19 14:01:25','2017-12-03 17:56:03',NULL,NULL),('17d7c69c-6638-41d4-9675-07962c3f706c','wangyh0232','王义红_京能检修','368,2006eccc3917',0,'25F9E794323B453885F5181F1B624D0B','123ea09d-bb8c-41c6-90fa-9000303bc773','','','2017-05-18 21:49:01','2017-12-03 17:56:03',NULL,NULL),('1840c744-4f19-4596-95dc-f67a4f1a9405','ZHANGHY4874','张宏宇','366,2007daa753b8',0,'25F9E794323B453885F5181F1B624D0B','123ea09d-bb8c-41c6-90fa-9000303bc773','','','2016-11-19 13:58:07','2017-12-03 17:56:03',NULL,NULL),('19152e3f-7632-46bc-ab3b-c331323a53e1','pmtest','pmtest','',0,'25F9E794323B453885F5181F1B624D0B','427e3f5a-2a5a-4343-9df5-b9ee23dc9544','122@qq.com','111','2018-03-06 09:45:37','2018-03-06 09:45:37',NULL,NULL),('196a7cb4-85cb-43b5-b7f8-33b105f48ccd','qiaogd2230','乔国栋_兴海电力','363,200808312adf',0,'25F9E794323B453885F5181F1B624D0B','123ea09d-bb8c-41c6-90fa-9000303bc773','','','2017-11-08 11:35:41','2017-12-03 17:56:03',NULL,NULL),('19c3f0dc-ad42-4ff6-8835-78c090284571','liujg0991','liujg0991_京能检修','365,2009664bf682',0,'25F9E794323B453885F5181F1B624D0B','123ea09d-bb8c-41c6-90fa-9000303bc773','','','2016-11-19 14:04:05','2017-12-03 17:56:03',NULL,NULL),('19f204bc-945d-447c-b65d-d91dfcb1aee8','LIW6614','李伟',NULL,0,'25F9E794323B453885F5181F1B624D0B','04acc1cf-d838-4b84-95b5-62818876e3b9','liwei@gaoantunpower.com','','2015-11-30 10:53:28','2017-12-27 10:47:49',NULL,NULL),('1a1c294b-dcfd-424f-be4a-cb373b44e02a','XIAX0431','夏巡','367,200bb3c9e429',0,'25F9E794323B453885F5181F1B624D0B','123ea09d-bb8c-41c6-90fa-9000303bc773','','','2016-11-19 13:58:05','2017-12-03 17:56:03',NULL,NULL),('1a51b359-f06a-452f-9d79-8309ac5e03f1','WANGWJ1511','王武军_京能检修','364,200c09f7aa25',0,'25F9E794323B453885F5181F1B624D0B','123ea09d-bb8c-41c6-90fa-9000303bc773','','','2016-11-19 14:03:01','2017-12-03 17:56:03',NULL,NULL),('1a5202c3-a53b-4fe8-9b4e-14743afee8f5','zhangxd0576','张晓东_京能后勤','366,200de173392a',0,'25F9E794323B453885F5181F1B624D0B','123ea09d-bb8c-41c6-90fa-9000303bc773','','','2017-09-11 11:56:15','2017-12-03 17:56:03',NULL,NULL),('1a9240c7-55c2-46ec-898c-fd32a64c7ca2','ZHIG3598','智关','362,200ed083ff68',0,'25F9E794323B453885F5181F1B624D0B','123ea09d-bb8c-41c6-90fa-9000303bc773','','','2016-11-19 13:58:05','2017-12-03 17:56:03',NULL,NULL),('1a987102-1723-422b-92f4-58dca1448fe1','ZHANGFC1025','张凤春','364,200f5d25da79',0,'25F9E794323B453885F5181F1B624D0B','123ea09d-bb8c-41c6-90fa-9000303bc773','','','2016-11-19 13:58:07','2017-12-03 17:56:03',NULL,NULL),('1b7ea1d9-1f25-4767-98d4-f4aae6201a2e','CAIXY2728','蔡昕延',NULL,0,'25F9E794323B453885F5181F1B624D0B','04acc1cf-d838-4b84-95b5-62818876e3b9','','','2017-01-24 11:17:53','2017-12-27 10:47:49',NULL,NULL),('1b8f4ec8-aa97-4253-9042-e8fe01773152','LEIYL0996','雷英龙_内蒙峰业','362,201276da07f6',0,'25F9E794323B453885F5181F1B624D0B','123ea09d-bb8c-41c6-90fa-9000303bc773','','','2016-11-19 14:01:25','2017-12-03 17:56:03',NULL,NULL),('1b9abb30-cdaa-44f3-9b2a-9541593e228f','xis4819','席帅','367,20135c4683fe',0,'25F9E794323B453885F5181F1B624D0B','123ea09d-bb8c-41c6-90fa-9000303bc773','','','2017-06-07 09:58:58','2017-12-03 17:56:03',NULL,NULL),('1bdf17d0-d1ea-43e2-9086-71d79e9d70dd','SUNTJ0018','孙铁军',NULL,0,'25F9E794323B453885F5181F1B624D0B','04acc1cf-d838-4b84-95b5-62818876e3b9','suntiejun@gaoantunpower.com','','2015-11-30 10:53:28','2017-12-27 10:47:49',NULL,NULL),('1bf813bc-8bca-4ec0-81ff-9594d6e84391','SUNJS6014','孙建胜_内蒙峰业','365,2017c974fd0a',0,'25F9E794323B453885F5181F1B624D0B','123ea09d-bb8c-41c6-90fa-9000303bc773','','','2017-06-02 13:54:44','2017-12-03 17:56:03',NULL,NULL),('1cbc4049-ffc0-479b-b61e-4ce6827407a7','wangxj3219','王新军_内蒙峰业','367,201898f4c9ab',0,'25F9E794323B453885F5181F1B624D0B','123ea09d-bb8c-41c6-90fa-9000303bc773','','','2017-05-27 07:23:34','2017-12-03 17:56:03',NULL,NULL),('1d10f9e9-35a1-4c7d-b992-406d3b58ee55','WANGL0018','王磊_兴海电力','362,20193d3f9dee',0,'25F9E794323B453885F5181F1B624D0B','123ea09d-bb8c-41c6-90fa-9000303bc773','','','2016-11-19 14:01:25','2017-12-03 17:56:03',NULL,NULL),('1d18a489-7685-4035-be74-a2ea5ee8ec43','BAIRC0016','白瑞春_兴海电力','367,201a58c2f8ab',0,'25F9E794323B453885F5181F1B624D0B','123ea09d-bb8c-41c6-90fa-9000303bc773','','','2016-11-19 14:01:25','2017-12-03 17:56:03',NULL,NULL),('1e8a004b-d4fd-4082-841c-71a907515803','lib3011','李斌_京能检修','365,201c81370347',0,'25F9E794323B453885F5181F1B624D0B','123ea09d-bb8c-41c6-90fa-9000303bc773','','','2016-11-19 14:03:01','2017-12-03 17:56:03',NULL,NULL),('1e96a782-f214-4452-8319-a40fb8107b89','YINT6819','尹涛_兴海电力','362,201dc8428ea9',0,'25F9E794323B453885F5181F1B624D0B','123ea09d-bb8c-41c6-90fa-9000303bc773','','','2016-11-19 14:01:25','2017-12-03 17:56:03',NULL,NULL),('1ef7dcde-fd41-4dcd-bb06-0939f6d4f961','JIAY0039','贾越','360,34364a2aa8dd',0,'25F9E794323B453885F5181F1B624D0B','04acc1cf-d838-4b84-95b5-62818876e3b9','','','2016-09-01 10:46:05','2017-12-27 10:47:49',NULL,NULL),('1ef8b6d4-b992-4ad7-86b0-cb0eef2c49c4','test1','设置人员','362,201fe0d0f108',0,'25F9E794323B453885F5181F1B624D0B','123ea09d-bb8c-41c6-90fa-9000303bc773','','','2017-11-23 14:28:15','2017-12-03 17:56:03',NULL,NULL),('1f04c7f8-0253-4f67-8b5e-745e341ad030','LIYB5310','李燕宾_内蒙峰业','366,20200eb645df',0,'25F9E794323B453885F5181F1B624D0B','123ea09d-bb8c-41c6-90fa-9000303bc773','','','2016-11-19 14:01:25','2017-12-03 17:56:03',NULL,NULL),('1f0dd6df-f537-4ff2-b702-e05cde5d847d','lih4518','李浩_京能检修','363,2021edd7ae7a',0,'25F9E794323B453885F5181F1B624D0B','123ea09d-bb8c-41c6-90fa-9000303bc773','','','2017-05-18 21:49:01','2017-12-03 17:56:03',NULL,NULL),('1f9dd7de-eb1c-49bd-9113-f4ce75592e42','ZHAOJC2313','赵吉昌','365,2022a951011d',0,'25F9E794323B453885F5181F1B624D0B','123ea09d-bb8c-41c6-90fa-9000303bc773','','','2016-11-19 13:58:06','2017-12-03 17:56:03',NULL,NULL),('1fb5437b51a044239fcddd22dff3ca67','LIGY3812','李庚寅','',0,'25F9E794323B453885F5181F1B624D0B','04acc1cf-d838-4b84-95b5-62818876e3b9','qq.com','111','2017-12-28 02:46:46','2017-12-28 02:46:46',NULL,NULL),('1fe95292-4e90-4cbe-bc5e-61e7cb2e689c','JINGMM0051','景明明_兴海电力','366,202378937f69',0,'25F9E794323B453885F5181F1B624D0B','123ea09d-bb8c-41c6-90fa-9000303bc773','','','2016-11-19 14:01:26','2017-12-03 17:56:03',NULL,NULL),('2001cd4cc3fe48de9ffc016cbcab8bc0','zhuhua','朱华','',0,'E10ADC3949BA59ABBE56E057F20F883E','FA1AEC96A1AC4414A31C9CB53D6F39A5','pengrui','1212','2018-07-03 06:57:44','2018-07-03 06:58:11',NULL,NULL),('200ad4e3-52e9-467d-993d-9679a2a9ef65','TIANJ1811','田江','368,202466dcb41a',0,'25F9E794323B453885F5181F1B624D0B','123ea09d-bb8c-41c6-90fa-9000303bc773','','','2016-11-19 13:58:05','2017-12-03 17:56:03',NULL,NULL),('2195fbf7-54be-4c52-9668-764e79556275','WENP5211','温鹏_京能检修','366,2025e750805e',0,'25F9E794323B453885F5181F1B624D0B','123ea09d-bb8c-41c6-90fa-9000303bc773','','','2017-10-26 14:56:13','2017-12-03 17:56:03',NULL,NULL),('21ed3dc9-fecd-4cf1-a6f9-b8e6f3a5c09f','yangyc1531','杨英春_京能检修','368,2026bb53abd5',0,'25F9E794323B453885F5181F1B624D0B','123ea09d-bb8c-41c6-90fa-9000303bc773','','','2016-11-19 14:03:01','2017-12-03 17:56:03',NULL,NULL),('222c1566-3672-4ede-9233-7bc2aeca81b5','LIUW1212','刘伟','363,202794cf8f93',0,'25F9E794323B453885F5181F1B624D0B','123ea09d-bb8c-41c6-90fa-9000303bc773','','','2016-11-19 13:58:06','2017-12-03 17:56:03',NULL,NULL),('2277ee50-5d6a-4b55-b4df-bf77966ad4a4','ZHANGL4118','张磊_兴海电力','362,2028e66e78e7',0,'25F9E794323B453885F5181F1B624D0B','123ea09d-bb8c-41c6-90fa-9000303bc773','','','2016-11-19 14:01:26','2017-12-03 17:56:03',NULL,NULL),('227b2215-1b92-41bd-a6a1-f4a25278510f','李兴科','李兴科',NULL,0,'25F9E794323B453885F5181F1B624D0B','04acc1cf-d838-4b84-95b5-62818876e3b9','','','2015-11-30 10:53:33','2017-12-27 10:47:49',NULL,NULL),('22eff530-c477-4d31-bfa0-6f752e379bab','HAOYJ2810','郝永杰_内蒙峰业','366,202a239c7c86',0,'25F9E794323B453885F5181F1B624D0B','123ea09d-bb8c-41c6-90fa-9000303bc773','','','2016-11-19 14:01:25','2017-12-03 17:56:04',NULL,NULL),('23eb5b0a-2fd4-4bb7-94f0-8645add5b7a1','LIGD7871','李国栋','368,202b9e45d317',0,'25F9E794323B453885F5181F1B624D0B','123ea09d-bb8c-41c6-90fa-9000303bc773','','','2016-11-19 13:58:05','2017-12-03 17:56:04',NULL,NULL),('243749fc-3b17-4059-a013-e231d05aa797','CHENHJ6014','陈海军',NULL,0,'BF0A2A279FD16EFB90C7A28A7386FED5','04acc1cf-d838-4b84-95b5-62818876e3b9','chenhaijun@gaoantunpower.com','','2015-11-30 10:53:29','2017-12-27 10:47:49',NULL,NULL),('2452d544-9f09-4b7a-999f-9f1a0ce839b8','MAHM3818','马贺明','364,202d8874cf55',0,'25F9E794323B453885F5181F1B624D0B','123ea09d-bb8c-41c6-90fa-9000303bc773','','','2016-11-19 13:58:05','2017-12-03 17:56:04',NULL,NULL),('24585b34-9fc8-4074-91ad-0416b3e67950','BAIS4219','白松','366,202e61752921',0,'25F9E794323B453885F5181F1B624D0B','123ea09d-bb8c-41c6-90fa-9000303bc773','','','2016-11-19 13:58:06','2017-12-03 17:56:04',NULL,NULL),('246e0dfe-d4fb-4f99-a008-481a72339ceb','DUANXW2110','段雄伟','362,202f19d6ad58',0,'25F9E794323B453885F5181F1B624D0B','123ea09d-bb8c-41c6-90fa-9000303bc773','','','2016-11-19 13:58:05','2017-12-03 17:56:04',NULL,NULL),('24ecc0e1-6924-4f09-9214-dadebdb97b2d','BIHY1218','毕海洋_兴海电力','364,203057216430',0,'25F9E794323B453885F5181F1B624D0B','123ea09d-bb8c-41c6-90fa-9000303bc773','','','2016-11-19 14:01:26','2017-12-03 17:56:04',NULL,NULL),('256b1da6-1b94-469b-9fee-a1dc280fc536','panhb2630','潘惠波_京能检修','367,2032e5ac6003',0,'25F9E794323B453885F5181F1B624D0B','123ea09d-bb8c-41c6-90fa-9000303bc773','','','2016-11-19 14:07:27','2017-12-03 17:56:04',NULL,NULL),('260bf07a-85c3-40e0-89bf-9ad95a041323','BAIRX0012','白瑞新','358,349d18a164bd',0,'25F9E794323B453885F5181F1B624D0B','04acc1cf-d838-4b84-95b5-62818876e3b9','1373536@qq.com','','2016-12-19 09:01:01','2018-01-02 15:18:03',NULL,NULL),('26c741c7-5f49-4ccf-853f-99897e550d0f','SHIJH4231','史建和',NULL,0,'25F9E794323B453885F5181F1B624D0B','04acc1cf-d838-4b84-95b5-62818876e3b9','','','2015-11-30 10:53:33','2017-12-27 10:47:49',NULL,NULL),('2713dfc4-9498-427d-bb11-92a0409c66b5','LIANGYD4519','梁彦栋','362,2035e28e528b',0,'25F9E794323B453885F5181F1B624D0B','123ea09d-bb8c-41c6-90fa-9000303bc773','','','2016-11-19 13:58:06','2017-12-03 17:56:04',NULL,NULL),('27182383-4cc0-4f38-b66a-080c14839954','huzhg259x','胡志国_京能检修','362,2036dffe69c7',0,'25F9E794323B453885F5181F1B624D0B','123ea09d-bb8c-41c6-90fa-9000303bc773','','','2017-10-26 14:56:13','2017-12-03 17:56:04',NULL,NULL),('2754f370-4744-442b-9616-d33a1ee53c82','LIUL4612','刘磊',NULL,0,'25F9E794323B453885F5181F1B624D0B','04acc1cf-d838-4b84-95b5-62818876e3b9','liulei@gaoantunpower.com','','2015-11-30 10:53:29','2017-12-27 10:47:49',NULL,NULL),('276b45b7-9b1c-41ba-b795-b3ddc9eda2f2','CHENC0111','陈晨','364,203869514679',0,'25F9E794323B453885F5181F1B624D0B','123ea09d-bb8c-41c6-90fa-9000303bc773','','','2016-11-19 13:58:05','2017-12-03 17:56:04',NULL,NULL),('2797122d-d34f-43fd-9ef0-e11cdca15f0a','SONGJ0017','宋建','362,20398eec4a85',0,'25F9E794323B453885F5181F1B624D0B','123ea09d-bb8c-41c6-90fa-9000303bc773','','','2016-11-19 13:58:07','2017-12-03 17:56:04',NULL,NULL),('27f22672-8bbf-4870-9675-c413e5b0ee3a','CHENH6976','陈航',NULL,0,'25F9E794323B453885F5181F1B624D0B','04acc1cf-d838-4b84-95b5-62818876e3b9','','','2015-11-30 10:53:31','2017-12-27 10:47:49',NULL,NULL),('280bd917-d4c4-4a71-bbf8-91d8727da145','HUM7831','胡旻','363,203bf96f6a61',0,'25F9E794323B453885F5181F1B624D0B','123ea09d-bb8c-41c6-90fa-9000303bc773','','','2016-11-19 13:58:05','2017-12-03 17:56:04',NULL,NULL),('281352b2-4f67-4695-bfdf-7b72c347851d','sunpf0017','孙鹏飞_京能检修','363,203c1703eadb',0,'25F9E794323B453885F5181F1B624D0B','123ea09d-bb8c-41c6-90fa-9000303bc773','','','2016-11-19 14:07:27','2017-12-03 17:56:04',NULL,NULL),('2814bb2e-26de-41d2-9dbb-4c2c52a12022','QIGN0017','齐冠男','368,203d729eaf0b',0,'25F9E794323B453885F5181F1B624D0B','123ea09d-bb8c-41c6-90fa-9000303bc773','','','2016-11-19 13:58:05','2017-12-03 17:56:04',NULL,NULL),('28b9b063-29b0-40af-b61b-c28f1c1bbd8e','LIUQS1423','刘青松','366,203ec4c6747f',0,'25F9E794323B453885F5181F1B624D0B','123ea09d-bb8c-41c6-90fa-9000303bc773','','','2016-11-19 13:58:05','2017-12-03 17:56:04',NULL,NULL),('28bb0083-f40b-4d5d-acb7-90e35e293e53','WENYC7616','温玉池','367,203f6ad18ea1',0,'25F9E794323B453885F5181F1B624D0B','123ea09d-bb8c-41c6-90fa-9000303bc773','','','2016-11-19 13:58:06','2017-12-03 17:56:04',NULL,NULL),('29051126-a5d7-493d-a401-70ddf47cf747','ZHANGHM5415','张海明',NULL,0,'25F9E794323B453885F5181F1B624D0B','04acc1cf-d838-4b84-95b5-62818876e3b9','','','2015-11-30 10:53:32','2017-12-27 10:47:49',NULL,NULL),('291746a7-73ff-4ac0-b577-65eddae4f2d1','YANGXQ0417','杨学强','368,20429af9f5e9',0,'25F9E794323B453885F5181F1B624D0B','123ea09d-bb8c-41c6-90fa-9000303bc773','','','2016-11-19 13:58:06','2017-12-03 17:56:04',NULL,NULL),('2975e154-ef3f-4220-a06d-32b25a447470','lanbl2179','兰保禄_京能后勤','368,204441634c35',0,'25F9E794323B453885F5181F1B624D0B','123ea09d-bb8c-41c6-90fa-9000303bc773','','','2017-09-11 11:56:15','2017-12-03 17:56:04',NULL,NULL),('2a289142-dbb4-40ef-a97f-0c9b07428373','HANJN5010','韩佳宁','362,204692a025d8',0,'25F9E794323B453885F5181F1B624D0B','123ea09d-bb8c-41c6-90fa-9000303bc773','','','2016-11-19 13:58:05','2017-12-03 17:56:04',NULL,NULL),('2aa68901-e932-47ae-aac8-af3c7383f248','lihw1692','李红伟_京能检修','363,204797285b1f',0,'25F9E794323B453885F5181F1B624D0B','123ea09d-bb8c-41c6-90fa-9000303bc773','','','2017-04-25 10:32:46','2017-12-03 17:56:04',NULL,NULL),('2ac42e28-b9cc-4092-904a-ad4324382470','ZHAOJ5817','赵杰_兴海电力','362,204885a624e2',0,'25F9E794323B453885F5181F1B624D0B','123ea09d-bb8c-41c6-90fa-9000303bc773','','','2016-11-19 14:01:27','2017-12-03 17:56:04',NULL,NULL),('2ae37b49-7e46-4a01-8e05-95f361ed0720','HUANGJB0015','黄静波','363,2049ffce7be5',0,'25F9E794323B453885F5181F1B624D0B','123ea09d-bb8c-41c6-90fa-9000303bc773','','','2016-11-19 13:58:05','2017-12-03 17:56:04',NULL,NULL),('2afaba9a-f103-4a2c-a768-3b6a395bfe68','SUGH3299','苏功华','366,204a00e68c0f',0,'25F9E794323B453885F5181F1B624D0B','123ea09d-bb8c-41c6-90fa-9000303bc773','','','2016-11-19 13:58:05','2017-12-03 17:56:04',NULL,NULL),('2b4249d2-0598-4440-8bea-799c66f1f328','hancb051x','韩承波_京能检修','368,204b71504330',0,'25F9E794323B453885F5181F1B624D0B','123ea09d-bb8c-41c6-90fa-9000303bc773','','','2017-05-08 11:49:43','2017-12-03 17:56:04',NULL,NULL),('2b660c76-04e8-4d26-9b68-4408363e22f8','LIUHY0537','柳泓羽',NULL,0,'25F9E794323B453885F5181F1B624D0B','04acc1cf-d838-4b84-95b5-62818876e3b9','liuhongyu@gaoantunpower.com','','2015-11-30 10:53:29','2017-12-27 10:47:49',NULL,NULL),('2b790364-2214-4436-b7ca-4f9d9b84a214','ZHAOK2717','赵凯',NULL,0,'25F9E794323B453885F5181F1B624D0B','04acc1cf-d838-4b84-95b5-62818876e3b9','zhaokai@gaoantunpower.com','','2015-11-30 10:53:27','2017-12-27 10:47:49',NULL,NULL),('2b8bb3db-56f1-4409-8825-a5d195844587','LIYX3611','李亚雄_内蒙峰业','368,204eeec4e31d',0,'25F9E794323B453885F5181F1B624D0B','123ea09d-bb8c-41c6-90fa-9000303bc773','','','2016-11-19 14:01:25','2017-12-03 17:56:04',NULL,NULL),('2bbdbd90-a5bc-4c37-99f2-e58f6e163846','SUNH0615','孙惠','367,204f8da73025',0,'25F9E794323B453885F5181F1B624D0B','123ea09d-bb8c-41c6-90fa-9000303bc773','','','2016-11-19 13:58:07','2017-12-03 17:56:04',NULL,NULL),('2c1e7dee-c418-4296-9881-0a549ca1394f','HECQ393X','何昌全_京能检修','364,20517721f87d',0,'25F9E794323B453885F5181F1B624D0B','123ea09d-bb8c-41c6-90fa-9000303bc773','','','2016-11-19 14:03:00','2017-12-03 17:56:05',NULL,NULL),('2cb3cbc4-ac5a-4eff-b80c-b61efcb1ba26','WANGHQ0039','王汉卿_兴海电力','367,2052cb2bbf5d',0,'25F9E794323B453885F5181F1B624D0B','123ea09d-bb8c-41c6-90fa-9000303bc773','','','2016-11-19 14:01:26','2017-12-03 17:56:05',NULL,NULL),('2cdd4ee5-9401-44f4-b227-9c2c8ea07088','ZHANGWJ2841','张文晶_兴海电力','363,205343f8de11',0,'25F9E794323B453885F5181F1B624D0B','123ea09d-bb8c-41c6-90fa-9000303bc773','','','2016-11-19 14:01:25','2017-12-03 17:56:05',NULL,NULL),('2d69fa76-06a3-4c27-9c69-d5dd197d3bc8','WANGY747X','王岩','362,2056a6ed5810',0,'25F9E794323B453885F5181F1B624D0B','123ea09d-bb8c-41c6-90fa-9000303bc773','','','2016-11-19 13:58:05','2017-12-03 17:56:05',NULL,NULL),('2d883270-98ce-49b5-b2fa-668d1ead79e0','WANGCY1025','王春燕',NULL,0,'E10ADC3949BA59ABBE56E057F20F883E','04acc1cf-d838-4b84-95b5-62818876e3b9','','','2015-11-30 10:53:32','2017-12-27 10:47:50',NULL,NULL),('2dac9a32-d1cc-4613-8d4f-95224bd80492','ZHANGJJ0012','张建军1_兴海电力','368,20584750473d',0,'25F9E794323B453885F5181F1B624D0B','123ea09d-bb8c-41c6-90fa-9000303bc773','','','2016-11-19 14:01:26','2017-12-03 17:56:05',NULL,NULL),('2dd19e20-894d-467c-9cb6-29937303ac98','LIANGGD0916','梁国栋','363,20590a7e975d',0,'25F9E794323B453885F5181F1B624D0B','123ea09d-bb8c-41c6-90fa-9000303bc773','','','2016-11-19 13:58:06','2017-12-03 17:56:05',NULL,NULL),('2de9a3b6-7034-41f2-bb45-07a66bfbd887','KANGYR2015','康永仁_兴海电力','364,205beebcef06',0,'25F9E794323B453885F5181F1B624D0B','123ea09d-bb8c-41c6-90fa-9000303bc773','','','2016-11-19 14:01:27','2017-12-03 17:56:05',NULL,NULL),('2e15358e-71fc-4f84-a978-db303ed901a8','GUOYF3132','郭彦飞','362,205c5362c7a4',0,'25F9E794323B453885F5181F1B624D0B','123ea09d-bb8c-41c6-90fa-9000303bc773','','','2016-11-19 13:58:05','2017-12-03 17:56:05',NULL,NULL),('2e430bc4-d4f6-42f0-b105-eb9399319358','LVTX3551','吕铁鑫',NULL,0,'25F9E794323B453885F5181F1B624D0B','04acc1cf-d838-4b84-95b5-62818876e3b9','','','2015-11-30 10:53:33','2017-12-27 10:47:50',NULL,NULL),('2f12d018-015d-46f4-aedd-769bb529b4c8','MAZL1320','马志力','366,20600c57a3f4',0,'25F9E794323B453885F5181F1B624D0B','123ea09d-bb8c-41c6-90fa-9000303bc773','','','2016-11-19 13:58:06','2017-12-03 17:56:05',NULL,NULL),('2f4dae38-877f-4d93-a34d-6c5908cccc95','ZHANGSHM1512','张栓明_兴海电力','368,206100e72ec7',0,'25F9E794323B453885F5181F1B624D0B','123ea09d-bb8c-41c6-90fa-9000303bc773','','','2016-11-19 14:01:27','2017-12-03 17:56:05',NULL,NULL),('2f8d16f0-48b4-4134-9248-7adb368b4cfa','LIUYSH4030','刘阳生_兴海电力','367,20626500f94f',0,'25F9E794323B453885F5181F1B624D0B','123ea09d-bb8c-41c6-90fa-9000303bc773','','','2016-11-19 14:01:26','2017-12-03 17:56:05',NULL,NULL),('2fbc7339-17f6-4772-96d3-33826bfae45d','WUMH1817','吴明浩',NULL,0,'25F9E794323B453885F5181F1B624D0B','04acc1cf-d838-4b84-95b5-62818876e3b9','wuminghao@gaoantunpower.com','','2015-11-30 10:53:30','2017-12-27 10:47:50',NULL,NULL),('2fc7b360-7bcf-493d-8d8c-1e4c6a3e8c36','SUNSC411X','孙树春','365,206411bcafee',0,'25F9E794323B453885F5181F1B624D0B','123ea09d-bb8c-41c6-90fa-9000303bc773','','','2016-11-19 13:58:07','2017-12-03 17:56:05',NULL,NULL),('2ff368ab-6bd0-4efc-98ef-010e360f0b11','WANGJ1531','王建','363,2065624c8225',0,'25F9E794323B453885F5181F1B624D0B','123ea09d-bb8c-41c6-90fa-9000303bc773','','','2016-11-19 13:58:06','2017-12-03 17:56:05',NULL,NULL),('30db7368-febd-4cda-b491-c7b71ebe7a62','WANGXM2819','王学敏','366,2066731468a5',0,'25F9E794323B453885F5181F1B624D0B','123ea09d-bb8c-41c6-90fa-9000303bc773','','','2016-11-19 13:58:05','2017-12-03 17:56:05',NULL,NULL),('310002c6-c136-40a2-99f8-298c9fade210','ZHANGM7328','张敏','363,2067f046d7be',0,'25F9E794323B453885F5181F1B624D0B','123ea09d-bb8c-41c6-90fa-9000303bc773','','','2016-11-19 13:58:06','2017-12-03 17:56:05',NULL,NULL),('3117effb-69da-473a-aa99-ba3015b41b4a','LIYW3315','李业伟','368,2068e47886fe',0,'25F9E794323B453885F5181F1B624D0B','123ea09d-bb8c-41c6-90fa-9000303bc773','','','2016-11-19 13:58:04','2017-12-03 17:56:05',NULL,NULL),('311e2908-3f0d-432d-8666-d7db1dec45a5','dangt5039','党腾_京能检修','362,20699cfecb88',0,'25F9E794323B453885F5181F1B624D0B','123ea09d-bb8c-41c6-90fa-9000303bc773','','','2016-11-19 14:03:01','2017-12-03 17:56:05',NULL,NULL),('316e6cd6-c393-4648-98f9-a5a4c8be9bb5','baiyh2518','baiyh2518_内蒙峰业','366,206a44dbcf8f',0,'25F9E794323B453885F5181F1B624D0B','123ea09d-bb8c-41c6-90fa-9000303bc773','','','2016-11-19 14:04:05','2017-12-03 17:56:05',NULL,NULL),('31a9f2e9-6ed5-432a-ae8a-e31ef720a75e','LIZ2518','李众_京能检修','364,206b1536a16d',0,'25F9E794323B453885F5181F1B624D0B','123ea09d-bb8c-41c6-90fa-9000303bc773','','','2016-11-19 14:03:01','2017-12-03 17:56:05',NULL,NULL),('31c6a213-3751-4259-a7a4-067b8153e610','WANGJM2019','王佳茗',NULL,0,'6CC0D36686E6A433AA76F96773852D35','04acc1cf-d838-4b84-95b5-62818876e3b9','wangjiaming@gaoantunpower.com','','2015-11-30 10:53:30','2017-12-27 10:47:50',NULL,NULL),('32443c9e-0de3-4041-98a8-2be049703b82','DUZHY257X','杜志勇_兴海电力','366,206dfe7aade7',0,'25F9E794323B453885F5181F1B624D0B','123ea09d-bb8c-41c6-90fa-9000303bc773','','','2016-11-19 14:01:27','2017-12-03 17:56:05',NULL,NULL),('32a88cd3-0445-4ad2-a107-448b0e55dde4','QIUGL1111','邱光亮','362,206f7dc65683',0,'25F9E794323B453885F5181F1B624D0B','123ea09d-bb8c-41c6-90fa-9000303bc773','','','2016-11-19 13:58:05','2017-12-03 17:56:05',NULL,NULL),('32e0bbac-dddf-4505-bec6-91891d386e2b','ZHOUZF6236','周哲峰_兴海电力','363,2070320e4479',0,'25F9E794323B453885F5181F1B624D0B','123ea09d-bb8c-41c6-90fa-9000303bc773','','','2016-11-19 14:01:25','2017-12-03 17:56:05',NULL,NULL),('332fe355-205c-4239-9085-62c4075027bb','GAOJN1424','藁建楠',NULL,0,'25F9E794323B453885F5181F1B624D0B','04acc1cf-d838-4b84-95b5-62818876e3b9','gaojiannan@gaoantunpower.com','','2015-11-30 10:53:29','2017-12-27 10:47:50',NULL,NULL),('3333d7fe-f183-4049-90d2-55e4ff92051a','DONGXY2533','董新宇_内蒙峰业','363,2072bf8e9052',0,'25F9E794323B453885F5181F1B624D0B','123ea09d-bb8c-41c6-90fa-9000303bc773','','','2016-11-19 14:01:25','2017-12-03 17:56:05',NULL,NULL),('33e2a4f9-bd7b-4433-9aff-5ac5bb3887c5','YANNX0327','闫乃欣',NULL,0,'25F9E794323B453885F5181F1B624D0B','04acc1cf-d838-4b84-95b5-62818876e3b9','yannaixin@gaoantunpower.com','','2015-11-30 10:53:29','2017-12-27 10:47:50',NULL,NULL),('33e99de2-5b4a-4be2-b7ea-df2e70ec076f','yangap2597','杨爱平_京能检修','365,20746d151065',0,'25F9E794323B453885F5181F1B624D0B','123ea09d-bb8c-41c6-90fa-9000303bc773','','','2016-11-19 14:08:14','2017-12-03 17:56:05',NULL,NULL),('33f870c4-250d-47e0-b201-7f6c0c2f742f','WANGZQ1034','王志强',NULL,0,'25F9E794323B453885F5181F1B624D0B','04acc1cf-d838-4b84-95b5-62818876e3b9','wangzhiqiang@gaoantunpower.com','','2015-11-30 10:53:27','2017-12-27 10:47:50',NULL,NULL),('343fdf98-c7d4-480c-98a6-0153c47f9239','张玉清','张玉清',NULL,0,'25F9E794323B453885F5181F1B624D0B','04acc1cf-d838-4b84-95b5-62818876e3b9','','','2016-06-21 14:26:39','2017-12-27 10:47:50',NULL,NULL),('34b80a82-a045-43fb-ba8d-552d29f74d1a','pianrm8431','骈瑞敏_京能检修','365,207756f2bb76',0,'25F9E794323B453885F5181F1B624D0B','123ea09d-bb8c-41c6-90fa-9000303bc773','','','2017-10-26 14:56:13','2017-12-03 17:56:05',NULL,NULL),('34bf695f-ca7d-40dc-94da-6506fa08ec96','PANGML4792','庞明亮_兴海电力','366,2079e6c536fd',0,'25F9E794323B453885F5181F1B624D0B','123ea09d-bb8c-41c6-90fa-9000303bc773','','','2016-11-19 14:01:25','2017-12-03 17:56:05',NULL,NULL),('34eeda64-8904-4c5b-874b-c28ea10f844c','TIANYM0452','田永明','365,207ba7d6f5e1',0,'25F9E794323B453885F5181F1B624D0B','123ea09d-bb8c-41c6-90fa-9000303bc773','','','2016-11-19 13:58:06','2017-12-03 17:56:05',NULL,NULL),('35c30f4a-063c-4567-a30a-513c26912461','XIEZJ0012','谢志杰_内蒙峰业','364,207c85ae5c25',0,'25F9E794323B453885F5181F1B624D0B','123ea09d-bb8c-41c6-90fa-9000303bc773','','','2017-05-18 21:49:01','2017-12-03 17:56:05',NULL,NULL),('35cc68c1-b4a9-489f-856a-8df8008190f3','Wenzh2030','温志华_内蒙峰业','363,207dc9dcf742',0,'25F9E794323B453885F5181F1B624D0B','123ea09d-bb8c-41c6-90fa-9000303bc773','','','2016-11-19 14:05:08','2017-12-03 17:56:05',NULL,NULL),('36120a23-7ed3-4d4f-bff0-6713df2c3023','CHANGQB6611','常勤宝_兴海电力','366,207e21c729ba',0,'25F9E794323B453885F5181F1B624D0B','123ea09d-bb8c-41c6-90fa-9000303bc773','','','2016-11-19 14:01:26','2017-12-03 17:56:05',NULL,NULL),('36589306-5b9d-4266-a45d-2d7361bd96e2','LIWT0913','李文韬','363,207f08d88542',0,'25F9E794323B453885F5181F1B624D0B','123ea09d-bb8c-41c6-90fa-9000303bc773','','','2016-11-19 13:58:06','2017-12-03 17:56:05',NULL,NULL),('36db97bf-09e9-4185-9edf-74ded10212ff','liuh1512','刘欢_京能检修','367,20801953a112',0,'25F9E794323B453885F5181F1B624D0B','123ea09d-bb8c-41c6-90fa-9000303bc773','','','2016-11-19 14:03:01','2017-12-03 17:56:06',NULL,NULL),('36f84312-64a4-41b6-b150-ccdf34aca342','WANGCY0022','王超英_兴海电力','367,2081cc861504',0,'25F9E794323B453885F5181F1B624D0B','123ea09d-bb8c-41c6-90fa-9000303bc773','','','2016-11-19 14:01:25','2017-12-03 17:56:06',NULL,NULL),('36fe5be9-35dc-4fec-a1a7-85269289a433','SUNYL7058','孙钰林_兴海电力','367,2082fa578fe6',0,'25F9E794323B453885F5181F1B624D0B','123ea09d-bb8c-41c6-90fa-9000303bc773','','','2017-06-02 13:54:44','2017-12-03 17:56:06',NULL,NULL),('371bc67d-c3ab-4f40-8b34-7b818a9126c0','ZHAON0822','赵娜_兴海电力','362,20836e18a57e',0,'25F9E794323B453885F5181F1B624D0B','123ea09d-bb8c-41c6-90fa-9000303bc773','','','2016-11-19 14:01:25','2017-12-03 17:56:06',NULL,NULL),('3764dd44-53a7-4153-9c4c-f8e1b433bb19','wangst0035','王书庭_湖北金山','362,2084d37640c6',0,'25F9E794323B453885F5181F1B624D0B','123ea09d-bb8c-41c6-90fa-9000303bc773','','','2016-11-19 14:03:01','2017-12-03 17:56:06',NULL,NULL),('378911cc-b33a-4557-8b22-414543a8a803','HUANGJC0453','黄江城','366,208584d0414d',0,'25F9E794323B453885F5181F1B624D0B','123ea09d-bb8c-41c6-90fa-9000303bc773','','','2016-11-19 13:58:06','2017-12-03 17:56:06',NULL,NULL),('37e513b6-f17e-420e-8dc4-3a9f006fc6ea','gaol2514','gaol2514_内蒙峰业','365,20863a0625f9',0,'25F9E794323B453885F5181F1B624D0B','123ea09d-bb8c-41c6-90fa-9000303bc773','','','2016-11-19 14:04:05','2017-12-03 17:56:06',NULL,NULL),('38305767-d557-417d-834c-297013c3ae42','PEIH2516','裴宏','366,20870ed144b3',0,'25F9E794323B453885F5181F1B624D0B','123ea09d-bb8c-41c6-90fa-9000303bc773','','','2016-11-19 13:58:06','2017-12-03 17:56:06',NULL,NULL),('384f18dd-9e52-4475-ae6f-0a3a19a9c164','LIGX5613','李贵祥_兴海电力','367,2088d4fa531e',0,'25F9E794323B453885F5181F1B624D0B','123ea09d-bb8c-41c6-90fa-9000303bc773','','','2017-06-02 13:54:44','2017-12-03 17:56:06',NULL,NULL),('38853889-155d-456e-973e-0ef046ff9e7e','xeizw9730','谢智伟','362,2089236a08e0',0,'25F9E794323B453885F5181F1B624D0B','123ea09d-bb8c-41c6-90fa-9000303bc773','','','2016-11-19 14:05:07','2017-12-03 17:56:06',NULL,NULL),('38abe5c5-9dd9-460a-9fea-8a26d469d32c','ZHANGX3047','张旭',NULL,0,'25F9E794323B453885F5181F1B624D0B','04acc1cf-d838-4b84-95b5-62818876e3b9','','','2017-07-11 15:21:34','2017-12-27 10:47:50',NULL,NULL),('38cc833e-6483-4275-aa2a-f82f33bb3c57','jiazf1914','贾志峰_京能检修','363,208b7d20751e',0,'25F9E794323B453885F5181F1B624D0B','123ea09d-bb8c-41c6-90fa-9000303bc773','','','2017-06-22 09:06:42','2017-12-03 17:56:06',NULL,NULL),('3901617f-635e-4cd7-9068-cd0754f65c83','dongjm3010','董俊美_京能检修','366,208cf511a3a9',0,'25F9E794323B453885F5181F1B624D0B','123ea09d-bb8c-41c6-90fa-9000303bc773','','','2016-11-19 14:08:14','2017-12-03 17:56:06',NULL,NULL),('3942b5e9-2ba6-471c-a460-75bf0b82fa54','LVYS5418','吕永胜_京能检修','363,208eae5674a7',0,'25F9E794323B453885F5181F1B624D0B','123ea09d-bb8c-41c6-90fa-9000303bc773','','','2016-11-19 14:03:01','2017-12-03 17:56:06',NULL,NULL),('394d0479-5f9f-4f31-ba8f-888c462086e1','YANCM1017','闫丛明_京能检修','366,208f4cb7685a',0,'25F9E794323B453885F5181F1B624D0B','123ea09d-bb8c-41c6-90fa-9000303bc773','','','2017-10-26 14:56:13','2017-12-03 17:56:06',NULL,NULL),('39abbf13-68b6-4884-b109-a42b9d751106','JINGT0019','井涛','362,2090edae4314',0,'25F9E794323B453885F5181F1B624D0B','123ea09d-bb8c-41c6-90fa-9000303bc773','','','2016-11-19 13:58:05','2017-12-03 17:56:06',NULL,NULL),('39b9d3ff-7c88-40ce-8765-fc506a852d77','LEIYT4789','雷雅婷_兴海电力','363,209140675865',0,'25F9E794323B453885F5181F1B624D0B','123ea09d-bb8c-41c6-90fa-9000303bc773','','','2016-11-19 14:01:26','2017-12-03 17:56:06',NULL,NULL),('39be7380-d2eb-4422-9685-aa2d2a780235','weilq0657','魏麟权','366,20929bcf4cf2',0,'25F9E794323B453885F5181F1B624D0B','123ea09d-bb8c-41c6-90fa-9000303bc773','','','2017-06-07 09:58:58','2017-12-03 17:56:06',NULL,NULL),('39f3e051-231d-4aa1-b059-71b8178c0701','ZHANGYL1517','张宇龙_京能检修','367,209331d7f53e',0,'25F9E794323B453885F5181F1B624D0B','123ea09d-bb8c-41c6-90fa-9000303bc773','','','2016-11-19 14:03:01','2017-12-03 17:56:06',NULL,NULL),('3a2f08bc-f186-4d60-9802-7de9db8cd087','ZHANGZP0060','张志萍','365,2094f2bb4271',0,'25F9E794323B453885F5181F1B624D0B','123ea09d-bb8c-41c6-90fa-9000303bc773','','','2016-11-19 13:58:06','2017-12-03 17:56:06',NULL,NULL),('3a52ed0f-fe7b-4361-b1ec-2d131f903725','QITY0816','齐桐悦',NULL,0,'AE6552DEA5CDDA65C09F0635593BD973','04acc1cf-d838-4b84-95b5-62818876e3b9','qitongyue@gaoantunpower.com','','2015-11-30 10:53:27','2017-12-27 10:47:50',NULL,NULL),('3a7f948e-995a-4b5b-a9a2-995fad688c40','ZHANGDZ5210','张大卓_兴海电力','365,20968c0be741',0,'25F9E794323B453885F5181F1B624D0B','123ea09d-bb8c-41c6-90fa-9000303bc773','','','2016-11-19 14:01:26','2017-12-03 17:56:06',NULL,NULL),('3a832327-23e6-48bc-ad89-8143cad1adb5','LIUZ3015','刘智_兴海电力','368,20974ee36795',0,'25F9E794323B453885F5181F1B624D0B','123ea09d-bb8c-41c6-90fa-9000303bc773','','','2016-11-19 14:01:25','2017-12-03 17:56:06',NULL,NULL),('3ac31873-cef4-49b5-a460-1303d7a94ad7','hansl2119','韩树良_京能检修','363,2098b0bd0cab',0,'25F9E794323B453885F5181F1B624D0B','123ea09d-bb8c-41c6-90fa-9000303bc773','','','2017-05-08 11:49:42','2017-12-03 17:56:06',NULL,NULL),('3ad373fc-22fb-4b91-9847-a13db99cf9bb','张建波','张建波',NULL,0,'25F9E794323B453885F5181F1B624D0B','04acc1cf-d838-4b84-95b5-62818876e3b9','','','2015-11-30 10:53:33','2017-12-27 10:47:50',NULL,NULL),('3b21853c-38f6-411f-821a-6e5ec01a8a9a','WANGK4330','王科','363,209bc1da2494',0,'25F9E794323B453885F5181F1B624D0B','123ea09d-bb8c-41c6-90fa-9000303bc773','','','2016-11-19 13:58:07','2017-12-03 17:56:06',NULL,NULL),('3b3eea00-d553-42ef-bd0f-5b0054b91bec','HUOWM2111','霍卫民',NULL,0,'25F9E794323B453885F5181F1B624D0B','04acc1cf-d838-4b84-95b5-62818876e3b9','huoweimin@gaoantunpower.com','','2015-11-30 10:53:29','2017-12-27 10:47:50',NULL,NULL),('3b5a0fb4-50d7-4b66-be66-34cd1ca31bb7','YANH4138','闫寒','362,209ea83d03b8',0,'25F9E794323B453885F5181F1B624D0B','123ea09d-bb8c-41c6-90fa-9000303bc773','','','2016-11-19 13:58:06','2017-12-03 17:56:06',NULL,NULL),('3b70aa62-80be-4026-9a07-fb4013dd7a70','GUOCG0939','郭春广','367,209fea25cd0c',0,'25F9E794323B453885F5181F1B624D0B','123ea09d-bb8c-41c6-90fa-9000303bc773','','','2016-11-19 13:58:06','2017-12-03 17:56:06',NULL,NULL),('3bd0107f-9918-462e-8f24-e9d0f4fc9563','HUANGLS5890','黄李胜','366,20a0efa0d04e',0,'25F9E794323B453885F5181F1B624D0B','123ea09d-bb8c-41c6-90fa-9000303bc773','','','2016-11-19 13:58:05','2017-12-03 17:56:07',NULL,NULL),('3c8ee025-bb72-4460-ae07-a92b3cebe6dc','CENC6533','岑超','366,20a2feece9ee',0,'25F9E794323B453885F5181F1B624D0B','123ea09d-bb8c-41c6-90fa-9000303bc773','','','2016-11-19 13:58:06','2017-12-03 17:56:07',NULL,NULL),('3ceefdec-db95-4767-a939-03adae090b5c','CHENHF201X','陈海峰_兴海电力','366,20a3c0834f92',0,'25F9E794323B453885F5181F1B624D0B','123ea09d-bb8c-41c6-90fa-9000303bc773','','','2016-11-19 14:01:27','2017-12-03 17:56:07',NULL,NULL),('3d6330df-1a34-43c8-9ac5-fc7ac99e674b','baibz003X','白宝柱_京能检修','368,20a4ceb89bf2',0,'25F9E794323B453885F5181F1B624D0B','123ea09d-bb8c-41c6-90fa-9000303bc773','','','2017-05-18 21:49:01','2017-12-03 17:56:07',NULL,NULL),('3d694389-c7f9-4919-b700-08cd0dfd9e6c','ZHANGZHJ0010','张智杰_兴海电力','368,20a5a8e82510',0,'25F9E794323B453885F5181F1B624D0B','123ea09d-bb8c-41c6-90fa-9000303bc773','','','2016-11-19 14:01:27','2017-12-03 17:56:07',NULL,NULL),('3d6a507b-c603-42d5-bdd5-30733baba79f','林波','林波',NULL,0,'25F9E794323B453885F5181F1B624D0B','04acc1cf-d838-4b84-95b5-62818876e3b9','','','2015-11-30 10:53:33','2017-12-27 10:47:50',NULL,NULL),('3d789b0e-9fac-4f1d-9c35-e38741265bf8','XONGYQ0510','熊永清_兴海电力','362,20a79abab072',0,'25F9E794323B453885F5181F1B624D0B','123ea09d-bb8c-41c6-90fa-9000303bc773','','','2016-11-19 14:01:27','2017-12-03 17:56:07',NULL,NULL),('3e342e45-73a1-4517-a6d6-a257ab5d76aa','XIAOX6018','肖鑫','360,345a7a28b833',0,'25F9E794323B453885F5181F1B624D0B','04acc1cf-d838-4b84-95b5-62818876e3b9','1234567@qq.com','','2016-12-19 09:02:47','2018-01-02 15:18:04',NULL,NULL),('3e873517-79e9-4f5a-9562-0ae8bdc69822','LUXF2919','陆雪峰',NULL,0,'56898EA80CDE37AFF652E18A441B9D82','04acc1cf-d838-4b84-95b5-62818876e3b9','','','2015-11-30 10:53:31','2017-12-27 10:47:50',NULL,NULL),('3ec24652-c80b-4951-9d57-6ddb6c074afa','zhangyc1612','赵玉超','367,20ac752cb794',0,'25F9E794323B453885F5181F1B624D0B','123ea09d-bb8c-41c6-90fa-9000303bc773','','','2017-06-07 10:34:42','2017-12-03 17:56:07',NULL,NULL),('3f071f2b-46e3-42a5-95a4-03cccd4b16e3','JIAKB2016','贾宽波_兴海电力','368,20ad5df81f47',0,'25F9E794323B453885F5181F1B624D0B','123ea09d-bb8c-41c6-90fa-9000303bc773','','','2017-06-02 13:54:44','2017-12-03 17:56:07',NULL,NULL),('3f1c939a-a7e0-4ac5-aff7-039e9d443867','gengl1510','耿露_京能检修','364,20af822e95c4',0,'25F9E794323B453885F5181F1B624D0B','123ea09d-bb8c-41c6-90fa-9000303bc773','','','2016-11-19 14:07:27','2017-12-03 17:56:07',NULL,NULL),('3f61d44f-552b-4b84-8dd5-3215df85756d','LIZG0594','李志国','365,20b04b43902d',0,'25F9E794323B453885F5181F1B624D0B','123ea09d-bb8c-41c6-90fa-9000303bc773','','','2016-11-19 13:58:05','2017-12-03 17:56:07',NULL,NULL),('40a3d9c1-9187-4c45-9b1b-6ebaebe3a8bd','YUEH4554','岳海','368,20b15d1658b5',0,'25F9E794323B453885F5181F1B624D0B','123ea09d-bb8c-41c6-90fa-9000303bc773','','','2016-11-19 13:58:06','2017-12-03 17:56:07',NULL,NULL),('40bfe4b8-6b55-4c67-918a-a64ac4d1e5d8','SONGXY841X','宋晓宇','365,20b22e159e59',0,'25F9E794323B453885F5181F1B624D0B','123ea09d-bb8c-41c6-90fa-9000303bc773','','','2016-11-19 13:58:05','2017-12-03 17:56:07',NULL,NULL),('40c17ae2-ab16-48f9-bfbc-4ebe75bc7450','XUEB3038','薛斌_兴海电力','362,20b381adac75',0,'25F9E794323B453885F5181F1B624D0B','123ea09d-bb8c-41c6-90fa-9000303bc773','','','2016-11-19 14:01:27','2017-12-03 17:56:07',NULL,NULL),('40ce33f6-3d1c-45ee-a100-c45380ec9b9b','ZHENGHL3917','郑宏亮_兴海电力','368,20b42fceee9e',0,'25F9E794323B453885F5181F1B624D0B','123ea09d-bb8c-41c6-90fa-9000303bc773','','','2016-11-19 14:01:27','2017-12-03 17:56:07',NULL,NULL),('40dcc1f7-4b78-46e9-b7d0-7ddac09ed1bb','YANGJW2610','杨建文_兴海电力','367,20b58e212e00',0,'25F9E794323B453885F5181F1B624D0B','123ea09d-bb8c-41c6-90fa-9000303bc773','','','2016-11-19 14:01:27','2017-12-03 17:56:07',NULL,NULL),('40e029ba-d81e-45c9-ab67-e78428ecd5ce','YANGX2217','杨鑫',NULL,0,'25F9E794323B453885F5181F1B624D0B','04acc1cf-d838-4b84-95b5-62818876e3b9','yangxin-32@163.com','','2015-11-30 10:53:28','2017-12-27 10:47:50',NULL,NULL),('41349fe3-0159-47ba-9a3e-11a7d5bcf390','HUWL0028','胡文亮','368,20b70d1313b9',0,'25F9E794323B453885F5181F1B624D0B','123ea09d-bb8c-41c6-90fa-9000303bc773','','','2016-11-19 13:58:04','2017-12-03 17:56:07',NULL,NULL),('4167368e-a796-4226-8d79-bc872fc65925','HUZHY2937','胡帧嵛_兴海电力','365,20b8b7a18bd7',0,'25F9E794323B453885F5181F1B624D0B','123ea09d-bb8c-41c6-90fa-9000303bc773','','','2016-11-19 14:01:27','2017-12-03 17:56:07',NULL,NULL),('4188705b-a1a2-4581-8a97-33830e8c4585','liusw7030','刘素文_兴海电力','364,20b94109831c',0,'25F9E794323B453885F5181F1B624D0B','123ea09d-bb8c-41c6-90fa-9000303bc773','','','2017-11-08 11:35:41','2017-12-03 17:56:07',NULL,NULL),('41a8b7ec-b588-4e5f-b013-8b0361f3f18b','ZHANGJJ2126','张娟娟_兴海电力','362,20ba1d0530c6',0,'25F9E794323B453885F5181F1B624D0B','123ea09d-bb8c-41c6-90fa-9000303bc773','','','2016-11-19 14:01:27','2017-12-03 17:56:07',NULL,NULL),('42667444-1aed-4e90-8ae4-db24efd4ebf1','zhangpf2572','张鹏飞_京能检修','364,20bd82635eb0',0,'25F9E794323B453885F5181F1B624D0B','123ea09d-bb8c-41c6-90fa-9000303bc773','','','2016-11-19 14:07:27','2017-12-03 17:56:07',NULL,NULL),('42761d2f-0512-4777-ac49-37aec3c9ac4b','ZHAOG5012','赵刚_兴海电力','363,20bef1b6e795',0,'25F9E794323B453885F5181F1B624D0B','123ea09d-bb8c-41c6-90fa-9000303bc773','','','2016-11-19 14:01:26','2017-12-03 17:56:07',NULL,NULL),('4294a2b9-b305-41c3-9239-4feb28539202','BAIYQ1519','白亚琼_兴海电力','367,20bfb7ad2cbc',0,'25F9E794323B453885F5181F1B624D0B','123ea09d-bb8c-41c6-90fa-9000303bc773','','','2016-11-19 14:01:27','2017-12-03 17:56:07',NULL,NULL),('43454a4d-fbba-462c-b643-3652b717693a','YANGYSH4559','杨永生_兴海电力','364,20c0e8967dde',0,'25F9E794323B453885F5181F1B624D0B','123ea09d-bb8c-41c6-90fa-9000303bc773','','','2016-11-19 14:01:26','2017-12-03 17:56:07',NULL,NULL),('43521f9c-4ad1-403f-89d7-f1c011f9c240','JINHL251X','金海龙','365,20c14a7f1cef',0,'25F9E794323B453885F5181F1B624D0B','123ea09d-bb8c-41c6-90fa-9000303bc773','','','2016-11-19 13:58:06','2017-12-03 17:56:07',NULL,NULL),('435b54b3-abf9-49f4-83a3-f6b4c2c2feb6','ZHANZB3636','展宗波','365,20c2dbac356e',0,'25F9E794323B453885F5181F1B624D0B','123ea09d-bb8c-41c6-90fa-9000303bc773','','','2016-11-19 13:58:06','2017-12-03 17:56:07',NULL,NULL),('43a051c4-5c84-4ed6-8a8b-21aa6603052f','ZHUPF3514','朱鹏飞_兴海电力','368,20c3817d30e7',0,'25F9E794323B453885F5181F1B624D0B','123ea09d-bb8c-41c6-90fa-9000303bc773','','','2016-11-19 14:01:27','2017-12-03 17:56:07',NULL,NULL),('43a334e5-e5e5-4fc1-ab55-6c43e68b3854','ZHANGC3095','张超','368,20c4e64ce191',0,'25F9E794323B453885F5181F1B624D0B','123ea09d-bb8c-41c6-90fa-9000303bc773','','','2016-11-19 13:58:06','2017-12-03 17:56:07',NULL,NULL),('43cb7916-bbba-4ced-b0d2-5796dea724d2','LUW1811','陆文_内蒙峰业','368,20c54f05f838',0,'25F9E794323B453885F5181F1B624D0B','123ea09d-bb8c-41c6-90fa-9000303bc773','','','2016-11-19 14:01:25','2017-12-03 17:56:07',NULL,NULL),('43ebd545-5f7a-4664-90aa-71d3bfc5b9a8','GENGS3110','耿硕',NULL,0,'25F9E794323B453885F5181F1B624D0B','04acc1cf-d838-4b84-95b5-62818876e3b9','','','2017-02-27 15:54:52','2017-12-27 10:47:50',NULL,NULL),('446c7297-c077-4dbb-b6e9-a8d376f581b6','LIUDL0953','刘德林',NULL,0,'64F87448D880EB44686299720E72820A','04acc1cf-d838-4b84-95b5-62818876e3b9','','','2015-11-30 10:53:31','2017-12-27 10:47:50',NULL,NULL),('44871a51-4751-4c6d-be93-16601ee14a65','LIYF1518','李永富','368,20c9ccac0cbc',0,'25F9E794323B453885F5181F1B624D0B','123ea09d-bb8c-41c6-90fa-9000303bc773','','','2016-11-19 13:58:05','2017-12-03 17:56:07',NULL,NULL),('455340ab-cda3-4e72-bdb4-6487a2e8a787','LIJQ5010','李军强_京能检修','366,20ca439b846b',0,'25F9E794323B453885F5181F1B624D0B','123ea09d-bb8c-41c6-90fa-9000303bc773','','','2016-11-19 14:03:01','2017-12-03 17:56:07',NULL,NULL),('45a111db-18a0-468b-a961-7953e35a6ab9','YANGLB2115','杨立斌','363,20cb522f941a',0,'25F9E794323B453885F5181F1B624D0B','123ea09d-bb8c-41c6-90fa-9000303bc773','','','2016-11-19 13:58:05','2017-12-03 17:56:07',NULL,NULL),('48051e61-e1b8-43b6-b7fa-8816c8b9f551','TIANYX7931','田宇翔_兴海电力','368,20cdb4c4cb1c',0,'25F9E794323B453885F5181F1B624D0B','123ea09d-bb8c-41c6-90fa-9000303bc773','','','2016-11-19 14:01:25','2017-12-03 17:56:07',NULL,NULL),('480a5a1b-1c4d-4d5d-8aad-247c34dc1991','CAOY6013','曹洋','365,20cef320e828',0,'25F9E794323B453885F5181F1B624D0B','123ea09d-bb8c-41c6-90fa-9000303bc773','','','2016-11-19 13:58:06','2017-12-03 17:56:07',NULL,NULL),('488f8837-155b-40aa-8df9-5495469fa462','sizx5011','司战勋','368,20cfd6331910',0,'25F9E794323B453885F5181F1B624D0B','123ea09d-bb8c-41c6-90fa-9000303bc773','','','2016-11-19 16:21:48','2017-12-03 17:56:07',NULL,NULL),('48bee8db-97ee-45ed-8646-6d0508d2c7e5','ZHANGYL0574','张永利','365,20d055606102',0,'25F9E794323B453885F5181F1B624D0B','123ea09d-bb8c-41c6-90fa-9000303bc773','','','2016-11-19 13:58:06','2017-12-03 17:56:08',NULL,NULL),('48dab1a7-faf3-46d7-b9b9-96c6e21c2844','liuk4117','刘凯_京能检修','365,20d25cf2ebf7',0,'25F9E794323B453885F5181F1B624D0B','123ea09d-bb8c-41c6-90fa-9000303bc773','','','2017-10-26 14:56:13','2017-12-03 17:56:08',NULL,NULL),('48eed24f-7ab2-4a0c-8c7c-38bb9a995c73','houzj133X','侯志俊_京能检修','366,20d308ceadeb',0,'25F9E794323B453885F5181F1B624D0B','123ea09d-bb8c-41c6-90fa-9000303bc773','','','2016-11-19 14:03:01','2017-12-03 17:56:08',NULL,NULL),('497eface-a81b-4beb-b130-1291db44e13c','ZHANGLD002X','张了丹_兴海电力','366,20d49dcb3ac8',0,'25F9E794323B453885F5181F1B624D0B','123ea09d-bb8c-41c6-90fa-9000303bc773','','','2016-11-19 14:01:25','2017-12-03 17:56:08',NULL,NULL),('49edf5b6-fd65-44de-bef1-e8501959681f','GAOK0015','高琨','366,20d570471563',0,'25F9E794323B453885F5181F1B624D0B','123ea09d-bb8c-41c6-90fa-9000303bc773','','','2016-11-19 13:58:06','2017-12-03 17:56:08',NULL,NULL),('4a576116-b893-4bf5-9f37-b33414644356','WENZJ0039','温治江_兴海电力','362,20d6aedab835',0,'25F9E794323B453885F5181F1B624D0B','123ea09d-bb8c-41c6-90fa-9000303bc773','','','2017-06-02 13:54:44','2017-12-03 17:56:08',NULL,NULL),('4a7da449-2fb3-42d2-881a-96340315de1c','YANGWY1538','杨文元_兴海电力','367,20d7513d85b4',0,'25F9E794323B453885F5181F1B624D0B','123ea09d-bb8c-41c6-90fa-9000303bc773','','','2016-11-19 14:01:26','2017-12-03 17:56:08',NULL,NULL),('4a94e981-4519-4b84-a7cb-35092e9e04e8','LIR2450','李锐','368,20d8f4b0563e',0,'25F9E794323B453885F5181F1B624D0B','123ea09d-bb8c-41c6-90fa-9000303bc773','','','2016-11-19 13:58:05','2017-12-03 17:56:08',NULL,NULL),('4b6fa147-2d85-4b66-a4b5-73592fd0514f','ZHENGY3167','郑娅_兴海电力','367,20da54a6f9b8',0,'25F9E794323B453885F5181F1B624D0B','123ea09d-bb8c-41c6-90fa-9000303bc773','','','2016-11-19 14:01:25','2017-12-03 17:56:08',NULL,NULL),('4b74b5d9-52bc-46c1-a035-02a858ecbf5f','LIUBY6757','刘本尧','365,20dbe9b87e8e',0,'25F9E794323B453885F5181F1B624D0B','123ea09d-bb8c-41c6-90fa-9000303bc773','','','2016-11-19 13:58:06','2017-12-03 17:56:08',NULL,NULL),('4b9f3fe0-94ac-4c83-bafe-8d12bbf985d4','jvsq3314','鞠松青_京能后勤','364,20ddf126f485',0,'25F9E794323B453885F5181F1B624D0B','123ea09d-bb8c-41c6-90fa-9000303bc773','','','2017-09-11 11:56:15','2017-12-03 17:56:08',NULL,NULL),('4befea6f-8ff4-499d-a4a9-57cd4671f0c0','王海涛','王海涛',NULL,0,'25F9E794323B453885F5181F1B624D0B','04acc1cf-d838-4b84-95b5-62818876e3b9','','','2015-11-30 10:53:33','2017-12-27 10:47:51',NULL,NULL),('4c61adca-6c3f-403a-8c7f-df1a3ef9c651','FANZG2578','樊治国_兴海电力','362,20dfcc819d45',0,'25F9E794323B453885F5181F1B624D0B','123ea09d-bb8c-41c6-90fa-9000303bc773','','','2017-06-02 13:54:44','2017-12-03 17:56:08',NULL,NULL),('4c8d1ee2-aea9-4328-b4d7-97793359bc82','LIW491X','李微','364,20e00fc97f8a',0,'25F9E794323B453885F5181F1B624D0B','123ea09d-bb8c-41c6-90fa-9000303bc773','','','2016-11-19 13:58:05','2017-12-03 17:56:08',NULL,NULL),('4ca179a8-0b20-442e-a843-a55036d0cd70','lixl0238','李晓磊_京能检修','364,20e2c26554f2',0,'25F9E794323B453885F5181F1B624D0B','123ea09d-bb8c-41c6-90fa-9000303bc773','','','2016-11-19 14:07:27','2017-12-03 17:56:08',NULL,NULL),('4d0699ef-6e52-40b3-bc09-88a51955202b','HAOLH3114','郝立和_内蒙峰业','368,20e390056c7c',0,'25F9E794323B453885F5181F1B624D0B','123ea09d-bb8c-41c6-90fa-9000303bc773','','','2017-06-02 13:54:44','2017-12-03 17:56:08',NULL,NULL),('4d288814-3e43-4f7b-8b81-cab01ef170a0','ZHAOYL6522','赵永丽_兴海电力','368,20e45b8568c5',0,'25F9E794323B453885F5181F1B624D0B','123ea09d-bb8c-41c6-90fa-9000303bc773','','','2016-11-19 14:01:26','2017-12-03 17:56:08',NULL,NULL),('4d34ede6-37a0-4739-aceb-d680ba1984a7','lizq251x','李志强_京能检修','364,20e52aab8030',0,'25F9E794323B453885F5181F1B624D0B','123ea09d-bb8c-41c6-90fa-9000303bc773','','','2016-11-19 14:06:00','2017-12-03 17:56:08',NULL,NULL),('4d66058d-fe34-46bc-95c3-b24dbe584a6b','WANGXQ3812','王雪强_京能检修','364,20e68bb83e80',0,'25F9E794323B453885F5181F1B624D0B','123ea09d-bb8c-41c6-90fa-9000303bc773','','','2016-11-19 14:03:01','2017-12-03 17:56:08',NULL,NULL),('4ded3809-51c8-4e38-bee3-f961c1f755d3','LIXY2010','李喜英_内蒙峰业','366,20e8611cf56a',0,'25F9E794323B453885F5181F1B624D0B','123ea09d-bb8c-41c6-90fa-9000303bc773','','','2016-11-19 14:01:25','2017-12-03 17:56:08',NULL,NULL),('4e024220-1db4-4bcb-9aea-943bf0065373','haohw4093','郝红旺_内蒙峰业','368,20e97937d595',0,'25F9E794323B453885F5181F1B624D0B','123ea09d-bb8c-41c6-90fa-9000303bc773','','','2016-11-19 14:05:08','2017-12-03 17:56:08',NULL,NULL),('4e36cd2a-ef88-43b8-a79a-c7f2fbc9cffe','YAOYT0320','姚雨廷',NULL,0,'E10ADC3949BA59ABBE56E057F20F883E','04acc1cf-d838-4b84-95b5-62818876e3b9','yaoyuting@gaoantunpower.com','','2015-11-30 10:53:30','2017-12-27 10:47:51',NULL,NULL),('4e5dfd7f-3fb8-48f4-b969-fbdf6100d359','jil0518','冀磊_京能检修','365,20eba5cbf158',0,'25F9E794323B453885F5181F1B624D0B','123ea09d-bb8c-41c6-90fa-9000303bc773','','','2016-11-19 14:03:01','2017-12-03 17:56:08',NULL,NULL),('4e6f35a5-afcf-491e-b95e-7a5eac43bb81','LINGH3735','蔺国华_内蒙峰业','365,20ec82f6368d',0,'25F9E794323B453885F5181F1B624D0B','123ea09d-bb8c-41c6-90fa-9000303bc773','','','2016-11-19 14:01:25','2017-12-03 17:56:08',NULL,NULL),('4e829d31-a8c3-4fc9-b963-98d0898975c1','HEP769X','何鹏','366,20ed7b64be3f',0,'25F9E794323B453885F5181F1B624D0B','123ea09d-bb8c-41c6-90fa-9000303bc773','','','2016-11-19 13:58:06','2017-12-03 17:56:08',NULL,NULL),('4edb2b8f-38a5-4ad6-8378-0f77e31acd31','ZHOUX5616','周祥','367,20ee6f3f0621',0,'25F9E794323B453885F5181F1B624D0B','123ea09d-bb8c-41c6-90fa-9000303bc773','','','2016-11-19 13:58:06','2017-12-03 17:56:08',NULL,NULL),('4ef49325-1f25-49c1-b935-35d9416277af','LIUPF5018','刘鹏飞_内蒙峰业','363,20efeff81395',0,'25F9E794323B453885F5181F1B624D0B','123ea09d-bb8c-41c6-90fa-9000303bc773','','','2016-11-19 14:01:25','2017-12-03 17:56:08',NULL,NULL),('4f352544-b922-4393-a41b-6b2107604217','test2','查看人员','363,20f066274a53',0,'25F9E794323B453885F5181F1B624D0B','123ea09d-bb8c-41c6-90fa-9000303bc773','','','2017-11-23 18:17:11','2017-12-03 17:56:08',NULL,NULL),('4f41b751-5567-4d3e-9b47-af17cca84036','BUYY0915','卜元悦','365,20f158c808f8',0,'25F9E794323B453885F5181F1B624D0B','123ea09d-bb8c-41c6-90fa-9000303bc773','','','2016-11-19 13:58:04','2017-12-03 17:56:08',NULL,NULL),('4f57903c-3f1b-42e6-9309-cf3127e3d2ab','LIAOXY1574','廖兴元','366,20f2fd9155c7',0,'25F9E794323B453885F5181F1B624D0B','123ea09d-bb8c-41c6-90fa-9000303bc773','','','2016-11-19 13:58:05','2017-12-03 17:56:08',NULL,NULL),('4f736833-5bd0-42bf-b185-f495150835c1','XIEL8121','解琳',NULL,0,'25F9E794323B453885F5181F1B624D0B','04acc1cf-d838-4b84-95b5-62818876e3b9','xielin@gaoantunpower.com','','2015-11-30 10:53:27','2017-12-27 10:47:51',NULL,NULL),('4f9428b3-1d46-44cb-b4c6-844530e2930f','XIEGY6751','解冠宇','368,20f4fa227105',0,'25F9E794323B453885F5181F1B624D0B','123ea09d-bb8c-41c6-90fa-9000303bc773','','','2016-11-19 13:58:06','2017-12-03 17:56:08',NULL,NULL),('4fb3ddea-9e56-415c-b3d9-74d2874e798c','LIMY0779','李牧原',NULL,0,'25F9E794323B453885F5181F1B624D0B','04acc1cf-d838-4b84-95b5-62818876e3b9','','','2015-11-30 10:53:32','2017-12-27 10:47:51',NULL,NULL),('4fc64df2-6015-4188-8aa6-f73c27d48d02','DIS3019','狄帅','363,20f652346b8d',0,'25F9E794323B453885F5181F1B624D0B','123ea09d-bb8c-41c6-90fa-9000303bc773','','','2016-11-19 13:58:06','2017-12-03 17:56:08',NULL,NULL),('4ffd03da-fb0b-4e3f-bbb8-85af0cba7390','ZHANGK0591','张凯_兴海电力','366,20f7ad910e09',0,'25F9E794323B453885F5181F1B624D0B','123ea09d-bb8c-41c6-90fa-9000303bc773','','','2016-11-19 14:01:27','2017-12-03 17:56:08',NULL,NULL),('5025cfbe-2816-4f98-8e44-c3e325c1c186','dongjh0013','董晋辉_京能检修','366,20f86d91f0dd',0,'25F9E794323B453885F5181F1B624D0B','123ea09d-bb8c-41c6-90fa-9000303bc773','','','2016-11-19 14:06:00','2017-12-03 17:56:08',NULL,NULL),('504a0bb5-b7ad-46ab-bda5-29bb3ecefd91','PANGJX4090','庞健新_兴海电力','362,20fa9988ccba',0,'25F9E794323B453885F5181F1B624D0B','123ea09d-bb8c-41c6-90fa-9000303bc773','','','2016-11-19 14:01:27','2017-12-03 17:56:09',NULL,NULL),('509da222-1c85-4f0b-bb97-0d090a8864f4','WANGFL0016','王飞龙_内蒙峰业','368,20fb28bee34c',0,'25F9E794323B453885F5181F1B624D0B','123ea09d-bb8c-41c6-90fa-9000303bc773','','','2016-11-19 14:01:25','2017-12-03 17:56:09',NULL,NULL),('5131bb8d-5208-4e1e-8596-3f4a42f97fed','YANGCZ0017','杨承佐',NULL,0,'25F9E794323B453885F5181F1B624D0B','04acc1cf-d838-4b84-95b5-62818876e3b9','yangchengzuo@gaoantunpower.com','','2015-11-30 10:53:28','2017-12-27 10:47:51',NULL,NULL),('527b02e6-100f-4595-8140-7c95610998f6','zhangxp0599','张小平_京能检修','363,20fdea3d8844',0,'25F9E794323B453885F5181F1B624D0B','123ea09d-bb8c-41c6-90fa-9000303bc773','','','2016-11-19 14:07:27','2017-12-03 17:56:09',NULL,NULL),('528dd769-7898-47aa-989a-12ebf0cff913','test2','test2','',0,'25F9E794323B453885F5181F1B624D0B','20E7905A-5630-4490-AAF6-CE1725706B2E','122@qq.com','111','2018-03-06 09:46:07','2018-03-06 09:46:08',NULL,NULL),('52a8b590-6f8e-4f8b-86a8-c1a7172f0e09','HUANGXR0059','黄晓瑞','367,20fedd471d07',0,'25F9E794323B453885F5181F1B624D0B','123ea09d-bb8c-41c6-90fa-9000303bc773','','','2016-11-19 13:58:05','2017-12-03 17:56:09',NULL,NULL),('52dc6efa-b7b6-46d1-a042-2e39f67b262e','CUIGD4117','崔国东',NULL,0,'25F9E794323B453885F5181F1B624D0B','04acc1cf-d838-4b84-95b5-62818876e3b9','','','2015-11-30 10:53:33','2017-12-27 10:47:51',NULL,NULL),('535d88f3-c459-45eb-a1e5-fb486090f230','HOULJ5222','侯立娟',NULL,0,'25F9E794323B453885F5181F1B624D0B','04acc1cf-d838-4b84-95b5-62818876e3b9','','','2015-11-30 10:53:33','2017-12-27 10:47:51',NULL,NULL),('53d1db9a-0546-4650-8910-6af67da90ce2','WANGWCH1451','王伟超_兴海电力','362,210128ba216f',0,'25F9E794323B453885F5181F1B624D0B','123ea09d-bb8c-41c6-90fa-9000303bc773','','','2016-11-19 14:01:26','2017-12-03 17:56:09',NULL,NULL),('53d307e1-03e9-4166-be93-a1626a0fac01','WANGRX2215','王瑞玺_兴海电力','363,2102c4f1ca09',0,'25F9E794323B453885F5181F1B624D0B','123ea09d-bb8c-41c6-90fa-9000303bc773','','','2016-11-19 14:01:25','2017-12-03 17:56:09',NULL,NULL),('5423cffb-2501-48a0-ac55-91ffe43f1b3d','zhangy4514','张有_京能检修','364,2103aa7a8ff9',0,'25F9E794323B453885F5181F1B624D0B','123ea09d-bb8c-41c6-90fa-9000303bc773','','','2016-11-19 14:07:27','2017-12-03 17:56:09',NULL,NULL),('543369a3-7b32-4e9a-8d05-552264add595','CHENB0636','陈博','365,210415d12176',0,'25F9E794323B453885F5181F1B624D0B','123ea09d-bb8c-41c6-90fa-9000303bc773','','','2016-11-19 13:58:05','2017-12-03 17:56:09',NULL,NULL),('549b1a70-0f91-42be-a8e6-7f68da172d46','LIYW0011','李炀文','367,2105ac17fb9c',0,'25F9E794323B453885F5181F1B624D0B','123ea09d-bb8c-41c6-90fa-9000303bc773','','','2016-11-19 13:58:05','2017-12-03 17:56:09',NULL,NULL),('54bc7a7f-7aa8-41f9-b71a-7368629604dc','DINGXD1570','丁晓东','366,2106ab7c6ecf',0,'25F9E794323B453885F5181F1B624D0B','123ea09d-bb8c-41c6-90fa-9000303bc773','','','2016-11-19 13:58:05','2017-12-03 17:56:09',NULL,NULL),('54f314ef-188a-493c-9d3d-3cafbe8a9cef','weisj0416','魏仕佳','362,2107a52ca2ce',0,'25F9E794323B453885F5181F1B624D0B','123ea09d-bb8c-41c6-90fa-9000303bc773','','','2017-06-07 09:58:58','2017-12-03 17:56:09',NULL,NULL),('55292cd1-07c4-424d-864a-d35a78f2eb0c','ZHAOF0051','赵峰1','365,210815ff5ff8',0,'25F9E794323B453885F5181F1B624D0B','123ea09d-bb8c-41c6-90fa-9000303bc773','','','2016-11-19 13:58:07','2017-12-03 17:56:09',NULL,NULL),('5535c160-5277-4a5c-a06c-7bf6645217cb','ZHANGSC2525','张胜超','364,21097d21b7b5',0,'25F9E794323B453885F5181F1B624D0B','123ea09d-bb8c-41c6-90fa-9000303bc773','','','2016-11-19 13:58:05','2017-12-03 17:56:09',NULL,NULL),('5549dd87-62de-4b8a-860f-5e6c2b75a05e','WANGQZ0595','王全在_兴海电力','368,210a9c2ad869',0,'25F9E794323B453885F5181F1B624D0B','123ea09d-bb8c-41c6-90fa-9000303bc773','','','2016-11-19 14:01:27','2017-12-03 17:56:09',NULL,NULL),('554f4f90-245b-4d57-b7c6-868feaec72f8','DYCHY0171','狄春宇_兴海电力','362,210b85ec6a29',0,'25F9E794323B453885F5181F1B624D0B','123ea09d-bb8c-41c6-90fa-9000303bc773','','','2016-11-19 14:01:27','2017-12-03 17:56:09',NULL,NULL),('556091e4-e27c-4b0f-a8c1-dc684db30039','LUOCL7514','罗成林','363,210c8a83bb2a',0,'25F9E794323B453885F5181F1B624D0B','123ea09d-bb8c-41c6-90fa-9000303bc773','','','2016-11-19 13:58:05','2017-12-03 17:56:09',NULL,NULL),('55aaed54-761f-430a-806b-1586c9325896','HAOJSH4610','郝建烁_兴海电力','367,210d3843cf13',0,'25F9E794323B453885F5181F1B624D0B','123ea09d-bb8c-41c6-90fa-9000303bc773','','','2016-11-19 14:01:27','2017-12-03 17:56:09',NULL,NULL),('55e67fad-2aee-461d-8189-06b8eaa174b8','HANYL4098','韩永林_兴海电力','366,210f1844609f',0,'25F9E794323B453885F5181F1B624D0B','123ea09d-bb8c-41c6-90fa-9000303bc773','','','2016-11-19 14:01:25','2017-12-03 17:56:09',NULL,NULL),('55f32af8-321a-4361-8a60-1c011f46a9a8','GAOZQ6510','高志强_京能检修','362,2110bbbebddc',0,'25F9E794323B453885F5181F1B624D0B','123ea09d-bb8c-41c6-90fa-9000303bc773','','','2016-11-19 14:03:01','2017-12-03 17:56:09',NULL,NULL),('56150b1e-5917-47de-b8b3-c45725149918','WUXW4530','吴学文','368,2112ed183b5a',0,'25F9E794323B453885F5181F1B624D0B','123ea09d-bb8c-41c6-90fa-9000303bc773','','','2016-11-19 13:58:07','2017-12-03 17:56:09',NULL,NULL),('566c6642-a77d-4aa3-87a3-fc4feec2d51d','DENGXY2717','邓新宇',NULL,0,'25F9E794323B453885F5181F1B624D0B','04acc1cf-d838-4b84-95b5-62818876e3b9','','','2017-07-11 14:59:57','2017-12-27 10:47:51',NULL,NULL),('56956df3-4b78-42c7-8d0f-d44af372a6b0','CAOHR1613','曹红日',NULL,0,'25F9E794323B453885F5181F1B624D0B','04acc1cf-d838-4b84-95b5-62818876e3b9','caohongri@gaoantunpower.com','','2015-11-30 10:53:28','2017-12-27 10:47:51',NULL,NULL),('56e7eb5e-99e2-45ab-9d43-8da8372dc19b','bicm3558','毕春明_京能检修','367,211540bb894a',0,'25F9E794323B453885F5181F1B624D0B','123ea09d-bb8c-41c6-90fa-9000303bc773','','','2016-11-19 14:07:27','2017-12-03 17:56:09',NULL,NULL),('57433cbf-d9e7-4276-9e1c-2b778ee6e661','WANGLJ1816','王立君','367,21177f955786',0,'25F9E794323B453885F5181F1B624D0B','123ea09d-bb8c-41c6-90fa-9000303bc773','','','2016-11-19 13:58:05','2017-12-03 17:56:09',NULL,NULL),('5760f728-ea90-4b26-968b-b8e2d19ddb1d','LIAOST6451','廖松涛','368,2118f15bd5b9',0,'25F9E794323B453885F5181F1B624D0B','123ea09d-bb8c-41c6-90fa-9000303bc773','','','2016-11-19 13:58:06','2017-12-03 17:56:09',NULL,NULL),('57859ae3-85c1-4312-8a62-f9baffd6bcd2','LIUY4137','刘悦_兴海电力','362,21197f5c5fdc',0,'25F9E794323B453885F5181F1B624D0B','123ea09d-bb8c-41c6-90fa-9000303bc773','','','2016-11-19 14:01:27','2017-12-03 17:56:09',NULL,NULL),('57cbf54d-0ad4-4c76-8b08-2456a0430c5c','TIANJM2711','田建民',NULL,0,'25AD41495810B9CC81431445322B0438','04acc1cf-d838-4b84-95b5-62818876e3b9','tianjianmin@gaoantunpower.com','','2015-11-30 10:53:27','2017-12-27 10:47:51',NULL,NULL),('57d283ec-bcde-4574-a4dc-c11f1c1a8780','TIANJM1212','田建明','366,211ba7789637',0,'25F9E794323B453885F5181F1B624D0B','123ea09d-bb8c-41c6-90fa-9000303bc773','','','2016-11-19 13:58:07','2017-12-03 17:56:09',NULL,NULL),('57f10350-148e-4b05-bb75-e9eebfde7784','zhijs003x','智建胜_湖北金山','367,211c141ca044',0,'25F9E794323B453885F5181F1B624D0B','123ea09d-bb8c-41c6-90fa-9000303bc773','','','2016-11-19 14:03:01','2017-12-03 17:56:09',NULL,NULL),('5867834a-9450-49b0-9e61-75909496097a','YANGZX1529','杨志新',NULL,0,'B837C31B8698AD184637EA91C3F537AB','04acc1cf-d838-4b84-95b5-62818876e3b9','yangzhixin@gaoantunpower.com','','2015-11-30 10:53:27','2017-12-27 10:47:51',NULL,NULL),('5958a939-4e7b-4c69-96df-e8ced5e8d699','XIEBX151X','谢步兴','363,211f1a37139d',0,'25F9E794323B453885F5181F1B624D0B','123ea09d-bb8c-41c6-90fa-9000303bc773','','','2016-11-19 13:58:07','2017-12-03 17:56:09',NULL,NULL),('59d2eec0-edcc-4a16-b0f8-21ad160be5a1','WANGZQ3215','王兆强','368,21206be8382e',0,'25F9E794323B453885F5181F1B624D0B','123ea09d-bb8c-41c6-90fa-9000303bc773','','','2016-11-19 13:58:07','2017-12-03 17:56:09',NULL,NULL),('5a58693c-5f3d-4f33-852a-851f29006430','PEIQY1613','裴擎玉_兴海电力','367,212299655a96',0,'25F9E794323B453885F5181F1B624D0B','123ea09d-bb8c-41c6-90fa-9000303bc773','','','2016-11-19 14:01:27','2017-12-03 17:56:10',NULL,NULL),('5a59d83d-4521-4512-a690-68207553fd47','GAOXP1015','高小平_内蒙峰业','367,2123946542f0',0,'25F9E794323B453885F5181F1B624D0B','123ea09d-bb8c-41c6-90fa-9000303bc773','','','2016-11-19 14:01:25','2017-12-03 17:56:10',NULL,NULL),('5ababdaf-e30b-4ea3-bf2c-0b8bcce09ea0','ZHAOGQ3013','赵国庆_内蒙峰业','365,2124705877ae',0,'25F9E794323B453885F5181F1B624D0B','123ea09d-bb8c-41c6-90fa-9000303bc773','','','2016-11-19 14:01:25','2017-12-03 17:56:10',NULL,NULL),('5adc2d1d-6101-44c1-9f18-697c147df37c','guoxh2811','郭晓辉_京能检修','363,2125097521b8',0,'25F9E794323B453885F5181F1B624D0B','123ea09d-bb8c-41c6-90fa-9000303bc773','','','2016-11-19 14:08:14','2017-12-03 17:56:10',NULL,NULL),('5ae65571-c826-4792-8ad6-0b1d02f14a1d','FENGYX2215','冯悦新',NULL,0,'25F9E794323B453885F5181F1B624D0B','04acc1cf-d838-4b84-95b5-62818876e3b9','fengyuexin@gaoantunpower.com','','2015-11-30 10:53:29','2017-12-27 10:47:51',NULL,NULL),('5bb4bcf1-6d3b-40cc-955d-5674e4f279ac','WANGJJ0062','王姣姣','365,21288771da84',0,'25F9E794323B453885F5181F1B624D0B','123ea09d-bb8c-41c6-90fa-9000303bc773','','','2016-11-19 13:58:06','2017-12-03 17:56:10',NULL,NULL),('5c330ca9-8002-4b4e-b29f-95cc079f9c5a','GUOYG0513','郭永刚_兴海电力','363,21295816ea5b',0,'25F9E794323B453885F5181F1B624D0B','123ea09d-bb8c-41c6-90fa-9000303bc773','','','2016-11-19 14:01:27','2017-12-03 17:56:10',NULL,NULL),('5c388707-75cc-448b-b9a9-0055aae9fd66','YUNZHM4617','云志明_兴海电力','367,212a535fcefc',0,'25F9E794323B453885F5181F1B624D0B','123ea09d-bb8c-41c6-90fa-9000303bc773','','','2016-11-19 14:01:26','2017-12-03 17:56:10',NULL,NULL),('5c96a5bd-cdd9-44fb-a5fc-7000ca1be3da','zhaoq1255','赵强_京能检修','367,212ba67231ff',0,'25F9E794323B453885F5181F1B624D0B','123ea09d-bb8c-41c6-90fa-9000303bc773','','','2016-11-19 14:03:01','2017-12-03 17:56:10',NULL,NULL),('5ca1d547-d9a7-4599-a314-7ba34dc9c467','pp6336','裴鹏_京能检修','367,212c29944852',0,'25F9E794323B453885F5181F1B624D0B','123ea09d-bb8c-41c6-90fa-9000303bc773','','','2016-11-19 14:07:27','2017-12-03 17:56:10',NULL,NULL),('5cdb9e4b-a6cf-4490-a608-536677e94bbc','WANGRJ1613','王荣江',NULL,0,'3C3DDF6030E52AEA09416814BF6E8105','04acc1cf-d838-4b84-95b5-62818876e3b9','wangrongjiang@gaoantunpower.com','','2015-11-30 10:53:29','2017-12-27 10:47:51',NULL,NULL),('5d2ae23a-d70c-4df0-8273-700147e6881b','duanhf2816','段恒峰_京能检修','364,212e5bfd8f68',0,'25F9E794323B453885F5181F1B624D0B','123ea09d-bb8c-41c6-90fa-9000303bc773','','','2016-11-19 14:06:00','2017-12-03 17:56:10',NULL,NULL),('5dd20262-feae-437f-b41e-0681b6101889','mengfj1511','孟福军','366,2130ac4deedc',0,'25f9e794323b453885f5181f1b624d0b','123ea09d-bb8c-41c6-90fa-9000303bc773','','','2017-05-18 21:49:01','2017-12-03 17:56:10',NULL,NULL),('5de95e7b-6057-4494-9d68-ac2731b8411e','ZHANGZX2219','张振兴',NULL,0,'25F9E794323B453885F5181F1B624D0B','04acc1cf-d838-4b84-95b5-62818876e3b9','zhangzhenxing@gaoantunpower.com','','2015-11-30 10:53:28','2017-12-27 10:47:52',NULL,NULL),('5e184795-aa01-45a8-aa53-1f677dd38030','ZHOUGZH2019','周国珍_兴海电力','367,2132a93ba8da',0,'25F9E794323B453885F5181F1B624D0B','123ea09d-bb8c-41c6-90fa-9000303bc773','','','2016-11-19 14:01:27','2017-12-03 17:56:10',NULL,NULL),('5e84946b-2c0a-4305-bc0d-dd37ef8d7b3e','WANGYZH5843','王玉珠_兴海电力','365,213467813969',0,'25F9E794323B453885F5181F1B624D0B','123ea09d-bb8c-41c6-90fa-9000303bc773','','','2016-11-19 14:01:26','2017-12-03 17:56:10',NULL,NULL),('5eb84eea-f5cb-47b4-8370-9c9fc3deebdd','guozd0597','郭占东_兴海电力','362,2135df889796',0,'25F9E794323B453885F5181F1B624D0B','123ea09d-bb8c-41c6-90fa-9000303bc773','','','2017-11-08 11:35:41','2017-12-03 17:56:10',NULL,NULL),('5eb9568c-e769-4daa-ab7f-a4e241756467','tu_1050_120','赵利忠_湖北金山','365,2136c26f8c7c',0,'25F9E794323B453885F5181F1B624D0B','123ea09d-bb8c-41c6-90fa-9000303bc773','','','2016-11-19 14:03:01','2017-12-03 17:56:10',NULL,NULL),('5ed0e363-9ad5-4138-aa70-b333963541cf','WANMC1215','万明超','',0,'202CB962AC59075B964B07152D234B70','04acc1cf-d838-4b84-95b5-62818876e3b9','122@qq.com','123131','2015-11-30 10:53:31','2018-01-29 08:14:36',NULL,NULL),('5f1a508f-6f25-4911-a915-70a15d40ce86','LIUT2519','刘涛','368,2138727350d7',0,'25F9E794323B453885F5181F1B624D0B','123ea09d-bb8c-41c6-90fa-9000303bc773','','','2016-11-19 13:58:05','2017-12-03 17:56:10',NULL,NULL),('5f8d8e42-ed80-470d-8eb7-c895d82ec2ef','YUHJ2591','蔚海军_内蒙峰业','366,213983314aaf',0,'25F9E794323B453885F5181F1B624D0B','123ea09d-bb8c-41c6-90fa-9000303bc773','','','2016-11-19 14:01:25','2017-12-03 17:56:10',NULL,NULL),('5fab86de-e157-4876-ad00-0231e656c4f0','WENHL0593','温海龙_内蒙峰业','364,213b62f979f0',0,'25F9E794323B453885F5181F1B624D0B','123ea09d-bb8c-41c6-90fa-9000303bc773','','','2016-11-19 14:01:25','2017-12-03 17:56:10',NULL,NULL),('5fd72132-a6f3-4618-9e98-aab1c9784603','LIY0918','李岩','366,213cdf0be546',0,'25F9E794323B453885F5181F1B624D0B','123ea09d-bb8c-41c6-90fa-9000303bc773','','','2016-11-19 13:58:04','2017-12-03 17:56:10',NULL,NULL),('6016e4fa-32e5-4b15-abd2-bce308d90e3c','zhangst2913','张双田_湖北金山','362,213d6e52495c',0,'25F9E794323B453885F5181F1B624D0B','123ea09d-bb8c-41c6-90fa-9000303bc773','','','2016-11-19 14:03:01','2017-12-03 17:56:10',NULL,NULL),('6097876da87c4f589de905ef869c6728','LIUJL0015','刘金利','',0,'25F9E794323B453885F5181F1B624D0B','04acc1cf-d838-4b84-95b5-62818876e3b9','qq.com','111','2017-12-28 02:47:44','2017-12-28 02:47:44',NULL,NULL),('60b2ee21-7ba7-4479-ba3d-7098a98f8b97','LIWQ1519','李伟强','368,213e37b94df3',0,'25F9E794323B453885F5181F1B624D0B','123ea09d-bb8c-41c6-90fa-9000303bc773','','','2016-11-19 13:58:06','2017-12-03 17:56:10',NULL,NULL),('60d57b78-afa4-4dbc-ba2e-18d1f0f6fa49','GOUYG2555','勾亚光',NULL,0,'25F9E794323B453885F5181F1B624D0B','04acc1cf-d838-4b84-95b5-62818876e3b9','gouyaguang@gaoantunpower.com','','2015-11-30 10:53:29','2017-12-27 10:47:52',NULL,NULL),('60fc14b2-64d9-46e2-994a-82c58bf4ecf2','ZHAOL1539','赵龙','365,2140c45a161f',0,'25F9E794323B453885F5181F1B624D0B','123ea09d-bb8c-41c6-90fa-9000303bc773','','','2016-11-19 13:58:07','2017-12-03 17:56:10',NULL,NULL),('6161a672-49ae-4335-9ffa-14de7499eb06','LIANGZY0011','梁振宜','366,2141e104de52',0,'25F9E794323B453885F5181F1B624D0B','123ea09d-bb8c-41c6-90fa-9000303bc773','','','2016-11-19 13:58:05','2017-12-03 17:56:10',NULL,NULL),('618c1d54-affb-4c7c-9a7c-f891f2d2b847','ZHENHY1022','甄宏宇',NULL,0,'25F9E794323B453885F5181F1B624D0B','04acc1cf-d838-4b84-95b5-62818876e3b9','','','2015-11-30 10:53:31','2017-12-27 10:47:52',NULL,NULL),('61d776aa-2035-4ed9-af08-bf92f2f95cb8','ZHAOZG6412','赵志刚',NULL,0,'7C9AB16186A2E316E0B53226DD8B576E','04acc1cf-d838-4b84-95b5-62818876e3b9','zhaozhigang@gaoantunpower.com','','2015-11-30 10:53:27','2017-12-27 10:47:52',NULL,NULL),('61ea8111-db58-4977-84eb-2709486ff7fc','yangg001X','杨贵_京能检修','367,21444bd85bbb',0,'25F9E794323B453885F5181F1B624D0B','123ea09d-bb8c-41c6-90fa-9000303bc773','','','2016-11-19 14:03:01','2017-12-03 17:56:10',NULL,NULL),('623539ed-9ee3-4337-9ccc-c9c62fc3e800','CHENBX7039','陈柏旭',NULL,0,'25F9E794323B453885F5181F1B624D0B','04acc1cf-d838-4b84-95b5-62818876e3b9','chenboxu@gaoantunpower.com','','2015-11-30 10:53:31','2017-12-27 10:47:52',NULL,NULL),('623b2f4f-9e2b-4cd3-b3ec-70e34597a30d','LINY0817','林远',NULL,0,'25F9E794323B453885F5181F1B624D0B','04acc1cf-d838-4b84-95b5-62818876e3b9','','','2015-11-30 10:53:33','2017-12-27 10:47:52',NULL,NULL),('632c23df-2188-42e7-a148-32f64c936e9d','guoq3615','郭强_京能检修','368,2148c48aee05',0,'25F9E794323B453885F5181F1B624D0B','123ea09d-bb8c-41c6-90fa-9000303bc773','','','2016-11-19 14:05:08','2017-12-03 17:56:10',NULL,NULL),('633260dc-afc5-4515-bbb8-3b2be682b314','ZHANGSJ0145','张淑娟',NULL,0,'25F9E794323B453885F5181F1B624D0B','04acc1cf-d838-4b84-95b5-62818876e3b9','','','2015-11-30 10:53:32','2017-12-27 10:47:52',NULL,NULL),('63391eaf-660f-4bba-bf7d-5c8fb8aeb1c5','WANGGF6692','王高峰_兴海电力','363,214a49bfbf91',0,'25F9E794323B453885F5181F1B624D0B','123ea09d-bb8c-41c6-90fa-9000303bc773','','','2016-11-19 14:01:27','2017-12-03 17:56:10',NULL,NULL),('634c7c42-ef47-4c24-830b-0ec18fbd362f','ZHAOZHQ0010','赵志强_兴海电力','367,214c2fd6e941',0,'25F9E794323B453885F5181F1B624D0B','123ea09d-bb8c-41c6-90fa-9000303bc773','','','2016-11-19 14:01:27','2017-12-03 17:56:10',NULL,NULL),('649a985a-0fd7-4a8f-807d-2efdf60bde5c','LIMM5117','李敏敏_兴海电力','368,2150453f8c26',0,'25F9E794323B453885F5181F1B624D0B','123ea09d-bb8c-41c6-90fa-9000303bc773','','','2016-11-19 14:01:26','2017-12-03 17:56:10',NULL,NULL),('64ee560b-af6b-47f5-a25d-90c49b98325a','CAOJ003X','曹军',NULL,0,'25F9E794323B453885F5181F1B624D0B','04acc1cf-d838-4b84-95b5-62818876e3b9','','','2017-12-12 00:00:05','2017-12-27 10:47:52',NULL,NULL),('651d9c5a-fa2d-4e25-a575-ff3a30c5eb90','WUWJ003X','武文杰_兴海电力','363,2153600cd296',0,'25F9E794323B453885F5181F1B624D0B','123ea09d-bb8c-41c6-90fa-9000303bc773','','','2016-11-19 14:01:26','2017-12-03 17:56:10',NULL,NULL),('65336049-f68f-4b01-bb5f-b7e945406e22','HANRF3318','韩瑞峰','367,215449945ab0',0,'25F9E794323B453885F5181F1B624D0B','123ea09d-bb8c-41c6-90fa-9000303bc773','','','2016-11-19 13:58:05','2017-12-03 17:56:10',NULL,NULL),('654ce2f1-0572-4b04-8c00-b2eb8ae82ef1','ZHANGL2518','张雷','363,2155d98f610f',0,'25F9E794323B453885F5181F1B624D0B','123ea09d-bb8c-41c6-90fa-9000303bc773','','','2016-11-19 13:58:06','2017-12-03 17:56:10',NULL,NULL),('65f05389-f8ab-4f8e-ba32-20df668dd26d','YANGHB0537','杨红兵','364,2156b457b7d9',0,'25F9E794323B453885F5181F1B624D0B','123ea09d-bb8c-41c6-90fa-9000303bc773','','','2016-11-19 13:58:05','2017-12-03 17:56:10',NULL,NULL),('65f23748-5484-4f47-b26d-aaef3bb88d02','SHIXM0524','石晓梅','363,215778fcdd89',0,'25F9E794323B453885F5181F1B624D0B','123ea09d-bb8c-41c6-90fa-9000303bc773','','','2016-11-19 13:58:06','2017-12-03 17:56:11',NULL,NULL),('65f77a75-739c-48ea-8947-ff97455f3c56','YANGJX4130','杨佳新',NULL,0,'25F9E794323B453885F5181F1B624D0B','04acc1cf-d838-4b84-95b5-62818876e3b9','yangjiaxin@gaoantunpower.com','','2015-11-30 10:53:28','2017-12-27 10:47:52',NULL,NULL),('65f98d65-8cd3-4150-a750-6899adb4e547','HUDJ3133','胡殿金',NULL,0,'25F9E794323B453885F5181F1B624D0B','04acc1cf-d838-4b84-95b5-62818876e3b9','hudianjin@gaoantunpower.com','','2015-11-30 10:53:28','2017-12-27 10:47:52',NULL,NULL),('6603b6d6-7315-44ad-beb8-e28a6c72d9d6','GUONQ551X','郭宁强_兴海电力','367,215a91437d40',0,'25F9E794323B453885F5181F1B624D0B','123ea09d-bb8c-41c6-90fa-9000303bc773','','','2016-11-19 14:01:25','2017-12-03 17:56:11',NULL,NULL),('6640d63e-b529-4a67-ac24-f8a4d5dbef54','CHEND0011','陈栋','367,215bff4063ea',0,'25F9E794323B453885F5181F1B624D0B','123ea09d-bb8c-41c6-90fa-9000303bc773','','','2016-11-19 13:58:05','2017-12-03 17:56:11',NULL,NULL),('666859bc-7d37-46c8-a859-c61dc077cbc2','WUJZH261X','武敬之_兴海电力','367,215c8a1dc2bb',0,'25F9E794323B453885F5181F1B624D0B','123ea09d-bb8c-41c6-90fa-9000303bc773','','','2016-11-19 14:01:26','2017-12-03 17:56:11',NULL,NULL),('67a3e387-a850-465e-b444-8c015aa94fa3','tianc0919','田超_京能检修','361,47173e6d5871',0,'25F9E794323B453885F5181F1B624D0B','123ea09d-bb8c-41c6-90fa-9000303bc773','','','2017-05-18 21:49:01','2017-12-03 17:56:11',NULL,NULL),('67c9fb15-eded-45d8-bdb5-39147f59c4ca','YANGXF0596','杨雪峰','364,215fda5cb641',0,'25F9E794323B453885F5181F1B624D0B','123ea09d-bb8c-41c6-90fa-9000303bc773','','','2016-11-19 13:58:07','2017-12-03 17:56:11',NULL,NULL),('67cc11f7-c540-4ce2-9ec7-0db7125114c6','HAOYP2603','郝艳萍_兴海电力','364,21605cefc714',0,'25F9E794323B453885F5181F1B624D0B','123ea09d-bb8c-41c6-90fa-9000303bc773','','','2016-11-19 14:01:25','2017-12-03 17:56:11',NULL,NULL),('67dd6e27-172e-4623-a1ab-090846819b52','WANGXH1590','王新华_兴海电力','366,2161624c4133',0,'25F9E794323B453885F5181F1B624D0B','123ea09d-bb8c-41c6-90fa-9000303bc773','','','2016-11-19 14:01:25','2017-12-03 17:56:11',NULL,NULL),('682427f8-47cc-4ab4-8ab5-a413fb00c5f5','zhaogp1717','赵国鹏_京能检修','366,2162cc46d11a',0,'25F9E794323B453885F5181F1B624D0B','123ea09d-bb8c-41c6-90fa-9000303bc773','','','2016-11-19 14:07:27','2017-12-03 17:56:11',NULL,NULL),('6845e550-beeb-4908-a9a9-d838a9030850','ZHANGM5512','张明_兴海电力','364,21633a09cc20',0,'25F9E794323B453885F5181F1B624D0B','123ea09d-bb8c-41c6-90fa-9000303bc773','','','2016-11-19 14:01:26','2017-12-03 17:56:11',NULL,NULL),('68f87b377cfb4437a38ac9f6b91607b9','DENGJP1252','邓建平','',0,'25F9E794323B453885F5181F1B624D0B','04acc1cf-d838-4b84-95b5-62818876e3b9','122@qq.com','111','2018-02-07 03:17:15','2018-02-07 03:17:15',NULL,NULL),('68fd4bb4-7769-4783-b453-b0e1fb7d4730','CHENXD0018','陈晓东','368,21648f2a100c',0,'25F9E794323B453885F5181F1B624D0B','123ea09d-bb8c-41c6-90fa-9000303bc773','','','2016-11-19 13:58:06','2017-12-03 17:56:11',NULL,NULL),('6967aa8d-a6cd-47b5-a1fa-8c11998b80d5','KANGYX0010','康永鑫','366,21654ce27013',0,'25F9E794323B453885F5181F1B624D0B','123ea09d-bb8c-41c6-90fa-9000303bc773','','','2016-11-19 13:58:05','2017-12-03 17:56:11',NULL,NULL),('69837963-6dc4-49f8-808f-1884bd5fa2e5','WANGZJ2590','王泽军_兴海电力','368,2166a22f839f',0,'25F9E794323B453885F5181F1B624D0B','123ea09d-bb8c-41c6-90fa-9000303bc773','','','2016-11-19 14:01:25','2017-12-03 17:56:11',NULL,NULL),('69958d32-ff76-4463-aa89-0e35077ec703','LUXF4920','卢晓芳_兴海电力','367,21681a15c0c3',0,'123456','123ea09d-bb8c-41c6-90fa-9000303bc773','','11111','2016-11-19 14:01:26','2017-12-03 17:56:11',NULL,NULL),('69c72190-affa-47d3-b6ed-9bbcb0aebd4a','WUSQ3981','吴斯琦','363,216980325e8c',0,'25F9E794323B453885F5181F1B624D0B','123ea09d-bb8c-41c6-90fa-9000303bc773','','','2016-11-19 13:58:05','2017-12-03 17:56:11',NULL,NULL),('6a1300b2-df3d-4c3f-8bb4-0bea9fbe82c3','ZHANGLJ3568','张利娟','362,216a67c52f85',0,'25F9E794323B453885F5181F1B624D0B','123ea09d-bb8c-41c6-90fa-9000303bc773','','','2016-11-19 13:58:06','2017-12-03 17:56:11',NULL,NULL),('6a419b86-0190-42c2-8797-0058df20a7df','YUJL5690','蔚俊林_兴海电力','365,216bacec0070',0,'25F9E794323B453885F5181F1B624D0B','123ea09d-bb8c-41c6-90fa-9000303bc773','','','2016-11-19 14:01:25','2017-12-03 17:56:11',NULL,NULL),('6a5b4fe7-d00e-4ddb-bb72-8b9e136fbe88','jingfw6076','荆富文_京能检修','366,216ca90cc998',0,'25F9E794323B453885F5181F1B624D0B','123ea09d-bb8c-41c6-90fa-9000303bc773','','','2016-11-19 14:03:01','2017-12-03 17:56:11',NULL,NULL),('6ab01acd-ac53-4f25-b328-f08ece06ba78','LINXC3513','蔺小春','365,216d531dd840',0,'25F9E794323B453885F5181F1B624D0B','123ea09d-bb8c-41c6-90fa-9000303bc773','','','2016-11-19 13:58:05','2017-12-03 17:56:11',NULL,NULL),('6adb4caf-0d14-429c-89ae-46a0389a1072','KANGRT1533','康瑞廷_兴海电力','364,216eedade976',0,'25F9E794323B453885F5181F1B624D0B','123ea09d-bb8c-41c6-90fa-9000303bc773','','','2016-11-19 14:01:27','2017-12-03 17:56:11',NULL,NULL),('6b27e8a6-0080-47ae-a270-bfd88513cb74','yangx2217','杨旭','364,216fdccbf31f',0,'25F9E794323B453885F5181F1B624D0B','123ea09d-bb8c-41c6-90fa-9000303bc773','','','2016-11-19 14:06:00','2017-12-03 17:56:11',NULL,NULL),('6b4ef1da-8dfb-415f-a684-390552b344c5','MIAOW6316','苗伟_兴海电力','365,2170c1b79254',0,'25F9E794323B453885F5181F1B624D0B','123ea09d-bb8c-41c6-90fa-9000303bc773','','','2016-11-19 14:01:25','2017-12-03 17:56:11',NULL,NULL),('6b977808-9d80-4b27-8587-fd12c3fb5227','LIUZG4554','刘忠贵','364,21717b98a93f',0,'25F9E794323B453885F5181F1B624D0B','123ea09d-bb8c-41c6-90fa-9000303bc773','','','2016-11-19 13:58:06','2017-12-03 17:56:11',NULL,NULL),('6bbba1eb-1e41-45eb-995d-7ae7fa68f0d1','zhanghr4357','张海瑞_京能检修','368,2172f2a8ccb3',0,'25F9E794323B453885F5181F1B624D0B','123ea09d-bb8c-41c6-90fa-9000303bc773','','','2016-11-19 14:07:27','2017-12-03 17:56:11',NULL,NULL),('6c51b514-60d1-4ca9-b0ff-164f6e412a55','zhangjf2574','张晋福_京能检修','365,2173cf4159b5',0,'25F9E794323B453885F5181F1B624D0B','123ea09d-bb8c-41c6-90fa-9000303bc773','','','2016-11-19 14:05:08','2017-12-03 17:56:12',NULL,NULL),('6d123ff3-41b3-4dbf-9670-f36441a823f2','BAIY0318','白云','365,21758480352f',0,'25F9E794323B453885F5181F1B624D0B','123ea09d-bb8c-41c6-90fa-9000303bc773','','','2016-11-19 13:58:06','2017-12-03 17:56:12',NULL,NULL),('6dfd0294-271e-4a62-bace-72f559a63caf','PANGHY1715','庞海宇','362,217637a62a2e',0,'25F9E794323B453885F5181F1B624D0B','123ea09d-bb8c-41c6-90fa-9000303bc773','','','2016-11-19 13:58:06','2017-12-03 17:56:12',NULL,NULL),('6e0605b8-b394-4b16-91c2-3e94e46b0b8d','NIUTY2734','牛铁扬',NULL,0,'25F9E794323B453885F5181F1B624D0B','04acc1cf-d838-4b84-95b5-62818876e3b9','','','2017-03-15 16:47:24','2017-12-27 10:47:52',NULL,NULL),('6e175e76-4366-4d1f-8d5a-5cdda7393558','CAOSJ2798','曹士杰','363,2178abad86bd',0,'25F9E794323B453885F5181F1B624D0B','123ea09d-bb8c-41c6-90fa-9000303bc773','','','2016-11-19 13:58:05','2017-12-03 17:56:12',NULL,NULL),('6e57e322-88bd-4403-b066-e2b6ab69d7a5','zhanggl1230','张国良','362,2179fc82dc69',0,'25F9E794323B453885F5181F1B624D0B','123ea09d-bb8c-41c6-90fa-9000303bc773','','','2017-06-07 09:58:58','2017-12-03 17:56:12',NULL,NULL),('6e62ebda-9ee4-474f-9651-1cd1341c3413','LIX3616','李欣','368,217a629934c2',0,'25F9E794323B453885F5181F1B624D0B','123ea09d-bb8c-41c6-90fa-9000303bc773','','','2016-11-19 13:58:05','2017-12-03 17:56:12',NULL,NULL),('6e6c20b4-98f3-4512-a830-3b3d98d782d6','LIGB0013','李国斌_兴海电力','364,217b9b0f11db',0,'25F9E794323B453885F5181F1B624D0B','123ea09d-bb8c-41c6-90fa-9000303bc773','','','2016-11-19 14:01:27','2017-12-03 17:56:12',NULL,NULL),('6e70b1d4-b285-472b-8b68-c1366a3808fd','CHENXM1231','陈晓萌',NULL,0,'5DF8BFD268F542BB281DA9BE41393EB3','04acc1cf-d838-4b84-95b5-62818876e3b9','chenxiaomeng@gaoantunpower.com','','2015-11-30 10:53:28','2017-12-27 10:47:52',NULL,NULL),('6e764c37-60f7-49c1-80e7-3ce400aa5e92','zhaoyf7616','赵溢丰_京能检修','365,217d9109d999',0,'25F9E794323B453885F5181F1B624D0B','123ea09d-bb8c-41c6-90fa-9000303bc773','','','2016-11-19 14:07:27','2017-12-03 17:56:12',NULL,NULL),('6e857b468185467893288a53953087f7','maojieming','毛杰明','352,5f89e57e5734',0,'E10ADC3949BA59ABBE56E057F20F883E','FA1AEC96A1AC4414A31C9CB53D6F39A5','maojieming','111','2017-12-12 02:59:43','2018-01-31 08:32:04',NULL,NULL),('6edbdc64-cce3-4c0d-87c5-0f50f9093ba5','ZHANGXD0013','张晓东','362,217fbeede452',0,'25F9E794323B453885F5181F1B624D0B','123ea09d-bb8c-41c6-90fa-9000303bc773','','','2016-11-19 13:58:07','2017-12-03 17:56:12',NULL,NULL),('6ef006b1-8b14-4bc5-bc83-ffdf81b4c07c','ZHANGM032X','张敏','362,218001b60015',0,'25F9E794323B453885F5181F1B624D0B','123ea09d-bb8c-41c6-90fa-9000303bc773','','','2016-11-19 13:58:07','2017-12-03 17:56:12',NULL,NULL),('6f0d3770-5a66-42bb-ada8-00c01d5194fd','ZHAOXK2511','赵喜奎_兴海电力','363,2181a127bfdc',0,'25F9E794323B453885F5181F1B624D0B','123ea09d-bb8c-41c6-90fa-9000303bc773','','','2016-11-19 14:01:27','2017-12-03 17:56:12',NULL,NULL),('6f1dc895-30ae-48e5-bd8f-03125b797a6a','XINW001X','辛伟','362,21827c6a99b0',0,'25F9E794323B453885F5181F1B624D0B','123ea09d-bb8c-41c6-90fa-9000303bc773','','','2016-11-19 13:58:05','2017-12-03 17:56:12',NULL,NULL),('6f33ea28-1717-4599-892c-3cc667b598a7','SUNB0034','孙波_兴海电力','368,2183005e894f',0,'25F9E794323B453885F5181F1B624D0B','123ea09d-bb8c-41c6-90fa-9000303bc773','','','2016-11-19 14:01:25','2017-12-03 17:56:12',NULL,NULL),('6f3caf08-f229-4a45-a4a6-87c8f35bd3f2','LIXJ0034','李西军','362,2184903fb078',0,'25F9E794323B453885F5181F1B624D0B','123ea09d-bb8c-41c6-90fa-9000303bc773','','','2016-11-19 13:58:06','2017-12-03 17:56:12',NULL,NULL),('6f955dfd-8fce-4f1b-97fd-07fd34700a87','ZHANGQF5790','张启飞_京能检修','363,2185fa7fd0b1',0,'25F9E794323B453885F5181F1B624D0B','123ea09d-bb8c-41c6-90fa-9000303bc773','','','2016-11-19 14:03:00','2017-12-03 17:56:12',NULL,NULL),('6f9abfdd-0ff9-4000-b07b-344cc82530d7','WUK4304','吴可','365,218606c67797',0,'25F9E794323B453885F5181F1B624D0B','123ea09d-bb8c-41c6-90fa-9000303bc773','','','2016-11-19 13:58:06','2017-12-03 17:56:12',NULL,NULL),('70589800-1d53-4f9e-a638-5f691005b563','MACY0330','马春雨_兴海电力','364,2187f7371b44',0,'25F9E794323B453885F5181F1B624D0B','123ea09d-bb8c-41c6-90fa-9000303bc773','','','2016-11-19 14:01:25','2017-12-03 17:56:12',NULL,NULL),('70631373-4b10-44f4-9a53-9b48609b6f0d','CHENYX0933','陈应贤','366,2188a6d4ffe4',0,'25F9E794323B453885F5181F1B624D0B','123ea09d-bb8c-41c6-90fa-9000303bc773','','','2016-11-19 13:58:05','2017-12-03 17:56:12',NULL,NULL),('706519a4-d32c-4f7a-a866-acfa01cf526a','zhangh0076','张恒_京能检修','364,2189f469e540',0,'25F9E794323B453885F5181F1B624D0B','123ea09d-bb8c-41c6-90fa-9000303bc773','','','2016-11-19 14:06:00','2017-12-03 17:56:12',NULL,NULL),('708c3773-58e2-40d0-b72a-ce44b46a79e3','XIAGM6012','夏国明','365,218a8287e05e',0,'25F9E794323B453885F5181F1B624D0B','123ea09d-bb8c-41c6-90fa-9000303bc773','','','2016-11-19 13:58:05','2017-12-03 17:56:12',NULL,NULL),('70dfeb26-8ca8-4235-be14-22f8c18fdad2','MENGFR4919','孟繁荣_兴海电力','363,218ba46baa0b',0,'25F9E794323B453885F5181F1B624D0B','123ea09d-bb8c-41c6-90fa-9000303bc773','','','2016-11-19 14:01:25','2017-12-03 17:56:12',NULL,NULL),('70e00d51-c94c-4cff-9686-8f531c4a146e','HAOJT0019','郝江涛_兴海电力','362,218c4b91a370',0,'25F9E794323B453885F5181F1B624D0B','123ea09d-bb8c-41c6-90fa-9000303bc773','','','2016-11-19 14:01:26','2017-12-03 17:56:12',NULL,NULL),('70e5c667-3cd4-4767-b6f8-b45399e6d617','WANGYD0014','王彦栋_京能检修','367,218d0ebb8fa5',0,'25F9E794323B453885F5181F1B624D0B','123ea09d-bb8c-41c6-90fa-9000303bc773','','','2017-10-26 14:56:13','2017-12-03 17:56:12',NULL,NULL),('70e69b05-1d4a-47f8-a0fe-32228de5e7d1','wangrh6019','王瑞华_京能检修','362,218e0593263d',0,'25F9E794323B453885F5181F1B624D0B','123ea09d-bb8c-41c6-90fa-9000303bc773','','','2016-11-19 14:07:27','2017-12-03 17:56:12',NULL,NULL),('70f9b9af-e170-4cb9-8daa-ad6b6a9c6605','HOUZZ1073','侯占忠','363,218f2346ba24',0,'25F9E794323B453885F5181F1B624D0B','123ea09d-bb8c-41c6-90fa-9000303bc773','','','2016-11-19 13:58:06','2017-12-03 17:56:12',NULL,NULL),('71481981-bcf8-4667-a0b6-9e184f2592da','WANGXD0019','王旭东','367,219105e03277',0,'25F9E794323B453885F5181F1B624D0B','123ea09d-bb8c-41c6-90fa-9000303bc773','','','2016-11-19 13:58:05','2017-12-03 17:56:12',NULL,NULL),('7157541d-2c56-43ba-8ee3-d1896894a293','LIUJH0913','刘建海','367,2192955196ca',0,'25F9E794323B453885F5181F1B624D0B','123ea09d-bb8c-41c6-90fa-9000303bc773','','','2016-11-19 13:58:05','2017-12-03 17:56:13',NULL,NULL),('7208ba35-0333-4261-800d-a798b54dc308','HAOJ096X','郝娟',NULL,0,'25F9E794323B453885F5181F1B624D0B','04acc1cf-d838-4b84-95b5-62818876e3b9','','','2015-11-30 10:53:31','2017-12-27 10:47:53',NULL,NULL),('72a2625b-8d88-499b-9ae9-b8218334b253','LIANPY5311','廉普元_兴海电力','368,2194bde653f3',0,'25F9E794323B453885F5181F1B624D0B','123ea09d-bb8c-41c6-90fa-9000303bc773','','','2017-06-02 13:54:44','2017-12-03 17:56:13',NULL,NULL),('72b28263-9d2b-410f-b816-2254a88a9011','ZHANGM0274','张蒙',NULL,0,'75B63CB4877FFB4A70CFB7F4D8F8DCFF','04acc1cf-d838-4b84-95b5-62818876e3b9','zhangmeng@gaoantunpower.com','','2015-11-30 10:53:30','2017-12-27 10:47:53',NULL,NULL),('72d6b797-d1a8-42a1-a4d8-2371159f2040','LIUJS0018','柳晋升','362,219662341662',0,'25F9E794323B453885F5181F1B624D0B','123ea09d-bb8c-41c6-90fa-9000303bc773','','','2016-11-19 13:58:05','2017-12-03 17:56:13',NULL,NULL),('73918f1b-9ee7-4482-bcfa-2ee55574fbbc','JIAAH6030','贾艾桦',NULL,0,'F379EAF3C831B04DE153469D1BEC345E','04acc1cf-d838-4b84-95b5-62818876e3b9','','','2015-11-30 10:53:30','2017-12-27 10:47:53',NULL,NULL),('73c744f8-1789-4204-b013-b3c5ae1bfb01','QIANFF3416','钱飞飞_京能检修','364,21983bede061',0,'25F9E794323B453885F5181F1B624D0B','123ea09d-bb8c-41c6-90fa-9000303bc773','','','2016-11-19 14:03:01','2017-12-03 17:56:13',NULL,NULL),('73fd72fb-674f-427c-a379-9f7741c428c8','DUZQ2617','杜泽全','365,21997d4eb611',0,'25F9E794323B453885F5181F1B624D0B','123ea09d-bb8c-41c6-90fa-9000303bc773','','','2016-11-19 13:58:05','2017-12-03 17:56:13',NULL,NULL),('740f67e3-c1d1-4051-956e-50f65afdb308','ZHANGZ1115','张正','365,219a588aa73e',0,'25F9E794323B453885F5181F1B624D0B','123ea09d-bb8c-41c6-90fa-9000303bc773','','','2016-11-19 13:58:06','2017-12-03 17:56:13',NULL,NULL),('74a7e067-35e0-4f12-a7d0-a4f6211ebd0e','SHENGY5211','盛羿_兴海电力','365,219deb0f8aa4',0,'25F9E794323B453885F5181F1B624D0B','123ea09d-bb8c-41c6-90fa-9000303bc773','','','2016-11-19 14:01:26','2017-12-03 17:56:13',NULL,NULL),('74b57b39-104e-47b9-a8a2-86aee62760b3','PANDB7016','潘东斌_京能检修','367,219ee7fcfdc1',0,'25F9E794323B453885F5181F1B624D0B','123ea09d-bb8c-41c6-90fa-9000303bc773','','','2016-11-19 14:03:01','2017-12-03 17:56:13',NULL,NULL),('751ab749-7bd0-47a7-8753-da3966c207b4','lvhl2599','吕海龙_湖北金山','364,219ffd8d5096',0,'25F9E794323B453885F5181F1B624D0B','123ea09d-bb8c-41c6-90fa-9000303bc773','','','2016-11-19 14:03:01','2017-12-03 17:56:13',NULL,NULL),('759250d2-a143-42f4-bbd0-cc1a440d628c','BAIW855X','白伟','363,21a0d130d032',0,'25F9E794323B453885F5181F1B624D0B','123ea09d-bb8c-41c6-90fa-9000303bc773','','','2016-11-19 13:58:06','2017-12-03 17:56:13',NULL,NULL),('7592d6ec-44e0-440d-819a-75559298aab6','LIYH1591','李耀辉_内蒙峰业','363,21a1a4a5530e',0,'25F9E794323B453885F5181F1B624D0B','123ea09d-bb8c-41c6-90fa-9000303bc773','','','2016-11-19 14:01:25','2017-12-03 17:56:13',NULL,NULL),('759d4ffe-b0c1-4bcb-a3e6-f03332ead691','CHENJL3310','陈俊利','368,21a226a40eca',0,'25F9E794323B453885F5181F1B624D0B','123ea09d-bb8c-41c6-90fa-9000303bc773','','','2016-11-19 13:58:05','2017-12-03 17:56:13',NULL,NULL),('75a690a3-1926-47c1-b150-0ab4ac774656','MASX1516','马顺祥_京能检修','365,21a3e8b2ebc8',0,'25F9E794323B453885F5181F1B624D0B','123ea09d-bb8c-41c6-90fa-9000303bc773','','','2016-11-19 14:03:01','2017-12-03 17:56:13',NULL,NULL),('75bcd0cb-c954-4b48-8281-3d364ede61c5','gaorx4932','高瑞祥_京能检修','365,21a4b1943117',0,'25F9E794323B453885F5181F1B624D0B','123ea09d-bb8c-41c6-90fa-9000303bc773','','','2016-11-19 14:03:01','2017-12-03 17:56:13',NULL,NULL),('76659361-00bf-4322-8920-6f6875a936a0','ZHANGG2415','张根','365,21a50e91a70d',0,'25F9E794323B453885F5181F1B624D0B','123ea09d-bb8c-41c6-90fa-9000303bc773','','','2016-11-19 13:58:06','2017-12-03 17:56:13',NULL,NULL),('770406b0-ff1d-490e-9c60-87f7b9e4e256','SONGFD0192','宋福东','363,21a6ad7fb8c5',0,'25F9E794323B453885F5181F1B624D0B','123ea09d-bb8c-41c6-90fa-9000303bc773','','','2016-11-19 13:58:07','2017-12-03 17:56:13',NULL,NULL),('77574ed565da4eb7910b023731ac5f8c','wizttest4','wizttest4','',0,'E10ADC3949BA59ABBE56E057F20F883E','7f042464e5684240bd00a223c49d93b1','122@qq.com','111','2018-01-31 07:49:27','2018-01-31 07:49:27',NULL,NULL),('78abe887-7412-4af2-bd6d-d89b2111f53f','CONGLJ174X','丛龙静','366,21a98de47c86',0,'25F9E794323B453885F5181F1B624D0B','123ea09d-bb8c-41c6-90fa-9000303bc773','','','2016-11-19 13:58:07','2017-12-03 17:56:13',NULL,NULL),('78b43a75-4ed6-4e27-9a1a-3b5264645e31','ZHANGXL3691','张小龙_兴海电力','366,21aaceab2024',0,'25F9E794323B453885F5181F1B624D0B','123ea09d-bb8c-41c6-90fa-9000303bc773','','','2016-11-19 14:01:25','2017-12-03 17:56:13',NULL,NULL),('78f74d6f-2143-4ae0-ba4d-258cb25d2b1e','LIHN2515','李洪楠','',0,'25F9E794323B453885F5181F1B624D0B','04acc1cf-d838-4b84-95b5-62818876e3b9','','','2018-07-19 10:32:49','2018-07-19 10:32:49',NULL,NULL),('795b6408-aa54-4efd-a398-9c8cb028a52c','LUOWQ0597','罗文强_兴海电力','366,21abc30f06b1',0,'25F9E794323B453885F5181F1B624D0B','123ea09d-bb8c-41c6-90fa-9000303bc773','','','2016-11-19 14:01:27','2017-12-03 17:56:13',NULL,NULL),('79bb0f61-a618-44d0-8add-ac61ad312932','JIANGYB0332','蒋雁斌','365,21ac10924bda',0,'25F9E794323B453885F5181F1B624D0B','123ea09d-bb8c-41c6-90fa-9000303bc773','','','2016-11-19 13:58:05','2017-12-03 17:56:13',NULL,NULL),('79ca94d4-a67e-4a2d-a87e-84685d312829','LUXQ0900','卢晓庆_兴海电力','368,21adc52ecc56',0,'25F9E794323B453885F5181F1B624D0B','123ea09d-bb8c-41c6-90fa-9000303bc773','','','2016-11-19 14:01:27','2017-12-03 17:56:13',NULL,NULL),('79e208b4-da5f-46a2-9bb8-5a923843ad44','LIUL1518','刘磊_兴海电力','367,21ae4269431e',0,'25F9E794323B453885F5181F1B624D0B','123ea09d-bb8c-41c6-90fa-9000303bc773','','','2016-11-19 14:01:25','2017-12-03 17:56:13',NULL,NULL),('7a0bf15c-e493-4f85-92f6-783e253a1086','ZHENGYJ6816','郑亚杰',NULL,0,'25F9E794323B453885F5181F1B624D0B','04acc1cf-d838-4b84-95b5-62818876e3b9','zhengyajie@gaoantunpower.com','','2017-08-12 14:22:42','2017-12-27 10:47:53',NULL,NULL),('7a1155aa-c8f5-4baa-aeb8-ce06e4c10e35','liy4812','李炎_京能检修','364,21af47191ed5',0,'25F9E794323B453885F5181F1B624D0B','123ea09d-bb8c-41c6-90fa-9000303bc773','','','2016-11-19 14:07:27','2017-12-03 17:56:13',NULL,NULL),('7a5f09f0-79ae-4df2-9a4b-e52cc81a5ecb','LIJN0212','李江南','366,21b15612932c',0,'25F9E794323B453885F5181F1B624D0B','123ea09d-bb8c-41c6-90fa-9000303bc773','','','2016-11-19 13:58:05','2017-12-03 17:56:13',NULL,NULL),('7a648600-221b-427d-9b34-e89aa2380b0f','LIUCL241X','刘长龙',NULL,0,'25F9E794323B453885F5181F1B624D0B','04acc1cf-d838-4b84-95b5-62818876e3b9','liuchanglong@gaoantunpower.com','','2015-11-30 10:53:30','2017-12-27 10:47:53',NULL,NULL),('7b1cac20-2ec2-43f3-9534-6aa5714c89d8','YOUXF6126','尤晓菲',NULL,0,'25F9E794323B453885F5181F1B624D0B','04acc1cf-d838-4b84-95b5-62818876e3b9','','','2017-07-11 15:13:06','2017-12-27 10:47:53',NULL,NULL),('7b577d62-1160-4309-9793-77e2d6fb9084','songr0022','宋荣','364,21b6c301a624',0,'25F9E794323B453885F5181F1B624D0B','123ea09d-bb8c-41c6-90fa-9000303bc773','','','2017-06-07 09:58:57','2017-12-03 17:56:13',NULL,NULL),('7b5fa76f-1934-4dcf-99b6-ebabf7edad51','YUHY0918','于浩洋','',0,'25F9E794323B453885F5181F1B624D0B','04acc1cf-d838-4b84-95b5-62818876e3b9','','','2018-07-19 10:32:49','2018-07-19 10:32:49',NULL,NULL),('7bda2bb9-f886-4500-b62d-f6f78eb13677','LINW3212','林伟','363,21b88edde357',0,'25F9E794323B453885F5181F1B624D0B','123ea09d-bb8c-41c6-90fa-9000303bc773','','','2016-11-19 13:58:05','2017-12-03 17:56:13',NULL,NULL),('7c19d2da-f16f-4415-a0aa-9553297582fd','LIWG4098','李文广','362,21b9afc0626d',0,'25F9E794323B453885F5181F1B624D0B','123ea09d-bb8c-41c6-90fa-9000303bc773','','','2016-11-19 13:58:06','2017-12-03 17:56:13',NULL,NULL),('7c23c565-5ba8-48fd-b964-b5400377a720','ZHAOZH7216','赵治慧_内蒙峰业','365,21ba835d9470',0,'25F9E794323B453885F5181F1B624D0B','123ea09d-bb8c-41c6-90fa-9000303bc773','','','2016-11-19 14:01:25','2017-12-03 17:56:13',NULL,NULL),('7c392c8d-30a0-4c8c-99c0-40aa1cbe62b1','LIY0989','李颖',NULL,0,'25F9E794323B453885F5181F1B624D0B','04acc1cf-d838-4b84-95b5-62818876e3b9','liying@gaoantunpower.com','','2015-11-30 10:53:28','2017-12-27 10:47:53',NULL,NULL),('7c4a4474-f95c-4631-bd9b-ab1bd1efe0ba','TUYK0038','涂以康','364,21bc8556db5a',0,'25F9E794323B453885F5181F1B624D0B','123ea09d-bb8c-41c6-90fa-9000303bc773','','','2016-11-19 13:58:05','2017-12-03 17:56:13',NULL,NULL),('7c4d71f8-a0c4-47ba-a00a-823a4c7754fb','FENGXR3518','冯学瑞','364,21bd685675c0',0,'25F9E794323B453885F5181F1B624D0B','123ea09d-bb8c-41c6-90fa-9000303bc773','','','2016-11-19 13:58:05','2017-12-03 17:56:13',NULL,NULL),('7d42761d-c940-43fb-b504-5c33b51a36ea','WANGZ1992','王梓','',0,'25F9E794323B453885F5181F1B624D0B','04acc1cf-d838-4b84-95b5-62818876e3b9','','','2018-07-19 10:32:49','2018-07-19 10:32:49',NULL,NULL),('7d525428-99a5-415b-8f35-2261f39e84c7','WANGM333X','王猛',NULL,0,'6EB7206EC5F91AC818482284C6CDFDDF','04acc1cf-d838-4b84-95b5-62818876e3b9','wangmeng@gaoantunpower.com','','2015-11-30 10:53:30','2017-12-27 10:47:53',NULL,NULL),('7e1d68f6-b2a7-44da-9d90-2eb7d5519f23','ZHANGFH6317','张富宏','368,21c0ad1eabe8',0,'25F9E794323B453885F5181F1B624D0B','123ea09d-bb8c-41c6-90fa-9000303bc773','','','2016-11-19 13:58:07','2017-12-03 17:56:13',NULL,NULL),('7e302528-4841-4656-9d98-c73a23070274','ZHAOLH1219','赵连慧_京能检修','365,21c1cdf1bcb3',0,'25F9E794323B453885F5181F1B624D0B','123ea09d-bb8c-41c6-90fa-9000303bc773','','','2016-11-19 14:03:01','2017-12-03 17:56:13',NULL,NULL),('7ee7fac1-fc80-43a1-8403-a9605c75c45d','LIUJ5712','刘俊','362,21c2f3b4b718',0,'25F9E794323B453885F5181F1B624D0B','123ea09d-bb8c-41c6-90fa-9000303bc773','','','2016-11-19 13:58:06','2017-12-03 17:56:13',NULL,NULL),('7f81c220-ae79-42c2-b4c6-b51fec480952','liuyf2517','刘亚飞_京能检修','366,21c3b17313f9',0,'25F9E794323B453885F5181F1B624D0B','123ea09d-bb8c-41c6-90fa-9000303bc773','','','2016-11-19 14:06:00','2017-12-03 17:56:14',NULL,NULL),('7fb5c660-6670-4a96-ace3-03737f015ec6','WANGM5134','王明_兴海电力','362,21c42f8d1e66',0,'25F9E794323B453885F5181F1B624D0B','123ea09d-bb8c-41c6-90fa-9000303bc773','','','2016-11-19 14:01:26','2017-12-03 17:56:14',NULL,NULL),('7fc36714-6b73-46a2-ac3c-ae93681f4943','ZHANGXN0343','张小宁',NULL,0,'458C294FE32F8B7CEDEC230BC6333A6C','04acc1cf-d838-4b84-95b5-62818876e3b9','zhangxiaoning@gaoantunpower.com','','2015-11-30 10:53:28','2017-12-27 10:47:53',NULL,NULL),('805d651c-4b02-4542-8640-e09b1c83eaf9','JIAYX4300','贾永秀_兴海电力','362,21c6eb57fc4b',0,'25F9E794323B453885F5181F1B624D0B','123ea09d-bb8c-41c6-90fa-9000303bc773','','','2016-11-19 14:01:25','2017-12-03 17:56:14',NULL,NULL),('80688f6a-3b32-49ed-9699-e7596ae50441','ZHANGHC5936','张海川','365,21c776680eca',0,'25F9E794323B453885F5181F1B624D0B','123ea09d-bb8c-41c6-90fa-9000303bc773','','','2016-11-19 13:58:06','2017-12-03 17:56:14',NULL,NULL),('806f2f36-c336-40c2-8cbe-0c3620ee9ad6','WANGY0625','王煜','367,21c8fe1105ee',0,'25F9E794323B453885F5181F1B624D0B','123ea09d-bb8c-41c6-90fa-9000303bc773','','','2016-11-19 13:58:06','2017-12-03 17:56:14',NULL,NULL),('813bb988-f540-4960-8db0-a1d9a9b47ec6','BAIYQ1219','白燕青_兴海电力','367,21c9cdea65fa',0,'25F9E794323B453885F5181F1B624D0B','123ea09d-bb8c-41c6-90fa-9000303bc773','','','2016-11-19 14:01:26','2017-12-03 17:56:14',NULL,NULL),('818ec315-d333-4c4a-9f89-e57187a331a5','GUOZP033X','郭志鹏_内蒙峰业','363,21cae512a120',0,'25F9E794323B453885F5181F1B624D0B','123ea09d-bb8c-41c6-90fa-9000303bc773','','','2016-11-19 14:01:25','2017-12-03 17:56:14',NULL,NULL),('81d462e4-0116-42a4-96d6-e61424db9dea','ZHAOGH1173','赵冠华_兴海电力','367,21cb9ddc1a87',0,'25F9E794323B453885F5181F1B624D0B','123ea09d-bb8c-41c6-90fa-9000303bc773','','','2016-11-19 14:01:27','2017-12-03 17:56:14',NULL,NULL),('81e2f409-fdf4-413a-987e-39bd91eb3c6c','liyl1017','李耀龙_京能检修','366,21cce9743682',0,'25F9E794323B453885F5181F1B624D0B','123ea09d-bb8c-41c6-90fa-9000303bc773','','','2017-05-18 21:49:01','2017-12-03 17:56:14',NULL,NULL),('81eca310-ca10-46a0-a477-7dc64c76e8b6','ZHAOYG1118','赵玉刚','362,21cdaaf27291',0,'25F9E794323B453885F5181F1B624D0B','123ea09d-bb8c-41c6-90fa-9000303bc773','','','2016-11-19 13:58:06','2017-12-03 17:56:14',NULL,NULL),('8222d400-5d0b-4132-b0ba-78f03e344c11','WANGL3019','王磊_京能检修','368,21ce5b148f8f',0,'25F9E794323B453885F5181F1B624D0B','123ea09d-bb8c-41c6-90fa-9000303bc773','','','2016-11-19 14:03:01','2017-12-03 17:56:14',NULL,NULL),('8223f686-e49a-4080-b26d-04a848a63622','DUSX0011','杜世晓_内蒙峰业','367,21cf4817ed5a',0,'25F9E794323B453885F5181F1B624D0B','123ea09d-bb8c-41c6-90fa-9000303bc773','','','2016-11-19 14:01:25','2017-12-03 17:56:14',NULL,NULL),('82b77ff6-3617-4029-815a-14c1c94e185f','LANJW7516','兰俊伟','363,21d008fa894e',0,'25F9E794323B453885F5181F1B624D0B','123ea09d-bb8c-41c6-90fa-9000303bc773','','','2016-11-19 13:58:05','2017-12-03 17:56:14',NULL,NULL),('82c0b527-ea89-40d1-a8bd-56e3474b4162','SHAOXE3331','邵兴恩','362,21d1d31a0084',0,'25F9E794323B453885F5181F1B624D0B','123ea09d-bb8c-41c6-90fa-9000303bc773','','','2016-11-19 13:58:05','2017-12-03 17:56:14',NULL,NULL),('82c0ecad-43c4-46d6-a7a2-f0f3a5ba4c27','WANGY2885','王英','362,21d2d8610e30',0,'25F9E794323B453885F5181F1B624D0B','123ea09d-bb8c-41c6-90fa-9000303bc773','','','2016-11-19 13:58:05','2017-12-03 17:56:14',NULL,NULL),('82c4c581-4a3b-4d01-965c-8f7d96a9d9e1','BAIYG0034','白永刚','368,21d37b644951',0,'25F9E794323B453885F5181F1B624D0B','123ea09d-bb8c-41c6-90fa-9000303bc773','','','2016-11-19 13:58:06','2017-12-03 17:56:14',NULL,NULL),('82d46ca3-e1c7-4586-9dcf-1e8ef1015234','ZHANGJ0016','张俊_兴海电力','367,21d4cfbff45f',0,'25F9E794323B453885F5181F1B624D0B','123ea09d-bb8c-41c6-90fa-9000303bc773','','','2016-11-19 14:01:26','2017-12-03 17:56:14',NULL,NULL),('82f91c43-f1ab-488a-9216-54dc252be6c1','caorj1592','曹瑞俊_京能检修','362,21d59c0f3eff',0,'25F9E794323B453885F5181F1B624D0B','123ea09d-bb8c-41c6-90fa-9000303bc773','','','2016-11-19 14:07:27','2017-12-03 17:56:14',NULL,NULL),('82fd49cb-b03b-439a-ac64-c97d66536f5c','YUJY4311','余建毅','368,21d79862be2b',0,'25F9E794323B453885F5181F1B624D0B','123ea09d-bb8c-41c6-90fa-9000303bc773','','','2017-06-07 09:58:58','2017-12-03 17:56:14',NULL,NULL),('83254b49-9822-423c-8af4-bc614e321d6b','liuyr4642','刘燕茹_兴海电力','368,21d8bf3ae63a',0,'25F9E794323B453885F5181F1B624D0B','123ea09d-bb8c-41c6-90fa-9000303bc773','','','2016-11-19 14:01:27','2017-12-03 17:56:14',NULL,NULL),('832c452f-f545-4b03-a517-c520ef7673a8','ZHANGPF3312','张鹏飞','365,21d9ad8835a5',0,'25F9E794323B453885F5181F1B624D0B','123ea09d-bb8c-41c6-90fa-9000303bc773','','','2016-11-19 13:58:07','2017-12-03 17:56:14',NULL,NULL),('83ceb129-ae0a-4b68-8a5a-f2d37826014c','ZHANGJG0913','张建国_兴海电力','363,21da521a9b9c',0,'25F9E794323B453885F5181F1B624D0B','123ea09d-bb8c-41c6-90fa-9000303bc773','','','2017-06-02 13:54:44','2017-12-03 17:56:14',NULL,NULL),('83cfb8158d5e4dbfb9b5999a55176d66','dengzijie','邓子杰','',0,'25F9E794323B453885F5181F1B624D0B','FA1AEC96A1AC4414A31C9CB53D6F39A5','1213@qq.com','1212','2018-04-24 02:40:03','2018-04-24 02:40:03',NULL,NULL),('83d164a9-8711-4241-b433-e58deb6bb72d','李焕铭','李焕铭',NULL,0,'25F9E794323B453885F5181F1B624D0B','04acc1cf-d838-4b84-95b5-62818876e3b9','','','2015-11-30 10:53:32','2017-12-27 10:47:53',NULL,NULL),('83d2b464-953b-4e89-9ebe-af4f4d82fa42','LIK6710','李凯','362,21dc9ba4b8da',0,'25F9E794323B453885F5181F1B624D0B','123ea09d-bb8c-41c6-90fa-9000303bc773','','','2016-11-19 13:58:05','2017-12-03 17:56:14',NULL,NULL),('83ed63bb-dfa7-4676-b0a5-17eb0c7697ea','MISG1916','弥社刚','364,21dd21f34503',0,'25F9E794323B453885F5181F1B624D0B','123ea09d-bb8c-41c6-90fa-9000303bc773','','','2016-11-19 13:58:05','2017-12-03 17:56:14',NULL,NULL),('83f1a6b6-3596-4d91-b42f-57b71d9a0443','YAOCB0697','姚传宝',NULL,0,'25F9E794323B453885F5181F1B624D0B','04acc1cf-d838-4b84-95b5-62818876e3b9','yaochuanbao@gaoantunpower.com','','2015-11-30 10:53:27','2017-12-27 10:47:53',NULL,NULL),('845281a8-698f-40a5-9840-10267f150baa','FANRZH3320','范润珍_兴海电力','364,21df66f33b00',0,'25F9E794323B453885F5181F1B624D0B','123ea09d-bb8c-41c6-90fa-9000303bc773','','','2016-11-19 14:01:26','2017-12-03 17:56:14',NULL,NULL),('8484c294-3c8c-4f6c-b0a1-927e55a7313b','BAIDL0917','白德龙','368,21e072468ebb',0,'25F9E794323B453885F5181F1B624D0B','123ea09d-bb8c-41c6-90fa-9000303bc773','','','2016-11-19 13:58:05','2017-12-03 17:56:14',NULL,NULL),('8490436b-4b53-47b9-bea3-680ea4aee91a','WANGHJ4211','王鹤家','363,21e19a5d0e51',0,'25F9E794323B453885F5181F1B624D0B','123ea09d-bb8c-41c6-90fa-9000303bc773','','','2016-11-19 13:58:07','2017-12-03 17:56:14',NULL,NULL),('84ba8099-a899-4468-af53-3e1c052fed33','WANGSZ1110','王世钊',NULL,0,'25F9E794323B453885F5181F1B624D0B','04acc1cf-d838-4b84-95b5-62818876e3b9','wangshizhao@gaoantunpower.com','','2015-11-30 10:53:30','2017-12-27 10:47:53',NULL,NULL),('84da1efc-e552-4bcb-a9e9-5993d3d2a97f','WANGJX1596','王君相_兴海电力','366,21e380d48aa3',0,'25F9E794323B453885F5181F1B624D0B','123ea09d-bb8c-41c6-90fa-9000303bc773','','','2016-11-19 14:01:27','2017-12-03 17:56:14',NULL,NULL),('852f468b-a2f4-4f29-850d-a511800f85d5','WANGXT3629','王歆童',NULL,0,'25F9E794323B453885F5181F1B624D0B','04acc1cf-d838-4b84-95b5-62818876e3b9','','','2015-11-30 10:53:31','2017-12-27 10:47:53',NULL,NULL),('85589875-eb3c-410c-ae70-c8d14911cb3a','HONGYM0426','洪一铭',NULL,0,'73D3E251FB30DDDFB65EFF9A370B92D1','04acc1cf-d838-4b84-95b5-62818876e3b9','hongyiming@gaoantunpower.com','','2015-11-30 10:53:27','2017-12-27 10:47:53',NULL,NULL),('85731aa0-934e-4e2f-a8d7-e63bf524225c','ZHANGJ212X','张瑾',NULL,0,'25F9E794323B453885F5181F1B624D0B','04acc1cf-d838-4b84-95b5-62818876e3b9','zhangjin@gaoantunpower.com','','2015-11-30 10:53:27','2017-12-27 10:47:53',NULL,NULL),('86fbe865-6f76-4f77-85e4-4503ba9e50b8','wangshj1112','王世辑','365,21e911ff7e86',0,'25F9E794323B453885F5181F1B624D0B','123ea09d-bb8c-41c6-90fa-9000303bc773','','','2017-06-07 09:58:58','2017-12-03 17:56:14',NULL,NULL),('875066bd-2536-4796-9a0a-73d7336665ee','WANGNJ0913','王乃军','366,21eaa802515b',0,'25F9E794323B453885F5181F1B624D0B','123ea09d-bb8c-41c6-90fa-9000303bc773','','','2016-11-19 13:58:05','2017-12-03 17:56:14',NULL,NULL),('877a52a5-508a-46a2-8e61-717812dd9611','WANGQ1321','王清','364,21eb40afbe47',0,'25F9E794323B453885F5181F1B624D0B','123ea09d-bb8c-41c6-90fa-9000303bc773','','','2016-11-19 13:58:05','2017-12-03 17:56:15',NULL,NULL),('8781c8c9-1ce6-4ac6-9799-f95908fc209b','HEXL0055','何喜立','363,21ec5f0eeba4',0,'25F9E794323B453885F5181F1B624D0B','123ea09d-bb8c-41c6-90fa-9000303bc773','','','2016-11-19 13:58:06','2017-12-03 17:56:15',NULL,NULL),('880d9272-b789-4da9-9d92-892ebfa71c4e','HOUB575x','侯斌_兴海电力','365,21efa7864671',0,'25F9E794323B453885F5181F1B624D0B','123ea09d-bb8c-41c6-90fa-9000303bc773','','','2016-11-19 14:01:26','2017-12-03 17:56:15',NULL,NULL),('8859c76d-48b7-4246-8e2f-3778d4317efa','renjh1739','任建华_京能检修','366,21f2c88bf5f6',0,'25F9E794323B453885F5181F1B624D0B','123ea09d-bb8c-41c6-90fa-9000303bc773','','','2016-11-19 14:03:01','2017-12-03 17:56:15',NULL,NULL),('886a8807-bc07-4b5b-a698-135bc39fb88f','JIANGMY3824','姜明扬_兴海电力','367,21f306ab9fc3',0,'25F9E794323B453885F5181F1B624D0B','123ea09d-bb8c-41c6-90fa-9000303bc773','','','2016-11-19 14:01:26','2017-12-03 17:56:15',NULL,NULL),('886f0fe4-2fcc-41af-a7a7-c6026196b82b','zhaocg1510','zhaocg1510_京能检修','365,21f4e2c0f2eb',0,'25F9E794323B453885F5181F1B624D0B','123ea09d-bb8c-41c6-90fa-9000303bc773','','','2016-11-19 14:04:05','2017-12-03 17:56:15',NULL,NULL),('88739257-8b24-480c-9608-71bef397abeb','ZHAOW7037','赵伟_兴海电力','363,21f51f0ef942',0,'25F9E794323B453885F5181F1B624D0B','123ea09d-bb8c-41c6-90fa-9000303bc773','','','2016-11-19 14:01:27','2017-12-03 17:56:15',NULL,NULL),('88aff095-7817-419f-a296-0d24f9fa25b6','SUNGT1237','孙广涛',NULL,0,'25F9E794323B453885F5181F1B624D0B','04acc1cf-d838-4b84-95b5-62818876e3b9','sunguangtao@gaoantunpower.com','','2015-11-30 10:53:30','2017-12-27 10:47:54',NULL,NULL),('88d10606-9ce6-4b76-a6b0-f7a882dcaca6','xinl0172','辛亮_京能后勤','367,21f74f07a0db',0,'25F9E794323B453885F5181F1B624D0B','123ea09d-bb8c-41c6-90fa-9000303bc773','','','2017-09-11 11:56:15','2017-12-03 17:56:15',NULL,NULL),('88e3db8b-8a72-4ba6-8038-c3de99bfe4b4','wangb1316','王斌_京能检修','368,21f8a066f987',0,'25F9E794323B453885F5181F1B624D0B','123ea09d-bb8c-41c6-90fa-9000303bc773','','','2017-10-26 14:56:13','2017-12-03 17:56:15',NULL,NULL),('891cf6d5-314e-4382-a493-8d0cf0419652','CHENJL4215','陈佳乐_内蒙峰业','363,21f9ef6cc130',0,'25F9E794323B453885F5181F1B624D0B','123ea09d-bb8c-41c6-90fa-9000303bc773','','','2016-11-19 14:01:25','2017-12-03 17:56:15',NULL,NULL),('8953ac37-8477-40f9-b8bf-67642d6f8c9a','LIANGWK4712','梁万库','363,21faff96bc42',0,'25F9E794323B453885F5181F1B624D0B','123ea09d-bb8c-41c6-90fa-9000303bc773','','','2016-11-19 13:58:06','2017-12-03 17:56:15',NULL,NULL),('89aae889-27ce-4100-b019-fe51ee20beae','SUZHH5690','苏中和_兴海电力','366,21fbe5702615',0,'25F9E794323B453885F5181F1B624D0B','123ea09d-bb8c-41c6-90fa-9000303bc773','','','2016-11-19 14:01:27','2017-12-03 17:56:15',NULL,NULL),('89f5a8ae-c265-4e71-ab99-b1e730f4b66e','ZHAOF1534','赵枫',NULL,0,'3A4616AF74B6BE84FE953FDBA1907078','04acc1cf-d838-4b84-95b5-62818876e3b9','zhaofeng@gaoantunpower.com','','2015-11-30 10:53:28','2017-12-27 10:47:54',NULL,NULL),('8a815855-c6ba-4137-8a40-42f80af9224f','chaicg6913','柴成刚_京能检修','363,21fdb8a63969',0,'25F9E794323B453885F5181F1B624D0B','123ea09d-bb8c-41c6-90fa-9000303bc773','','','2017-04-27 15:47:28','2017-12-03 17:56:15',NULL,NULL),('8a9c8d0f-9ba9-419c-b64d-11a878ae5832','GUOPY0017','郭鹏应',NULL,0,'25F9E794323B453885F5181F1B624D0B','04acc1cf-d838-4b84-95b5-62818876e3b9','','','2015-11-30 10:53:31','2017-12-27 10:47:54',NULL,NULL),('8abe294c-40ad-4c21-a2c0-1332c1788ca7','WUXL0514','武晓磊','362,21ffc400c259',0,'25F9E794323B453885F5181F1B624D0B','123ea09d-bb8c-41c6-90fa-9000303bc773','','','2016-11-19 13:58:07','2017-12-03 17:56:15',NULL,NULL),('8b5e4f8f-c118-481f-8824-4d1b9064370b','GUOPF3015','郭鹏飞_兴海电力','362,2200d2e6fa14',0,'25F9E794323B453885F5181F1B624D0B','123ea09d-bb8c-41c6-90fa-9000303bc773','','','2016-11-19 14:01:26','2017-12-03 17:56:15',NULL,NULL),('8b8c6d90-1e2b-48d3-b2fa-4e52165a67ea','HEYJ1449','何雅娟',NULL,0,'25F9E794323B453885F5181F1B624D0B','04acc1cf-d838-4b84-95b5-62818876e3b9','','','2015-11-30 10:53:31','2017-12-27 10:47:54',NULL,NULL),('8c144b77-06f5-4edd-b83f-40a80df6d610','GAOLY2528','高立业','368,22020985ea1c',0,'25F9E794323B453885F5181F1B624D0B','123ea09d-bb8c-41c6-90fa-9000303bc773','','','2017-06-07 09:58:58','2017-12-03 17:56:15',NULL,NULL),('8c3b855f-fd14-4f29-90ce-f9fdcc86972f','WANGXM0030','王晓敏_兴海电力','362,220397c20c58',0,'25F9E794323B453885F5181F1B624D0B','123ea09d-bb8c-41c6-90fa-9000303bc773','','','2016-11-19 14:01:26','2017-12-03 17:56:15',NULL,NULL),('8c54f945-c3db-4e09-8ff7-2e9760e37733','WANGYW243X','王业伟','367,220450c7119d',0,'25F9E794323B453885F5181F1B624D0B','123ea09d-bb8c-41c6-90fa-9000303bc773','','','2016-11-19 13:58:06','2017-12-03 17:56:15',NULL,NULL),('8c8667a730044b72b86dfe6c6fb5645b','yaozhichao','姚智超','355,5f6c8093906d',0,'E10ADC3949BA59ABBE56E057F20F883E','FA1AEC96A1AC4414A31C9CB53D6F39A5','qq.com','111','2017-12-19 09:25:39','2017-12-19 09:25:39',NULL,NULL),('8d4b1a8a-032c-4701-a873-edd0b09b626e','WANGG4318','王刚_内蒙峰业','363,2206690d6ae0',0,'25F9E794323B453885F5181F1B624D0B','123ea09d-bb8c-41c6-90fa-9000303bc773','','','2016-11-19 14:01:25','2017-12-03 17:56:15',NULL,NULL),('8d4b3ea7-bd04-4eeb-8838-c9529b28d4d2','WANGH1259','王华','368,22078d64a9f3',0,'25F9E794323B453885F5181F1B624D0B','123ea09d-bb8c-41c6-90fa-9000303bc773','','','2016-11-19 13:58:05','2017-12-03 17:56:15',NULL,NULL),('8d873766-1d76-4a4a-9e5a-8a0935ce65ed','DINGY6517','丁雨_京能检修','368,22081e88db8d',0,'25F9E794323B453885F5181F1B624D0B','123ea09d-bb8c-41c6-90fa-9000303bc773','','','2016-11-19 14:03:01','2017-12-03 17:56:15',NULL,NULL),('8dcee06d-0425-45f9-b64e-d952686cce62','CAOW0010','曹玮_兴海电力','362,220984b076b0',0,'25F9E794323B453885F5181F1B624D0B','123ea09d-bb8c-41c6-90fa-9000303bc773','','','2016-11-19 14:01:27','2017-12-03 17:56:15',NULL,NULL),('8e5fe633-06df-4112-b28c-c10fbbb0a25f','SUNDC1756','孙德才_兴海电力','362,220a5b9aec8d',0,'25F9E794323B453885F5181F1B624D0B','123ea09d-bb8c-41c6-90fa-9000303bc773','','','2016-11-19 14:01:25','2017-12-03 17:56:15',NULL,NULL),('8eaadf17-4d91-4d42-abf1-7223393a11b0','luhj1593','卢海军_湖北金山','365,220b2088c2b8',0,'25F9E794323B453885F5181F1B624D0B','123ea09d-bb8c-41c6-90fa-9000303bc773','','','2016-11-19 14:03:01','2017-12-03 17:56:15',NULL,NULL),('8f2b1a23-2677-48aa-aae0-12f5215816e4','LIGQ0054','李高权_兴海电力','365,220dfb2b9680',0,'25F9E794323B453885F5181F1B624D0B','123ea09d-bb8c-41c6-90fa-9000303bc773','','','2016-11-19 14:01:27','2017-12-03 17:56:15',NULL,NULL),('8fa742b8-d3b3-4ce5-952f-e21dd07ba2b6','ZENGDW0514','曾大伟_内蒙峰业','364,220e49ead7fd',0,'25F9E794323B453885F5181F1B624D0B','123ea09d-bb8c-41c6-90fa-9000303bc773','','','2016-11-19 14:01:25','2017-12-03 17:56:15',NULL,NULL),('8fea6306-8a07-406e-9637-6dd3af3d8f8e','WANGZJ0816','王子军',NULL,0,'25F9E794323B453885F5181F1B624D0B','04acc1cf-d838-4b84-95b5-62818876e3b9','wangzijun@gaoantunpower.com','','2015-11-30 10:53:30','2017-12-27 10:47:54',NULL,NULL),('9028434d-57d2-4a4b-b823-409d22c7e97a','YUANJK2530','袁金扣_兴海电力','365,22100c9d90ef',0,'25F9E794323B453885F5181F1B624D0B','123ea09d-bb8c-41c6-90fa-9000303bc773','','','2016-11-19 14:01:27','2017-12-03 17:56:15',NULL,NULL),('90481102-90b8-4fb2-9737-3b95d0366f09','XUJ0312','徐军',NULL,0,'25F9E794323B453885F5181F1B624D0B','04acc1cf-d838-4b84-95b5-62818876e3b9','xujun@gaoantunpower.com','','2015-11-30 10:53:30','2017-12-27 10:47:54',NULL,NULL),('9091237f-f363-4508-9cca-429a1a817c04','高海如','高海如',NULL,0,'25F9E794323B453885F5181F1B624D0B','04acc1cf-d838-4b84-95b5-62818876e3b9','','','2015-11-30 10:53:33','2017-12-27 10:47:54',NULL,NULL),('90d66dbd-dec4-4a3b-905f-a2563bf684c5','ZOUMY1210','邹明杨',NULL,0,'25F9E794323B453885F5181F1B624D0B','04acc1cf-d838-4b84-95b5-62818876e3b9','','','2015-11-30 10:53:32','2017-12-27 10:47:54',NULL,NULL),('912349ac-9610-4220-81ae-ad10202bf7dd','WANGCL351X','王春龙','368,22147610caf6',0,'25F9E794323B453885F5181F1B624D0B','123ea09d-bb8c-41c6-90fa-9000303bc773','','','2016-11-19 13:58:05','2017-12-03 17:56:15',NULL,NULL),('912e0034-debc-4148-ad65-801cb3e95829','HAOSF2011','郝顺发',NULL,0,'25F9E794323B453885F5181F1B624D0B','04acc1cf-d838-4b84-95b5-62818876e3b9','','','2017-07-11 15:09:27','2017-12-27 10:47:54',NULL,NULL),('9161ff44-4811-4202-a4bf-cfd8c0a9a02e','ZHANGYY6025','张阳阳_兴海电力','366,2216197be6a5',0,'25F9E794323B453885F5181F1B624D0B','123ea09d-bb8c-41c6-90fa-9000303bc773','','','2016-11-19 14:01:25','2017-12-03 17:56:15',NULL,NULL),('9190d338-3df6-4bfb-af76-b6d0cb60ef59','SUT143X','苏陶','367,2217ebc7597f',0,'25F9E794323B453885F5181F1B624D0B','123ea09d-bb8c-41c6-90fa-9000303bc773','','','2016-11-19 13:58:05','2017-12-03 17:56:15',NULL,NULL),('91b18213-1014-4bf8-9d63-44ac7d2dce1d','LIZZ1517','李壮志_兴海电力','362,221847f2ccba',0,'25F9E794323B453885F5181F1B624D0B','123ea09d-bb8c-41c6-90fa-9000303bc773','','','2016-11-19 14:01:26','2017-12-03 17:56:15',NULL,NULL),('91b5049b-92d6-4e5c-9c90-2c4b5844c058','ZHUJF0011','朱剑峰','368,221a07e43417',0,'25F9E794323B453885F5181F1B624D0B','123ea09d-bb8c-41c6-90fa-9000303bc773','','','2016-11-19 13:58:06','2017-12-03 17:56:15',NULL,NULL),('9207e385-1640-4bbc-83ed-c22ff1353a3a','WENLH0010','温龙华','367,221b3889bf25',0,'25F9E794323B453885F5181F1B624D0B','123ea09d-bb8c-41c6-90fa-9000303bc773','','','2016-11-19 13:58:07','2017-12-03 17:56:16',NULL,NULL),('9224311d-06d5-4b81-8c50-e89fc48cb0ce','ZHANGY0025','张晔_兴海电力','366,221cd2007b99',0,'25F9E794323B453885F5181F1B624D0B','123ea09d-bb8c-41c6-90fa-9000303bc773','','','2016-11-19 14:01:25','2017-12-03 17:56:16',NULL,NULL),('926b9926-a61c-4b32-9497-e5d3d6a3c835','WANGWQ2010','王文岐','362,221d11364bff',0,'25F9E794323B453885F5181F1B624D0B','123ea09d-bb8c-41c6-90fa-9000303bc773','','','2016-11-19 13:58:05','2017-12-03 17:56:16',NULL,NULL),('9281ecb2-c512-479f-a2aa-77d682db42db','ZHUQ1656','朱琪',NULL,0,'B6EA805FCF00B7B45D60E7DEDF509C4A','04acc1cf-d838-4b84-95b5-62818876e3b9','zhuqi@gaoantunpower.com','','2015-11-30 10:53:30','2017-12-27 10:47:54',NULL,NULL),('92b23f20-f5cf-43bc-acfa-b002f62d9ba4','LIUZF1035','刘志峰_兴海电力','364,2220c4f94fc7',0,'25F9E794323B453885F5181F1B624D0B','123ea09d-bb8c-41c6-90fa-9000303bc773','','','2016-11-19 14:01:25','2017-12-03 17:56:16',NULL,NULL),('92bf33fe-2563-45da-bf67-2472445e2431','huizx263x','惠振轩','363,222196f3839d',0,'25F9E794323B453885F5181F1B624D0B','123ea09d-bb8c-41c6-90fa-9000303bc773','','','2017-04-26 15:04:17','2017-12-03 17:56:16',NULL,NULL),('92eb997a-1914-4ee7-8901-f340a7847c32','MAX1519','马兴','366,2222c6023921',0,'25F9E794323B453885F5181F1B624D0B','123ea09d-bb8c-41c6-90fa-9000303bc773','','','2016-11-19 13:58:05','2017-12-03 17:56:16',NULL,NULL),('92ec11c1-88af-4961-8198-baf9e92decd3','WUZY0176','邬泽宇','365,2223b008a0d3',0,'25F9E794323B453885F5181F1B624D0B','123ea09d-bb8c-41c6-90fa-9000303bc773','','','2016-11-19 13:58:05','2017-12-03 17:56:16',NULL,NULL),('93594b1e-ac79-40b9-bf79-82232023f758','LIANGDS1318','梁东昇','364,2224d344df29',0,'25F9E794323B453885F5181F1B624D0B','123ea09d-bb8c-41c6-90fa-9000303bc773','','','2016-11-19 13:58:06','2017-12-03 17:56:16',NULL,NULL),('93a888f3-5f28-45da-adb8-b1552072f290','ZHANGDY2010','张大勇','365,22251951910d',0,'25F9E794323B453885F5181F1B624D0B','123ea09d-bb8c-41c6-90fa-9000303bc773','','','2016-11-19 13:58:06','2017-12-03 17:56:16',NULL,NULL),('93daef75-7cb7-4ec1-94d4-87a1f5af6d81','WENXY2514','温晓宇','366,22265e6c00e1',0,'25F9E794323B453885F5181F1B624D0B','123ea09d-bb8c-41c6-90fa-9000303bc773','','','2016-11-19 13:58:05','2017-12-03 17:56:16',NULL,NULL),('942299a9-5d8c-4004-996d-76cad03e01dc','HUGW3619','胡国伟','368,222727e4d037',0,'25F9E794323B453885F5181F1B624D0B','123ea09d-bb8c-41c6-90fa-9000303bc773','','','2016-11-19 13:58:06','2017-12-03 17:56:16',NULL,NULL),('942a2142-2c16-40ea-9574-04830560f21c','QIUSJ3514','邱士杰','362,2228b6532ed7',0,'25F9E794323B453885F5181F1B624D0B','123ea09d-bb8c-41c6-90fa-9000303bc773','','','2016-11-19 13:58:05','2017-12-03 17:56:16',NULL,NULL),('943fd92e-0b34-4edf-884b-f8ce539d982f','RENLX2519','任林绪_兴海电力','366,22293e4618a0',0,'25F9E794323B453885F5181F1B624D0B','123ea09d-bb8c-41c6-90fa-9000303bc773','','','2016-11-19 14:01:27','2017-12-03 17:56:16',NULL,NULL),('9446b8f1-4f99-46f3-aac7-19f588333d54','WANGXG5039','王晓光_兴海电力','366,222ae69b9558',0,'25F9E794323B453885F5181F1B624D0B','123ea09d-bb8c-41c6-90fa-9000303bc773','','','2017-06-02 13:54:44','2017-12-03 17:56:16',NULL,NULL),('944a2bcf-e60c-4ace-bbec-7ccb9e22b13f','LIL4813','李亮','368,222b361acd3d',0,'25F9E794323B453885F5181F1B624D0B','123ea09d-bb8c-41c6-90fa-9000303bc773','','','2016-11-19 13:58:06','2017-12-03 17:56:16',NULL,NULL),('946d8465-97dd-4966-93a9-f150e314fe0c','ZHAOYY5625','赵月英_兴海电力','365,222cd339755d',0,'25F9E794323B453885F5181F1B624D0B','123ea09d-bb8c-41c6-90fa-9000303bc773','','','2016-11-19 14:01:25','2017-12-03 17:56:16',NULL,NULL),('9494d9a4-9ffb-493a-81f3-77e4733212aa','wangh2530','王辉_湖北金山','366,222d4cdfd010',0,'25F9E794323B453885F5181F1B624D0B','123ea09d-bb8c-41c6-90fa-9000303bc773','','','2016-11-19 14:03:01','2017-12-03 17:56:16',NULL,NULL),('95ab5bfd-f8d6-4c0e-904e-a3dde08a1438','LICH0817','李春辉',NULL,0,'25F9E794323B453885F5181F1B624D0B','04acc1cf-d838-4b84-95b5-62818876e3b9','lichunhui@gaoantunpower.com','','2015-11-30 10:53:29','2017-12-27 10:47:54',NULL,NULL),('95bcddec-50ee-4026-813e-a83bcf511ebe','RENJJ0634','任建军','362,222f1769411e',0,'25F9E794323B453885F5181F1B624D0B','123ea09d-bb8c-41c6-90fa-9000303bc773','','','2016-11-19 13:58:06','2017-12-03 17:56:16',NULL,NULL),('9659341c-43d6-4af7-b9e9-57b7f44f3f29','YANGP3911','杨鹏_兴海电力','368,2230428d953e',0,'25F9E794323B453885F5181F1B624D0B','123ea09d-bb8c-41c6-90fa-9000303bc773','','','2016-11-19 14:01:26','2017-12-03 17:56:16',NULL,NULL),('966346c7-cdbf-4856-845b-1e26eb7fa750','ZHAOXW5193','赵喜娃_兴海电力','367,2231385f0c80',0,'25F9E794323B453885F5181F1B624D0B','123ea09d-bb8c-41c6-90fa-9000303bc773','','','2016-11-19 14:01:27','2017-12-03 17:56:16',NULL,NULL),('9727bce0-65b3-4c2c-8a94-15a49e80989d','YANGYM2013','杨屹民_兴海电力','367,22336f27024e',0,'25F9E794323B453885F5181F1B624D0B','123ea09d-bb8c-41c6-90fa-9000303bc773','','','2016-11-19 14:01:27','2017-12-03 17:56:16',NULL,NULL),('978bd76f-df67-43c9-82aa-13f40182efc5','GUOHB1674','郭海波_京能检修','368,22365868a316',0,'25F9E794323B453885F5181F1B624D0B','123ea09d-bb8c-41c6-90fa-9000303bc773','','','2016-11-19 14:03:01','2017-12-03 17:56:16',NULL,NULL),('97a50fb9-8644-4d44-8f7d-ffc8be648f14','JIANGYK1210','姜永宽','366,2237c43ad68b',0,'25F9E794323B453885F5181F1B624D0B','123ea09d-bb8c-41c6-90fa-9000303bc773','','','2016-11-19 13:58:06','2017-12-03 17:56:16',NULL,NULL),('97eb97d4-b360-4036-a706-a50448f613c8','LIJJ5726','李姣姣','363,22388610609d',0,'25F9E794323B453885F5181F1B624D0B','123ea09d-bb8c-41c6-90fa-9000303bc773','','','2016-11-19 13:58:05','2017-12-03 17:56:16',NULL,NULL),('97f97c42-f8f6-454b-bb7b-eed79a008023','NIUXW7116','牛兴伟',NULL,0,'25F9E794323B453885F5181F1B624D0B','04acc1cf-d838-4b84-95b5-62818876e3b9','niuxingwei@gaoantunpower.com','','2015-11-30 10:53:29','2017-12-27 10:47:54',NULL,NULL),('97ff4440-95be-4858-a834-44dd0a40f12b','WENZHH5093','温志宏_兴海电力','368,223a9d1eb07e',0,'25F9E794323B453885F5181F1B624D0B','123ea09d-bb8c-41c6-90fa-9000303bc773','','','2016-11-19 14:01:27','2017-12-03 17:56:16',NULL,NULL),('980633a8-dc29-4231-bd06-25fb40441652','KANGZH063X','康振华','364,223b98488d59',0,'25F9E794323B453885F5181F1B624D0B','123ea09d-bb8c-41c6-90fa-9000303bc773','','','2016-11-19 13:58:06','2017-12-03 17:56:16',NULL,NULL),('985393b5-5317-4c8b-9070-4e51e15aac26','LIUGD0034','刘国栋_兴海电力','363,223cc699238b',0,'25F9E794323B453885F5181F1B624D0B','123ea09d-bb8c-41c6-90fa-9000303bc773','','','2016-11-19 14:01:25','2017-12-03 17:56:16',NULL,NULL),('9888bbc9-b847-47d8-bcf7-5b5d1337d74d','ZHAOGW2010','赵国伟_京能检修','366,223dac88cc88',0,'25F9E794323B453885F5181F1B624D0B','123ea09d-bb8c-41c6-90fa-9000303bc773','','','2016-11-19 14:03:01','2017-12-03 17:56:16',NULL,NULL),('98d06ac8-3b77-44bd-aff4-2738814087e4','CHENWQ6011','陈文强','367,223e7ec06400',0,'25F9E794323B453885F5181F1B624D0B','123ea09d-bb8c-41c6-90fa-9000303bc773','','','2016-11-19 13:58:05','2017-12-03 17:56:16',NULL,NULL),('98e3c139-2bcd-4d6f-aed4-c7f4500f735a','HAOSJ3349','郝淑娟','368,223f8aac53e1',0,'25F9E794323B453885F5181F1B624D0B','123ea09d-bb8c-41c6-90fa-9000303bc773','','','2016-11-19 13:58:06','2017-12-03 17:56:16',NULL,NULL),('98e935d0-9ac3-4693-bdc9-43b7f3239910','qiaorz0032','乔瑞志_京能检修','362,22407bf61eb2',0,'25F9E794323B453885F5181F1B624D0B','123ea09d-bb8c-41c6-90fa-9000303bc773','','','2016-11-19 14:07:27','2017-12-03 17:56:17',NULL,NULL),('995d5abb-b3d5-41ca-9da3-1a6cd4de44cb','LICW4858','李常伟',NULL,0,'25F9E794323B453885F5181F1B624D0B','04acc1cf-d838-4b84-95b5-62818876e3b9','','','2015-11-30 10:53:33','2017-12-27 10:47:54',NULL,NULL),('998ae80d-2692-43b0-aca3-92ee4b4edfab','FENGQ1578','冯启_兴海电力','365,22423590fe96',0,'25F9E794323B453885F5181F1B624D0B','123ea09d-bb8c-41c6-90fa-9000303bc773','','','2016-11-19 14:01:25','2017-12-03 17:56:17',NULL,NULL),('99b827fd-71e1-4d5d-be43-b03759092ef7','ZHANGHM1032','张慧明','368,22449daeb86d',0,'25F9E794323B453885F5181F1B624D0B','123ea09d-bb8c-41c6-90fa-9000303bc773','','','2016-11-19 13:58:06','2017-12-03 17:56:17',NULL,NULL),('99b8d0c0-33b3-47f0-bb53-04453bb17022','HEXY0215','贺晓彦_内蒙峰业','367,2245e7ebcd47',0,'25F9E794323B453885F5181F1B624D0B','123ea09d-bb8c-41c6-90fa-9000303bc773','','','2016-11-19 14:01:25','2017-12-03 17:56:17',NULL,NULL),('99ce2746-0d51-4842-8a51-fecc9476192c','WANGJK5793','王俊凯_兴海电力','368,224691fb0fc6',0,'25F9E794323B453885F5181F1B624D0B','123ea09d-bb8c-41c6-90fa-9000303bc773','','','2016-11-19 14:01:27','2017-12-03 17:56:17',NULL,NULL),('99cff3c9-55f5-4618-869e-c8805a1d2e23','LIUZHH0917','刘中华_兴海电力','365,22474e945032',0,'25F9E794323B453885F5181F1B624D0B','123ea09d-bb8c-41c6-90fa-9000303bc773','','','2016-11-19 14:01:26','2017-12-03 17:56:17',NULL,NULL),('9a47f627-1865-4747-8420-675d42ec6c9f','ZHANGZK5372','张忠凯','365,2248dc69069d',0,'25F9E794323B453885F5181F1B624D0B','123ea09d-bb8c-41c6-90fa-9000303bc773','','','2016-11-19 13:58:06','2017-12-03 17:56:17',NULL,NULL),('9a6d618e-76d5-4fbe-a232-00b2b1d64469','DUJ3015','杜江_兴海电力','362,2249756a52eb',0,'25F9E794323B453885F5181F1B624D0B','123ea09d-bb8c-41c6-90fa-9000303bc773','','','2017-06-02 13:54:44','2017-12-03 17:56:17',NULL,NULL),('9b15aa97-8887-465c-8d3e-b60c0d95ab63','GUOJY2599','郭计有_兴海电力','366,224beffb558f',0,'25F9E794323B453885F5181F1B624D0B','123ea09d-bb8c-41c6-90fa-9000303bc773','','','2016-11-19 14:01:27','2017-12-03 17:56:17',NULL,NULL),('9b48c78f-cd5c-4fa9-932c-aba10290d506','CHAIYF0216','柴云峰_兴海电力','364,224cbb15d5e2',0,'25F9E794323B453885F5181F1B624D0B','123ea09d-bb8c-41c6-90fa-9000303bc773','','','2016-11-19 14:01:27','2017-12-03 17:56:17',NULL,NULL),('9b5a37d1-48f6-4f4b-9b1a-01eacda7aec4','ZHANGXJ4132','张小杰_京能检修','368,224d992ee5ea',0,'25F9E794323B453885F5181F1B624D0B','123ea09d-bb8c-41c6-90fa-9000303bc773','','','2017-10-26 14:56:13','2017-12-03 17:56:17',NULL,NULL),('9c65098e-5c06-4793-80ea-bca4bdcdb6d4','ZANXW1611','昝雄伟_内蒙峰业','365,224f78544f89',0,'25F9E794323B453885F5181F1B624D0B','123ea09d-bb8c-41c6-90fa-9000303bc773','','','2016-11-19 14:01:25','2017-12-03 17:56:17',NULL,NULL),('9d4d784b-2062-44c7-8752-5613228af1e5','ZHAOQ0035','赵琦',NULL,0,'25F9E794323B453885F5181F1B624D0B','04acc1cf-d838-4b84-95b5-62818876e3b9','','','2015-11-30 10:53:32','2017-12-27 10:47:55',NULL,NULL),('9d8fd8c5-f68b-4464-a799-00dbd60e8cb6','liuyq1819','刘玉强_京能检修','365,2251624fa8ea',0,'25F9E794323B453885F5181F1B624D0B','123ea09d-bb8c-41c6-90fa-9000303bc773','','','2017-10-26 14:56:13','2017-12-03 17:56:17',NULL,NULL),('9d98b1c5-3635-47f9-9e5d-a355e021a36a','cenn3434','岑宁','362,2252556b18ce',0,'25F9E794323B453885F5181F1B624D0B','123ea09d-bb8c-41c6-90fa-9000303bc773','','','2017-06-07 09:58:58','2017-12-03 17:56:17',NULL,NULL),('9d9cda02-2d28-44ff-b2b0-1214518a66c0','guozq2071','郭竹青_京能检修','366,2253a7513c3f',0,'25F9E794323B453885F5181F1B624D0B','123ea09d-bb8c-41c6-90fa-9000303bc773','','','2016-11-19 14:08:14','2017-12-03 17:56:17',NULL,NULL),('9e215029-38b9-406f-9c31-581b8e17c0b7','WANGP4918','王鹏','364,225464593b06',0,'25F9E794323B453885F5181F1B624D0B','123ea09d-bb8c-41c6-90fa-9000303bc773','','','2016-11-19 13:58:05','2017-12-03 17:56:17',NULL,NULL),('9fd6d7d6-fbe2-485d-b2c6-e063d86c4d16','LIB7033','李波_内蒙峰业','365,225a01f55683',0,'25F9E794323B453885F5181F1B624D0B','123ea09d-bb8c-41c6-90fa-9000303bc773','','','2016-11-19 14:01:24','2017-12-03 17:56:17',NULL,NULL),('9fdaf805-9e34-4076-86dd-ba9f814657fc','ZHANGWD2511','张卫东',NULL,0,'25F9E794323B453885F5181F1B624D0B','04acc1cf-d838-4b84-95b5-62818876e3b9','','','2015-11-30 10:53:31','2017-12-27 10:47:55',NULL,NULL),('9febd266-c5c6-4663-b679-049e727c80bd','piyj003x','皮亚君_京能检修','364,225c2bbd83c7',0,'25F9E794323B453885F5181F1B624D0B','123ea09d-bb8c-41c6-90fa-9000303bc773','','','2017-05-18 21:49:01','2017-12-03 17:56:17',NULL,NULL),('9ff0c95b-30e8-4c85-baa1-1d5c0d321f35','LIUYZ4036','刘永忠_京能检修','365,225d39455ccd',0,'25F9E794323B453885F5181F1B624D0B','123ea09d-bb8c-41c6-90fa-9000303bc773','','','2016-11-19 14:03:01','2017-12-03 17:56:17',NULL,NULL),('a05d6692-1ea8-4eb0-9622-c11be7817d78','YANSH2133','闫树华_京能检修','368,225ed0d0d750',0,'25F9E794323B453885F5181F1B624D0B','123ea09d-bb8c-41c6-90fa-9000303bc773','','','2016-11-19 14:03:01','2017-12-03 17:56:17',NULL,NULL),('a084f9ec-b95d-4a7d-b81b-3bffd11d6d00','mengyj0810','孟迎军_湖北金山','363,225ffc1f9fd0',0,'25F9E794323B453885F5181F1B624D0B','123ea09d-bb8c-41c6-90fa-9000303bc773','','','2016-11-19 14:03:01','2017-12-03 17:56:17',NULL,NULL),('a09640f0-d043-4c2e-946a-f766068f60c0','ZHAOGL2814','赵广龙',NULL,0,'25F9E794323B453885F5181F1B624D0B','04acc1cf-d838-4b84-95b5-62818876e3b9','','','2016-12-19 09:02:18','2018-01-02 15:18:09',NULL,NULL),('a0b74463-7062-4e42-b10f-b31160179af4','SUNCC1039','孙长春_内蒙峰业','367,2261d5451375',0,'25F9E794323B453885F5181F1B624D0B','123ea09d-bb8c-41c6-90fa-9000303bc773','','','2016-11-19 14:01:25','2017-12-03 17:56:17',NULL,NULL),('a0c0c2b7-410b-4af9-8062-8f220b19dad3','KANGZW0073','康正文','365,2262b99bd505',0,'25F9E794323B453885F5181F1B624D0B','123ea09d-bb8c-41c6-90fa-9000303bc773','','','2016-11-19 13:58:06','2017-12-03 17:56:17',NULL,NULL),('a0c4fb0e-7203-4ebf-9121-3113049a2587','LUSL2175','卢守龙_内蒙峰业','363,226322fe0f69',0,'25F9E794323B453885F5181F1B624D0B','123ea09d-bb8c-41c6-90fa-9000303bc773','','','2016-11-19 14:01:25','2017-12-03 17:56:17',NULL,NULL),('a140e184-e266-4292-ab5d-161ab0ab03f6','ZHANGYW171X','张有为','363,22645e144557',0,'25F9E794323B453885F5181F1B624D0B','123ea09d-bb8c-41c6-90fa-9000303bc773','','','2016-11-19 13:58:06','2017-12-03 17:56:17',NULL,NULL),('a28e72cd-4306-4b2b-bd3a-2ddd17fc1ea7','LIDH2416','李东辉_内蒙峰业','366,2266b74f590f',0,'25F9E794323B453885F5181F1B624D0B','123ea09d-bb8c-41c6-90fa-9000303bc773','','','2016-11-19 14:01:25','2017-12-03 17:56:17',NULL,NULL),('a2957151-9994-463b-9b4e-dd3de829ff19','ZHOUKS151X','周坤胜','366,2267ea2485b0',0,'25F9E794323B453885F5181F1B624D0B','123ea09d-bb8c-41c6-90fa-9000303bc773','','','2016-11-19 13:58:07','2017-12-03 17:56:17',NULL,NULL),('a29c3954-e62a-42b2-9c35-5017fa4b85e3','SUNJ4044','孙静_兴海电力','367,2268eb8d3ef8',0,'25F9E794323B453885F5181F1B624D0B','123ea09d-bb8c-41c6-90fa-9000303bc773','','','2016-11-19 14:01:25','2017-12-03 17:56:17',NULL,NULL),('a2fa64e4-79b8-42bc-bb64-9bd3f0caf15c','RENJQ2015','任俊青_兴海电力','363,2269fd568841',0,'25F9E794323B453885F5181F1B624D0B','123ea09d-bb8c-41c6-90fa-9000303bc773','','','2016-11-19 14:01:27','2017-12-03 17:56:17',NULL,NULL),('a300e710-196c-4022-86a2-2f7af0ff646d','XIANGN552X','项楠_兴海电力','364,226a8067012c',0,'25F9E794323B453885F5181F1B624D0B','123ea09d-bb8c-41c6-90fa-9000303bc773','','','2016-11-19 14:01:26','2017-12-03 17:56:17',NULL,NULL),('a348d4c4-f299-4629-8b45-e7c56126e5f4','ZHANGHZH8549','张慧珍_兴海电力','367,226bef26d400',0,'25F9E794323B453885F5181F1B624D0B','123ea09d-bb8c-41c6-90fa-9000303bc773','','','2016-11-19 14:01:26','2017-12-03 17:56:17',NULL,NULL),('a37eae8c-1157-4fc6-aef6-224837cb0e00','GAORF2515','高瑞锋','365,226c42cf0f55',0,'25F9E794323B453885F5181F1B624D0B','123ea09d-bb8c-41c6-90fa-9000303bc773','','','2016-11-19 13:58:06','2017-12-03 17:56:17',NULL,NULL),('a3ac6979-d1b4-4ff7-b2a2-215685c02bb3','SHENYX0526','申云霞_兴海电力','368,226d15a4f457',0,'25F9E794323B453885F5181F1B624D0B','123ea09d-bb8c-41c6-90fa-9000303bc773','','','2016-11-19 14:01:27','2017-12-03 17:56:18',NULL,NULL),('a3bd1fa5-6b63-4a73-802a-f7832dc8bf60','SIXZ3014','司兴忠','362,226ee2c92698',0,'25F9E794323B453885F5181F1B624D0B','123ea09d-bb8c-41c6-90fa-9000303bc773','','','2016-11-19 13:58:07','2017-12-03 17:56:18',NULL,NULL),('a3c9b9ef-1b16-4d7c-9f31-506429ba7c08','wuxw5517','武晓伟_京能检修','368,226f050220d3',0,'25F9E794323B453885F5181F1B624D0B','123ea09d-bb8c-41c6-90fa-9000303bc773','','','2016-11-19 14:07:27','2017-12-03 17:56:18',NULL,NULL),('a3e4f8bc-a597-40c9-bccb-22daaeb69cd0','LIYN7216','李亚南_兴海电力','363,2270e5dad411',0,'25F9E794323B453885F5181F1B624D0B','123ea09d-bb8c-41c6-90fa-9000303bc773','','','2016-11-19 14:01:27','2017-12-03 17:56:18',NULL,NULL),('a402b720-4bc5-4437-bfeb-8b60b28eb6be','ZHANGKY0027','张锴瑛','363,22715434cf80',0,'25F9E794323B453885F5181F1B624D0B','123ea09d-bb8c-41c6-90fa-9000303bc773','','','2016-11-19 13:58:05','2017-12-03 17:56:18',NULL,NULL),('a4198d21-b8c3-4120-886e-6238f87c21a3','mutd0013','穆廷栋_京能检修','367,2272ef7827e3',0,'25F9E794323B453885F5181F1B624D0B','123ea09d-bb8c-41c6-90fa-9000303bc773','','','2016-11-19 14:06:00','2017-12-03 17:56:18',NULL,NULL),('a45fe9fc-d19a-49c4-8e91-fb459900abdf','ANPF5119','安普风_兴海电力','366,22730500cf2b',0,'25F9E794323B453885F5181F1B624D0B','123ea09d-bb8c-41c6-90fa-9000303bc773','','','2017-06-02 13:54:44','2017-12-03 17:56:18',NULL,NULL),('a4713946-c976-4df5-b5b5-0bb0e1824b26','SUNZH2616','孙哲辉',NULL,0,'25F9E794323B453885F5181F1B624D0B','04acc1cf-d838-4b84-95b5-62818876e3b9','sunzhehui@gaoantunpower.com','','2015-11-30 10:53:28','2017-12-27 10:47:55',NULL,NULL),('a481e71b-0c55-4eaa-8288-3cb737a124e5','赵东海','赵东海',NULL,0,'25F9E794323B453885F5181F1B624D0B','04acc1cf-d838-4b84-95b5-62818876e3b9','','','2015-11-30 10:53:33','2017-12-27 10:47:55',NULL,NULL),('a50ede9a-cf5f-4a03-b200-3db370f89a9a','ZHANGJJ5510','张建军2_兴海电力','366,2276a3dc548a',0,'25F9E794323B453885F5181F1B624D0B','123ea09d-bb8c-41c6-90fa-9000303bc773','','','2016-11-19 14:01:26','2017-12-03 17:56:18',NULL,NULL),('a5af39b4-9545-47e0-a755-ec52c77a0bb5','YUS6216','宇帅','364,227858bea20a',0,'25F9E794323B453885F5181F1B624D0B','123ea09d-bb8c-41c6-90fa-9000303bc773','','','2016-11-19 13:58:06','2017-12-03 17:56:18',NULL,NULL),('a638ee62-cc72-4276-971d-28b3df3f6edb','TIANX4116','田旭_兴海电力','368,22797c2bf0bd',0,'25F9E794323B453885F5181F1B624D0B','123ea09d-bb8c-41c6-90fa-9000303bc773','','','2016-11-19 14:01:27','2017-12-03 17:56:18',NULL,NULL),('a64da952-17aa-4d00-b75a-602eb4c96681','CENG081X','岑功','368,227ade10a470',0,'25F9E794323B453885F5181F1B624D0B','123ea09d-bb8c-41c6-90fa-9000303bc773','','','2016-11-19 13:58:05','2017-12-03 17:56:18',NULL,NULL),('a659f1f5-8e1a-4e3f-a7fa-ae72c809a8a8','lixp3011','李旭平_京能检修','364,227b5f8e1914',0,'25F9E794323B453885F5181F1B624D0B','123ea09d-bb8c-41c6-90fa-9000303bc773','','','2017-10-26 14:56:13','2017-12-03 17:56:18',NULL,NULL),('a660125c-3e06-4624-913b-681fe6d2901c','GUOQSH1569','郭全胜_兴海电力','368,227ceac71b60',0,'25F9E794323B453885F5181F1B624D0B','123ea09d-bb8c-41c6-90fa-9000303bc773','','','2016-11-19 14:01:27','2017-12-03 17:56:18',NULL,NULL),('a668bc10-b47c-423d-a90f-c4849f329c8e','LIUJ2617','刘君_兴海电力','365,227da5545237',0,'25F9E794323B453885F5181F1B624D0B','123ea09d-bb8c-41c6-90fa-9000303bc773','','','2016-11-19 14:01:25','2017-12-03 17:56:18',NULL,NULL),('a66f1b88-c5be-4cc0-a94c-2666ee41b249','WANGJJ3691','王俊俊','362,227eff392427',0,'25F9E794323B453885F5181F1B624D0B','123ea09d-bb8c-41c6-90fa-9000303bc773','','','2016-11-19 13:58:05','2017-12-03 17:56:18',NULL,NULL),('a6edd72e-7954-4988-a8d8-be0642e64475','GUOXJ1727','郭小靖','365,2280d9e70dff',0,'25F9E794323B453885F5181F1B624D0B','123ea09d-bb8c-41c6-90fa-9000303bc773','','','2016-11-19 13:58:07','2017-12-03 17:56:18',NULL,NULL),('a70bbbc0-4629-4bd8-899c-099140b763d1','HAOSL3615','郝盛林_兴海电力','368,22814f7993c7',0,'25F9E794323B453885F5181F1B624D0B','123ea09d-bb8c-41c6-90fa-9000303bc773','','','2016-11-19 14:01:26','2017-12-03 17:56:18',NULL,NULL),('a70e934e-9a9a-40ba-983e-d53475c7c90d','ZHANGQ051X','张强_内蒙峰业','363,2282492b16f2',0,'25F9E794323B453885F5181F1B624D0B','123ea09d-bb8c-41c6-90fa-9000303bc773','','','2016-11-19 14:01:25','2017-12-03 17:56:18',NULL,NULL),('a70f2698-0dbc-4e99-a469-85caef227d9e','FENGXL651X','冯学亮_兴海电力','368,2283beff8724',0,'25F9E794323B453885F5181F1B624D0B','123ea09d-bb8c-41c6-90fa-9000303bc773','','','2016-11-19 14:01:26','2017-12-03 17:56:18',NULL,NULL),('a71eb80f-5936-4beb-baf4-4f2d11d0a3de','GAOY0817','高岩',NULL,0,'25F9E794323B453885F5181F1B624D0B','04acc1cf-d838-4b84-95b5-62818876e3b9','','','2017-07-11 14:53:09','2017-12-27 10:47:55',NULL,NULL),('a760e84e-6b9f-46a0-b2ba-659ff52067df','ZHAOYQ2518','赵永强_兴海电力','362,228531a316f2',0,'25F9E794323B453885F5181F1B624D0B','123ea09d-bb8c-41c6-90fa-9000303bc773','','','2016-11-19 14:01:25','2017-12-03 17:56:18',NULL,NULL),('a7c67767-95e2-4112-b316-ca68f527adc8','LIYY1637','李园园','365,2286c847748c',0,'25F9E794323B453885F5181F1B624D0B','123ea09d-bb8c-41c6-90fa-9000303bc773','','','2016-11-19 13:58:05','2017-12-03 17:56:18',NULL,NULL),('a7c7d7d6-5eee-447f-8c98-638d82a4ee12','ZHANGX0012','张鑫_内蒙峰业','367,22872e6510e8',0,'25F9E794323B453885F5181F1B624D0B','123ea09d-bb8c-41c6-90fa-9000303bc773','','','2016-11-19 14:01:25','2017-12-03 17:56:18',NULL,NULL),('a7f40164-13b1-4268-8d3c-fb3ad741608b','CHENSW1712','陈世伟_兴海电力','364,228911718e80',0,'25F9E794323B453885F5181F1B624D0B','123ea09d-bb8c-41c6-90fa-9000303bc773','','','2016-11-19 14:01:25','2017-12-03 17:56:18',NULL,NULL),('a85ead45-898f-4014-bde4-02675b79612c','SHICG0010','史晨光_内蒙峰业','368,228a93a3acd7',0,'25F9E794323B453885F5181F1B624D0B','123ea09d-bb8c-41c6-90fa-9000303bc773','','','2016-11-19 14:01:25','2017-12-03 17:56:18',NULL,NULL),('a895f4fe-e3d1-4580-92f2-b40f640c277d','CHENHW0618','陈宏文','365,228b9dbe28bf',0,'25F9E794323B453885F5181F1B624D0B','123ea09d-bb8c-41c6-90fa-9000303bc773','','','2016-11-19 13:58:06','2017-12-03 17:56:18',NULL,NULL),('a8c133b4-7f8d-4078-a7fa-4e4c3cb34af2','BAILQ0018','白立群','365,228cdbbf40ef',0,'25F9E794323B453885F5181F1B624D0B','123ea09d-bb8c-41c6-90fa-9000303bc773','','','2016-11-19 13:58:06','2017-12-03 17:56:18',NULL,NULL),('a8c48353-2040-4bad-a468-35a691c091b7','彭镭','彭镭',NULL,0,'25F9E794323B453885F5181F1B624D0B','04acc1cf-d838-4b84-95b5-62818876e3b9','','','2017-03-15 16:45:04','2017-12-27 10:47:55',NULL,NULL),('a8e49ac0-b5f9-4895-bdc2-b8565f4b05e8','ZHANGXT0910','张晓涛','363,228ec5fd31f4',0,'25F9E794323B453885F5181F1B624D0B','123ea09d-bb8c-41c6-90fa-9000303bc773','','','2016-11-19 13:58:06','2017-12-03 17:56:18',NULL,NULL),('a902dfc3-e987-4005-bb34-acbe5bbc4427','LIANGYG4015','梁永刚_京能检修','368,228fefb0eb27',0,'25F9E794323B453885F5181F1B624D0B','123ea09d-bb8c-41c6-90fa-9000303bc773','','','2017-10-26 14:56:13','2017-12-03 17:56:19',NULL,NULL),('a946193c-af1e-4b9d-9da6-a0fddc9ff25e','LIANGES5614','梁二所_兴海电力','365,2290eacfaca8',0,'25F9E794323B453885F5181F1B624D0B','123ea09d-bb8c-41c6-90fa-9000303bc773','','','2016-11-19 14:01:27','2017-12-03 17:56:19',NULL,NULL),('a9886e81-cd99-4378-a74d-25bbf1dc55fc','GUOZZ4378','郭振忠','365,2291beba42d0',0,'25F9E794323B453885F5181F1B624D0B','123ea09d-bb8c-41c6-90fa-9000303bc773','','','2016-11-19 13:58:06','2017-12-03 17:56:19',NULL,NULL),('a9b186e6-fefc-4b1d-9f36-ffd84aabf2b6','JIAFH2010','贾风华_兴海电力','367,2292eac4fc9a',0,'25F9E794323B453885F5181F1B624D0B','123ea09d-bb8c-41c6-90fa-9000303bc773','','','2016-11-19 14:01:26','2017-12-03 17:56:19',NULL,NULL),('a9b53d23-2dd4-4f67-9417-7f4450749b0e','ZHOUHR2338','周虹任','362,22936d6b32cc',0,'25F9E794323B453885F5181F1B624D0B','123ea09d-bb8c-41c6-90fa-9000303bc773','','','2016-11-19 13:58:06','2017-12-03 17:56:19',NULL,NULL),('aa394e70-1e47-4672-b6c2-6af7aced1774','SUTS2512','苏天祥_兴海电力','366,22942140b657',0,'25F9E794323B453885F5181F1B624D0B','123ea09d-bb8c-41c6-90fa-9000303bc773','','','2016-11-19 14:01:27','2017-12-03 17:56:19',NULL,NULL),('aa3e3af5-867b-4d2b-afaf-4587b06a5277','CHENXW0030','陈雪伟_兴海电力','362,22959822758e',0,'25F9E794323B453885F5181F1B624D0B','123ea09d-bb8c-41c6-90fa-9000303bc773','','','2016-11-19 14:01:26','2017-12-03 17:56:19',NULL,NULL),('aa442692-337b-4dc0-8b0f-6229d09c97e4','RENL0051','任力_兴海电力','367,2296640098c0',0,'25F9E794323B453885F5181F1B624D0B','123ea09d-bb8c-41c6-90fa-9000303bc773','','','2016-11-19 14:01:27','2017-12-03 17:56:19',NULL,NULL),('aa49bdf6-2cc2-4088-9c5c-87c5552d7ceb','ZHANGXN1507','张小娜','366,2297699b8ffd',0,'25F9E794323B453885F5181F1B624D0B','123ea09d-bb8c-41c6-90fa-9000303bc773','','','2016-11-19 13:58:06','2017-12-03 17:56:19',NULL,NULL),('aa77877c-367d-4d09-9e9d-4f4044390169','WANGYG2715','王永刚','368,22987462c075',0,'25F9E794323B453885F5181F1B624D0B','123ea09d-bb8c-41c6-90fa-9000303bc773','','','2016-11-19 13:58:06','2017-12-03 17:56:19',NULL,NULL),('aa80e3e2-cef3-443f-9c36-c16bad6142d3','YANGYG7418','杨永刚','365,2299ad661e10',0,'25F9E794323B453885F5181F1B624D0B','123ea09d-bb8c-41c6-90fa-9000303bc773','','','2016-11-19 13:58:07','2017-12-03 17:56:19',NULL,NULL),('aaeec898-51bf-469b-ba4e-5ffc64a23039','ZHANGHB0713','张海波','363,229a96d14871',0,'25F9E794323B453885F5181F1B624D0B','123ea09d-bb8c-41c6-90fa-9000303bc773','','','2016-11-19 13:58:06','2017-12-03 17:56:19',NULL,NULL),('ab047117-b420-4983-a188-003d21f39014','XIEXH7046','谢晓辉_兴海电力','366,229b9b733871',0,'25F9E794323B453885F5181F1B624D0B','123ea09d-bb8c-41c6-90fa-9000303bc773','','','2016-11-19 14:01:26','2017-12-03 17:56:19',NULL,NULL),('ab7197fc-5026-4cb4-93a4-afdee01492fd','ZHAOMS6418','赵明胜_京能检修','365,229c63beb46d',0,'25F9E794323B453885F5181F1B624D0B','123ea09d-bb8c-41c6-90fa-9000303bc773','','','2016-11-19 14:03:01','2017-12-03 17:56:19',NULL,NULL),('aba41cdd-05a9-435a-9392-798eb222699b','ZHANGX6714','张旭','367,229d99462845',0,'25F9E794323B453885F5181F1B624D0B','123ea09d-bb8c-41c6-90fa-9000303bc773','','','2016-11-19 13:58:06','2017-12-03 17:56:19',NULL,NULL),('abc2cb5c-c750-4ce9-93a6-7cbd5c6c8e6a','WANGH2232','王宏_兴海电力','368,229edb3378f9',0,'25F9E794323B453885F5181F1B624D0B','123ea09d-bb8c-41c6-90fa-9000303bc773','','','2016-11-19 14:01:26','2017-12-03 17:56:19',NULL,NULL),('ac0bb722-1c8b-4568-9436-a3bc442f9679','XUEF0012','薛飞_兴海电力','367,229f676002be',0,'25F9E794323B453885F5181F1B624D0B','123ea09d-bb8c-41c6-90fa-9000303bc773','','','2016-11-19 14:01:25','2017-12-03 17:56:19',NULL,NULL),('ac4bd0ee-3d41-4c15-9ebf-a1648f44f3b2','TANZS631X','谭振生',NULL,0,'25F9E794323B453885F5181F1B624D0B','04acc1cf-d838-4b84-95b5-62818876e3b9','','','2016-12-19 09:03:13','2018-01-02 15:18:10',NULL,NULL),('ac4fa8b0-9f47-43be-a8b9-c6b897b05a0e','ZHAOF0032','赵峰','368,22a1a401a16d',0,'25F9E794323B453885F5181F1B624D0B','123ea09d-bb8c-41c6-90fa-9000303bc773','','','2016-11-19 13:58:06','2017-12-03 17:56:19',NULL,NULL),('ac8381ba-d99e-4593-a981-a8442b1bf362','daiyh0638','戴云浩_京能检修','367,22a24429fcb0',0,'25F9E794323B453885F5181F1B624D0B','123ea09d-bb8c-41c6-90fa-9000303bc773','','','2017-05-18 21:49:01','2017-12-03 17:56:19',NULL,NULL),('adc18e7e-2865-48e6-bfb4-3a5dd11faa07','xuxc2714','许祥成','363,22a51ede7c5d',0,'25F9E794323B453885F5181F1B624D0B','123ea09d-bb8c-41c6-90fa-9000303bc773','','','2017-06-07 09:58:58','2017-12-03 17:56:19',NULL,NULL),('ae2004d5-768d-4c6e-a510-ee6761b72597','huangh0036','黄华_湖北金山','367,22a6c4314af6',0,'25F9E794323B453885F5181F1B624D0B','123ea09d-bb8c-41c6-90fa-9000303bc773','','','2016-11-19 14:03:01','2017-12-03 17:56:19',NULL,NULL),('ae442f34-e523-4457-b06a-a4cb63e14e84','WANGLY3243','王丽艳','365,22a76509a6b8',0,'25F9E794323B453885F5181F1B624D0B','123ea09d-bb8c-41c6-90fa-9000303bc773','','','2016-11-19 13:58:05','2017-12-03 17:56:19',NULL,NULL),('ae444d59-5882-4c38-8633-8744cd8010c5','KANGLW7219','亢利伟',NULL,0,'25F9E794323B453885F5181F1B624D0B','04acc1cf-d838-4b84-95b5-62818876e3b9','','','2016-12-19 09:01:43','2018-01-02 15:18:10',NULL,NULL),('ae4b334b-1b08-4ce6-84bb-737577db5586','ZHANGS4518','张锁','363,22aa6be36736',0,'25F9E794323B453885F5181F1B624D0B','123ea09d-bb8c-41c6-90fa-9000303bc773','','','2016-11-19 13:58:07','2017-12-03 17:56:19',NULL,NULL),('ae879366-722f-4273-904d-7d4434519885','WUJP0517','武建平_兴海电力','364,22ab41127a6c',0,'25F9E794323B453885F5181F1B624D0B','123ea09d-bb8c-41c6-90fa-9000303bc773','','','2016-11-19 14:01:27','2017-12-03 17:56:19',NULL,NULL),('aea6401d-efde-406b-b5b2-b20d34b2af6b','SUOFJ5199','索付军','363,22ac193d1e71',0,'25F9E794323B453885F5181F1B624D0B','123ea09d-bb8c-41c6-90fa-9000303bc773','','','2016-11-19 13:58:05','2017-12-03 17:56:19',NULL,NULL),('af6878f2-3e59-43a6-abe5-174a6879482c','LIS2440','李斯','364,22add83f7560',0,'25F9E794323B453885F5181F1B624D0B','123ea09d-bb8c-41c6-90fa-9000303bc773','','','2016-11-19 13:58:05','2017-12-03 17:56:19',NULL,NULL),('af8158d9-a66a-438e-b82f-0412bcc4e7e6','LIUL2512','刘龙_兴海电力','365,22ae602200f7',0,'25F9E794323B453885F5181F1B624D0B','123ea09d-bb8c-41c6-90fa-9000303bc773','','','2016-11-19 14:01:27','2017-12-03 17:56:19',NULL,NULL),('afb445f8-35c2-4668-8161-50ac182751d9','XIANGJ4938','相杰_兴海电力','362,22afc90c9013',0,'25F9E794323B453885F5181F1B624D0B','123ea09d-bb8c-41c6-90fa-9000303bc773','','','2017-06-02 13:54:44','2017-12-03 17:56:19',NULL,NULL),('afcf749f-5e22-11e7-ae78-0242ac110002','liupeng','刘鹏','364,22b032bdc888',0,'25F9E794323B453885F5181F1B624D0B','FA1AEC96A1AC4414A31C9CB53D6F39A5','liupeng@wiz.top','13823157216',NULL,NULL,NULL,NULL),('afd6068f-5e22-11e7-ae78-0242ac110002','zhangweiqun','张伟群','365,22b13ea4a1f0',0,'25F9E794323B453885F5181F1B624D0B','FA1AEC96A1AC4414A31C9CB53D6F39A5','zhangweiqun@wiz.top','18611803089',NULL,NULL,NULL,NULL),('afdb35a3-7971-4555-bf0b-54e6b10a6075','郑雪松','郑雪松',NULL,0,'25F9E794323B453885F5181F1B624D0B','04acc1cf-d838-4b84-95b5-62818876e3b9','','','2015-11-30 10:53:32','2017-12-27 10:47:55',NULL,NULL),('afdc6469-5e22-11e7-ae78-0242ac110002','fanrong','范荣','367,22b3309a9dee',0,'C50E7D40C90357D8108C9A6A664004A8','FA1AEC96A1AC4414A31C9CB53D6F39A5','fanrong@wiz.top','15012710303',NULL,NULL,NULL,NULL),('afe3a462-5e22-11e7-ae78-0242ac110002','lvrongwu','吕荣武','366,22b4d9ffecf5',0,'25F9E794323B453885F5181F1B624D0B','FA1AEC96A1AC4414A31C9CB53D6F39A5','lvrongwu@wiz.top','18682289061',NULL,NULL,NULL,NULL),('afe6229a-27d1-4935-a7d2-7960a6219f3f','CHENGT2139','成涛',NULL,0,'11A81DC1B07420907E9DBCCEE19E5E81','04acc1cf-d838-4b84-95b5-62818876e3b9','','','2015-11-30 10:53:31','2017-12-27 10:47:55',NULL,NULL),('aff15a8e-5e22-11e7-ae78-0242ac110002','wenjinlong','温金龙','368,22b6353c10da',0,'25F9E794323B453885F5181F1B624D0B','FA1AEC96A1AC4414A31C9CB53D6F39A5','wenjinlong@wiz.top','13723449315',NULL,NULL,NULL,NULL),('affcbfb9-5e22-11e7-ae78-0242ac110002','wangzhe','王哲','365,22b70bd3265f',0,'25F9E794323B453885F5181F1B624D0B','FA1AEC96A1AC4414A31C9CB53D6F39A5','wangzhe@wiz.top','15919926837',NULL,NULL,NULL,NULL),('b00599a7-5e22-11e7-ae78-0242ac110002','gaochengyao','高成尧','367,22b8c515759d',0,'25F9E794323B453885F5181F1B624D0B','FA1AEC96A1AC4414A31C9CB53D6F39A5','22093081@qq.com','18988797452',NULL,NULL,NULL,NULL),('b00fc536-5e22-11e7-ae78-0242ac110002','weiyanghuan','韦扬欢','363,22b9dccab68b',0,'25F9E794323B453885F5181F1B624D0B','FA1AEC96A1AC4414A31C9CB53D6F39A5','787154211@qq.com','15818548075',NULL,NULL,NULL,NULL),('b02557bd-5e22-11e7-ae78-0242ac110002','huangyuanyu','黄远余','368,22ba300de50b',0,'25F9E794323B453885F5181F1B624D0B','FA1AEC96A1AC4414A31C9CB53D6F39A5','huangyuanyu@126.com','18033448671',NULL,NULL,NULL,NULL),('b02ca22f-5e22-11e7-ae78-0242ac110002','luorenhu','骆仁虎','365,22bb7de291f3',0,'E10ADC3949BA59ABBE56E057F20F883E','FA1AEC96A1AC4414A31C9CB53D6F39A5','luorenhu@wiz.top','18800039883',NULL,NULL,NULL,NULL),('b046f29a-dc4c-4407-9e63-c1c3b25b975f','marx1717','马瑞祥','364,22bcc1a1e0e7',0,'25F9E794323B453885F5181F1B624D0B','123ea09d-bb8c-41c6-90fa-9000303bc773','','','2017-06-07 09:58:58','2017-12-03 17:56:19',NULL,NULL),('b0498b3d-5e22-11e7-ae78-0242ac110002','lichunxiao','李春校','365,22bd8da22948',0,'25F9E794323B453885F5181F1B624D0B','FA1AEC96A1AC4414A31C9CB53D6F39A5','lichunxiao@wiz.top','13902448765',NULL,NULL,NULL,NULL),('b053b759-5e22-11e7-ae78-0242ac110002','hanshuai','韩帅','364,22beab63b399',0,'25F9E794323B453885F5181F1B624D0B','FA1AEC96A1AC4414A31C9CB53D6F39A5','hs0811@163.com','13530010327',NULL,NULL,NULL,NULL),('b06e67f6-5e22-11e7-ae78-0242ac110002','linfengda','林锋达','362,22bfca1b0902',0,'25F9E794323B453885F5181F1B624D0B','FA1AEC96A1AC4414A31C9CB53D6F39A5','linfengda@wiz.top','13510652111',NULL,NULL,NULL,NULL),('b09ba891-39d8-4351-87aa-ed07e322616b','马程辉','马程辉',NULL,0,'25F9E794323B453885F5181F1B624D0B','04acc1cf-d838-4b84-95b5-62818876e3b9','','','2015-11-30 10:53:32','2017-12-27 10:47:55',NULL,NULL),('b0cc83bf-5e22-11e7-ae78-0242ac110002','caodongming','曹东明','368,22c1ef9f979f',0,'25F9E794323B453885F5181F1B624D0B','FA1AEC96A1AC4414A31C9CB53D6F39A5','916927645@qq.com','15019446731',NULL,NULL,NULL,NULL),('b0d80dcd-5e22-11e7-ae78-0242ac110002','wenweipeng','温伟鹏','365,22c25b050472',0,'25F9E794323B453885F5181F1B624D0B','FA1AEC96A1AC4414A31C9CB53D6F39A5','wenweipeng@wiz.top','18601297506',NULL,NULL,NULL,NULL),('b0e6c537-5e22-11e7-ae78-0242ac110002','suhuijuan','苏惠娟','364,22c3a8b72860',0,'25F9E794323B453885F5181F1B624D0B','FA1AEC96A1AC4414A31C9CB53D6F39A5','903454620@qq.com','15214051995',NULL,NULL,NULL,NULL),('b0ede1b9-5e22-11e7-ae78-0242ac110002','xingbo','邢博','367,22c428cd39ed',0,'25F9E794323B453885F5181F1B624D0B','FA1AEC96A1AC4414A31C9CB53D6F39A5','18818680846@163.com','18818680846',NULL,NULL,NULL,NULL),('b0f4e4fe-5e22-11e7-ae78-0242ac110002','linghuiguo','凌辉国','367,22c57f2ea31f',0,'25F9E794323B453885F5181F1B624D0B','FA1AEC96A1AC4414A31C9CB53D6F39A5','linghuiguo@wiz.top','18824655339',NULL,NULL,NULL,NULL),('b0fc919f-5e22-11e7-ae78-0242ac110002','mawen','马文','367,22c6baae4461',0,'25F9E794323B453885F5181F1B624D0B','FA1AEC96A1AC4414A31C9CB53D6F39A5','','18676676095',NULL,NULL,NULL,NULL),('b106c6ef-5e22-11e7-ae78-0242ac110002','lincuiping','林翠萍','366,22c707fb09f3',0,'25F9E794323B453885F5181F1B624D0B','FA1AEC96A1AC4414A31C9CB53D6F39A5','290932630@qq.com','18588280463',NULL,NULL,NULL,NULL),('b10f0539-5e22-11e7-ae78-0242ac110002','weibifeng','韦碧锋','364,22c8d480c5f0',0,'E10ADC3949BA59ABBE56E057F20F883E','FA1AEC96A1AC4414A31C9CB53D6F39A5','18800118064@163.com','15013460726',NULL,NULL,NULL,NULL),('b118915f-5e22-11e7-ae78-0242ac110002','xujiang','许江','367,22c9d94a3aea',0,'25F9E794323B453885F5181F1B624D0B','FA1AEC96A1AC4414A31C9CB53D6F39A5','john.c.hsu@foxmail.com','13246735155',NULL,NULL,NULL,NULL),('b11f9add-5e22-11e7-ae78-0242ac110002','ouyangjiangping','欧阳江萍','360,44a03a4ad946',0,'25F9E794323B453885F5181F1B624D0B','FA1AEC96A1AC4414A31C9CB53D6F39A5','1373526@qq.com','15263647231',NULL,NULL,NULL,NULL),('b1266d42-5e22-11e7-ae78-0242ac110002','zengchangying','曾昌英','368,22cb3c1a7942',0,'E10ADC3949BA59ABBE56E057F20F883E','FA1AEC96A1AC4414A31C9CB53D6F39A5','1058646866@qq.com','18779951606',NULL,NULL,NULL,NULL),('b12d729c-5e22-11e7-ae78-0242ac110002','zhangjun','张军','368,22cc85abb62e',0,'25F9E794323B453885F5181F1B624D0B','FA1AEC96A1AC4414A31C9CB53D6F39A5','960761671@qq.com','13005462184',NULL,NULL,NULL,NULL),('b13c6dca-5e22-11e7-ae78-0242ac110002','wucailing','吴彩玲','366,22cde5791ddd',0,'25F9E794323B453885F5181F1B624D0B','FA1AEC96A1AC4414A31C9CB53D6F39A5','454248751@qq.com','15976869069',NULL,NULL,NULL,NULL),('b143c1eb-5e22-11e7-ae78-0242ac110002','wanpeng','万鹏','368,22ce632bdff8',0,'25F9E794323B453885F5181F1B624D0B','FA1AEC96A1AC4414A31C9CB53D6F39A5','wp136470@163.com','18589074510',NULL,NULL,NULL,NULL),('b14b0f6a-5e22-11e7-ae78-0242ac110002','zhangyu','张羽','356,44a32806a670',0,'25F9E794323B453885F5181F1B624D0B','FA1AEC96A1AC4414A31C9CB53D6F39A5','zhangyu-laoda@163.com','15507554447',NULL,NULL,NULL,NULL),('b14f9f36-a1b7-47d1-aa5f-26e77cc6224b','FANHG5717','范宏国_兴海电力','365,22d085b51b6a',0,'25F9E794323B453885F5181F1B624D0B','123ea09d-bb8c-41c6-90fa-9000303bc773','','','2016-11-19 14:01:26','2017-12-03 17:56:19',NULL,NULL),('b1592d3a-5e22-11e7-ae78-0242ac110002','wangxing','王杏','357,7d1f171a29fa',0,'E10ADC3949BA59ABBE56E057F20F883E','FA1AEC96A1AC4414A31C9CB53D6F39A5','13823768073@163.com','13823768073',NULL,NULL,NULL,NULL),('b16606b5-6675-47b2-b9bc-3a49ebeaeb23','ZHAOXJ0015','赵小建_兴海电力','364,22d28d43546e',0,'25F9E794323B453885F5181F1B624D0B','123ea09d-bb8c-41c6-90fa-9000303bc773','','','2016-11-19 14:01:27','2017-12-03 17:56:19',NULL,NULL),('b1856ef7-5e22-11e7-ae78-0242ac110002','fujun','付俊','366,22d3af180301',0,'25F9E794323B453885F5181F1B624D0B','FA1AEC96A1AC4414A31C9CB53D6F39A5','1678527132@qq.com','18970500855',NULL,NULL,NULL,NULL),('b19616eb-5e22-11e7-ae78-0242ac110002','zouqiang','邹强','366,22d5eb38edec',0,'E10ADC3949BA59ABBE56E057F20F883E','FA1AEC96A1AC4414A31C9CB53D6F39A5','love2zou@sina.com','13627230137',NULL,NULL,NULL,NULL),('b1a2449e-5e22-11e7-ae78-0242ac110002','liushumin','刘树敏','363,22d6d82957ca',0,'25F9E794323B453885F5181F1B624D0B','FA1AEC96A1AC4414A31C9CB53D6F39A5','1753275212@qq.com','13751366413',NULL,NULL,NULL,NULL),('b1b18c22-5e22-11e7-ae78-0242ac110002','qinyujia','秦宇嘉','365,22d746aea0e5',0,'25F9E794323B453885F5181F1B624D0B','FA1AEC96A1AC4414A31C9CB53D6F39A5','qinyujia@wiz.top','15943019064',NULL,NULL,NULL,NULL),('b1ee8af9-5e22-11e7-ae78-0242ac110002','zhenglefei','郑乐飞','365,22d86b602e7d',0,'25F9E794323B453885F5181F1B624D0B','FA1AEC96A1AC4414A31C9CB53D6F39A5','xyq160640@163.com','18782975418',NULL,NULL,NULL,NULL),('b1f6c9d5-5e22-11e7-ae78-0242ac110002','dengsiqin','邓斯琴','366,22daa1eb829f',0,'25F9E794323B453885F5181F1B624D0B','FA1AEC96A1AC4414A31C9CB53D6F39A5','1440485414@qq.com','13045889231',NULL,NULL,NULL,NULL),('b213aff2-5e22-11e7-ae78-0242ac110002','zhouchunxiu','周春秀','357,7d0d40d14b4d',0,'25F9E794323B453885F5181F1B624D0B','FA1AEC96A1AC4414A31C9CB53D6F39A5','616010955@qq.com','13066822954',NULL,NULL,NULL,NULL),('b228f6a8-5e22-11e7-ae78-0242ac110002','shitao','石涛','366,22dccd32a9ff',0,'25F9E794323B453885F5181F1B624D0B','FA1AEC96A1AC4414A31C9CB53D6F39A5','349216403@qq.com','18736086221',NULL,NULL,NULL,NULL),('b23327f3-5e22-11e7-ae78-0242ac110002','jiangxianyao','姜先耀','365,22ddd27584b4',0,'25F9E794323B453885F5181F1B624D0B','FA1AEC96A1AC4414A31C9CB53D6F39A5','wwner08@163.com','13928410406',NULL,NULL,NULL,NULL),('b235fcb0-ddf5-4ee6-a87c-85e44fd762e1','ZHANGTT2825','张婷婷_兴海电力','366,22de95f88cde',0,'25F9E794323B453885F5181F1B624D0B','123ea09d-bb8c-41c6-90fa-9000303bc773','','','2016-11-19 14:01:25','2017-12-03 17:56:19',NULL,NULL),('b23bca2e-5e22-11e7-ae78-0242ac110002','linxianzhao','林贤钊','367,22df01ee2e8d',0,'E10ADC3949BA59ABBE56E057F20F883E','FA1AEC96A1AC4414A31C9CB53D6F39A5','763863970@qq.com','13411984873',NULL,NULL,NULL,NULL),('b242a797-5e22-11e7-ae78-0242ac110002','tangjiongming','唐炯明','364,22e04b620f6c',0,'25F9E794323B453885F5181F1B624D0B','FA1AEC96A1AC4414A31C9CB53D6F39A5','tjm_1981@163.com','13202284776',NULL,NULL,NULL,NULL),('b2454afe-e6e4-4c11-b7af-a58f07be518c','FANR3111','范荣',NULL,0,'25F9E794323B453885F5181F1B624D0B','04acc1cf-d838-4b84-95b5-62818876e3b9','','','2016-06-21 14:29:07','2017-12-27 10:47:56',NULL,NULL),('b24ae037-5e22-11e7-ae78-0242ac110002','zhusiwei','朱思伟','368,22e2c925a785',0,'25F9E794323B453885F5181F1B624D0B','FA1AEC96A1AC4414A31C9CB53D6F39A5','','18064087191',NULL,NULL,NULL,NULL),('b251ffac-f160-48a9-bffb-fe000e62ab46','nijl4093','倪吉龙_京能检修','365,22e3f3e3a651',0,'25F9E794323B453885F5181F1B624D0B','123ea09d-bb8c-41c6-90fa-9000303bc773','','','2016-11-19 14:05:07','2017-12-03 17:56:19',NULL,NULL),('b2589c13-5e22-11e7-ae78-0242ac110002','wangzhan','王展','363,22e4812d9342',0,'25F9E794323B453885F5181F1B624D0B','FA1AEC96A1AC4414A31C9CB53D6F39A5','wz_hhxy126.com','13005411582',NULL,NULL,NULL,NULL),('b2641da9-5e22-11e7-ae78-0242ac110002','xiongzhijun','熊志军','364,22e586f1e292',0,'25F9E794323B453885F5181F1B624D0B','FA1AEC96A1AC4414A31C9CB53D6F39A5','xzjun92@163.com','15216114838',NULL,NULL,NULL,NULL),('b26e878a-535e-465e-9b72-a7ff905fab14','xiehs2016','谢怀锁_京能检修','367,22e6fe5e7932',0,'C33367701511B4F6020EC61DED352059','123ea09d-bb8c-41c6-90fa-9000303bc773','','','2016-11-19 14:06:00','2017-12-03 17:56:19',NULL,NULL),('b27b6ba8-5e22-11e7-ae78-0242ac110002','lijun','李俊','357,45153446b2e2',0,'25F9E794323B453885F5181F1B624D0B','FA1AEC96A1AC4414A31C9CB53D6F39A5','1370127869@qq.com','18153306703',NULL,NULL,NULL,NULL),('b2aec6ff-5e22-11e7-ae78-0242ac110002','qinhui','秦辉','363,22e8875cb33e',0,'25F9E794323B453885F5181F1B624D0B','FA1AEC96A1AC4414A31C9CB53D6F39A5','13418652880@163.com','13418652880',NULL,NULL,NULL,NULL),('b2bccce9-5e22-11e7-ae78-0242ac110002','ligaogang','李高钢','366,22e9fd47ffd5',0,'25F9E794323B453885F5181F1B624D0B','FA1AEC96A1AC4414A31C9CB53D6F39A5','735450681@qq.com','15623126512',NULL,NULL,NULL,NULL),('b2c6d71c-5e22-11e7-ae78-0242ac110002','wanghongtao','王洪涛','366,22ea754741e5',0,'E10ADC3949BA59ABBE56E057F20F883E','FA1AEC96A1AC4414A31C9CB53D6F39A5','wht6000@163.com','15013551594',NULL,NULL,NULL,NULL),('b2dda1f1-5e22-11e7-ae78-0242ac110002','weidongya','魏东亚','365,22ebde4cde17',0,'25F9E794323B453885F5181F1B624D0B','FA1AEC96A1AC4414A31C9CB53D6F39A5','13683808965@136.com','13683808965',NULL,NULL,NULL,NULL),('b2e832b6-5e22-11e7-ae78-0242ac110002','zhanglitong','张立铜','362,22ecabfa0df2',0,'25F9E794323B453885F5181F1B624D0B','FA1AEC96A1AC4414A31C9CB53D6F39A5','13697826@qq.com','18280314353',NULL,NULL,NULL,NULL),('b2f160a4-e773-4c43-9d11-09bf3598a9b6','BAIXC2012','白秀春','366,22edfa0154e2',0,'25F9E794323B453885F5181F1B624D0B','123ea09d-bb8c-41c6-90fa-9000303bc773','','','2016-11-19 13:58:05','2017-12-03 17:56:20',NULL,NULL),('b2ffc2e0-bbc9-471b-9a96-f0c42e479a85','HUZF2599','胡志飞_京能检修','364,22eecdf1955d',0,'25F9E794323B453885F5181F1B624D0B','123ea09d-bb8c-41c6-90fa-9000303bc773','','','2017-10-26 14:56:13','2017-12-03 17:56:20',NULL,NULL),('b325ae7a-5e22-11e7-ae78-0242ac110002','caolixin','曹立新','359,470a63aced61',0,'25F9E794323B453885F5181F1B624D0B','FA1AEC96A1AC4414A31C9CB53D6F39A5','1340401412@qq.co','13734567895',NULL,NULL,NULL,NULL),('b32d65bc-5e22-11e7-ae78-0242ac110002','linyizhou','林一洲','364,22f0bb35516b',0,'202CB962AC59075B964B07152D234B70','FA1AEC96A1AC4414A31C9CB53D6F39A5','360975497@qq.com','13823267015',NULL,'2017-12-13 01:43:06',NULL,NULL),('b331bc93-5574-4c6f-9ce7-e2d3b29e4a9d','ZHUYP0014','祝艳平','367,22f121640b90',0,'25F9E794323B453885F5181F1B624D0B','123ea09d-bb8c-41c6-90fa-9000303bc773','','','2016-11-19 13:58:05','2017-12-03 17:56:20',NULL,NULL),('b33c468e-5e22-11e7-ae78-0242ac110002','liyaping','李亚平','368,22f277c71597',0,'E10ADC3949BA59ABBE56E057F20F883E','FA1AEC96A1AC4414A31C9CB53D6F39A5','Aral@foxmail.com','18675582025','2017-12-12 02:59:43','2018-07-02 03:46:22',NULL,NULL),('b34051f1-063e-4a22-87b9-e477637d73ed','赵利军','赵利军','',0,'EA983C0D57E04E8D214F63E1228CBF15','04acc1cf-d838-4b84-95b5-62818876e3b9','qq.com','111',NULL,'2017-12-28 03:03:41',NULL,NULL),('b3496611-5e22-11e7-ae78-0242ac110002','xujiuhong','徐九红','368,22f40d571197',0,'25F9E794323B453885F5181F1B624D0B','FA1AEC96A1AC4414A31C9CB53D6F39A5','1160480507@qq.com','15979907763',NULL,NULL,NULL,NULL),('b35d6b92-5e22-11e7-ae78-0242ac110002','panzhixiang','潘志祥','364,22f50207e601',0,'25F9E794323B453885F5181F1B624D0B','FA1AEC96A1AC4414A31C9CB53D6F39A5','panzhixiang@wiz.top','13552492115',NULL,NULL,NULL,NULL),('b367af37-5e22-11e7-ae78-0242ac110002','lizhen','李真','365,22f67b724890',0,'25F9E794323B453885F5181F1B624D0B','FA1AEC96A1AC4414A31C9CB53D6F39A5','lizhen@wiz.top','18680391082',NULL,NULL,NULL,NULL),('b36ecb79-5e22-11e7-ae78-0242ac110002','huangweichen','黄伟臣','363,22f7d2ec86cd',0,'25F9E794323B453885F5181F1B624D0B','FA1AEC96A1AC4414A31C9CB53D6F39A5','huangweichen@wiz.top','15012648635',NULL,NULL,NULL,NULL),('b376d04c-5e22-11e7-ae78-0242ac110002','zhaodong','赵东','368,22f8caed7532',0,'25F9E794323B453885F5181F1B624D0B','FA1AEC96A1AC4414A31C9CB53D6F39A5','zhaodong@wiz.top','13510906474',NULL,NULL,NULL,NULL),('b3830d11-5e22-11e7-ae78-0242ac110002','chenxiaolie','陈晓烈','364,22f9f210ea07',0,'25F9E794323B453885F5181F1B624D0B','FA1AEC96A1AC4414A31C9CB53D6F39A5','chenxiaolie@wiz.top','13590365475',NULL,NULL,NULL,NULL),('b38a5514-5e22-11e7-ae78-0242ac110002','luowenting','罗文婷','366,22fad8ec5e66',0,'25F9E794323B453885F5181F1B624D0B','FA1AEC96A1AC4414A31C9CB53D6F39A5','yiliduoduo@163.com','13632919638',NULL,NULL,NULL,NULL),('b3a1727a-5e22-11e7-ae78-0242ac110002','liaojinbo','廖金波','362,22fc4147c734',0,'25F9E794323B453885F5181F1B624D0B','FA1AEC96A1AC4414A31C9CB53D6F39A5','345893643@qq.com','18924643362',NULL,NULL,NULL,NULL),('b3a83238-5e22-11e7-ae78-0242ac110002','xiehualong','谢华龙','368,22fdc833f291',0,'25F9E794323B453885F5181F1B624D0B','FA1AEC96A1AC4414A31C9CB53D6F39A5','xiehualong@wiz.top','15889661504',NULL,NULL,NULL,NULL),('b3b2d6b5-5b64-45c3-b7b0-0e446800cd60','zhanghm0518','张虎民_京能检修','364,22feacd6ddd8',0,'25F9E794323B453885F5181F1B624D0B','123ea09d-bb8c-41c6-90fa-9000303bc773','','','2016-11-19 14:06:00','2017-12-03 17:56:20',NULL,NULL),('b3b8a02b-5e22-11e7-ae78-0242ac110002','zhaojixiang','赵吉祥','363,22ffc90570b2',0,'25F9E794323B453885F5181F1B624D0B','FA1AEC96A1AC4414A31C9CB53D6F39A5','286677374@qq.com','18665969636',NULL,NULL,NULL,NULL),('b3c3001c-3b1e-46f2-aa78-dea2ddb6b5a6','ANZD1614','安子栋','367,2300311fb03b',0,'25F9E794323B453885F5181F1B624D0B','123ea09d-bb8c-41c6-90fa-9000303bc773','','','2016-11-19 13:58:05','2017-12-03 17:56:20',NULL,NULL),('b3c4d199-5e22-11e7-ae78-0242ac110002','wuzewei','吴泽伟','365,2301f7903a0f',0,'25F9E794323B453885F5181F1B624D0B','FA1AEC96A1AC4414A31C9CB53D6F39A5','wuzewei@wiz.top','18810912692',NULL,NULL,NULL,NULL),('b3c98ae9-ba9f-4c15-b26f-bb0f18920200','WANGG4713','王光_兴海电力','366,2302add098d0',0,'25F9E794323B453885F5181F1B624D0B','123ea09d-bb8c-41c6-90fa-9000303bc773','','','2016-11-19 14:01:25','2017-12-03 17:56:20',NULL,NULL),('b3e91685-5e22-11e7-ae78-0242ac110002','huangxuwei','黄旭伟','365,2303fb9d5814',0,'25F9E794323B453885F5181F1B624D0B','FA1AEC96A1AC4414A31C9CB53D6F39A5','nimssm@126.com','18520854039',NULL,NULL,NULL,NULL),('b3f06765-5e22-11e7-ae78-0242ac110002','huhuan','胡欢','364,23040f4a03d3',0,'25F9E794323B453885F5181F1B624D0B','FA1AEC96A1AC4414A31C9CB53D6F39A5','2965101152@qq.com','13927485487',NULL,NULL,NULL,NULL),('b40280b3-5e22-11e7-ae78-0242ac110002','laiyuanfa','赖远发','362,23053db71062',0,'25F9E794323B453885F5181F1B624D0B','FA1AEC96A1AC4414A31C9CB53D6F39A5','729908042@qq.com','15814636727',NULL,NULL,NULL,NULL),('b427fd58-71b5-4acf-9b1c-b80da9df73c2','YANGXF2276','杨雪峰','364,2306be740a62',0,'25F9E794323B453885F5181F1B624D0B','123ea09d-bb8c-41c6-90fa-9000303bc773','','','2016-11-19 13:58:06','2017-12-03 17:56:20',NULL,NULL),('b42f7e61-5e22-11e7-ae78-0242ac110002','linjiawei','林嘉威','362,2307a7080f06',0,'25F9E794323B453885F5181F1B624D0B','FA1AEC96A1AC4414A31C9CB53D6F39A5','294966986@qq.com','18040513909',NULL,NULL,NULL,NULL),('b432f2aa-6ae5-4497-8edf-d416d7245c5c','LIUWW5096','刘旺旺_兴海电力','366,23082c01a99c',0,'25F9E794323B453885F5181F1B624D0B','123ea09d-bb8c-41c6-90fa-9000303bc773','','','2016-11-19 14:01:26','2017-12-03 17:56:20',NULL,NULL),('b43a2e71-5e22-11e7-ae78-0242ac110002','lijie','李杰','363,230992ef0b9a',0,'25F9E794323B453885F5181F1B624D0B','FA1AEC96A1AC4414A31C9CB53D6F39A5','525889198@qq.com','13670096890',NULL,NULL,NULL,NULL),('b4483520-5e22-11e7-ae78-0242ac110002','chenqihong','陈琪宏','366,230ae4cfcfcc',0,'25F9E794323B453885F5181F1B624D0B','FA1AEC96A1AC4414A31C9CB53D6F39A5','1220801100@qq.com','13267033367',NULL,NULL,NULL,NULL),('b45efdf2-a082-4ee4-889e-72cb9a5e01f4','HEYD001x','何义东_兴海电力','363,230be0f2cc28',0,'25F9E794323B453885F5181F1B624D0B','123ea09d-bb8c-41c6-90fa-9000303bc773','','','2016-11-19 14:01:27','2017-12-03 17:56:20',NULL,NULL),('b46f6ec0-e2e5-4c0d-8365-e48cf481f6fb','WANGGF5213','王桂富','362,230c1d73872a',0,'25F9E794323B453885F5181F1B624D0B','123ea09d-bb8c-41c6-90fa-9000303bc773','','','2016-11-19 13:58:05','2017-12-03 17:56:20',NULL,NULL),('b4862420-5e22-11e7-ae78-0242ac110002','wangyanjun','王彦军','362,230d989651f3',0,'25F9E794323B453885F5181F1B624D0B','FA1AEC96A1AC4414A31C9CB53D6F39A5','yanjun.wang@wiz.top','18612012872',NULL,NULL,NULL,NULL),('b48f0c4e-5e22-11e7-ae78-0242ac110002','zhangzhenyang','张振阳','366,230e3a8e0347',0,'25F9E794323B453885F5181F1B624D0B','FA1AEC96A1AC4414A31C9CB53D6F39A5','zhangzhenyang@wiz.top','15858311879',NULL,NULL,NULL,NULL),('b499f12f-5e22-11e7-ae78-0242ac110002','weiwei','魏巍','364,230fc8c21f39',0,'25F9E794323B453885F5181F1B624D0B','FA1AEC96A1AC4414A31C9CB53D6F39A5','weiwei@wiz.top','13545107350',NULL,NULL,NULL,NULL),('b4ad7cd1-5e22-11e7-ae78-0242ac110002','zhouminghui','周明卉','367,23100585933c',0,'25F9E794323B453885F5181F1B624D0B','FA1AEC96A1AC4414A31C9CB53D6F39A5','2314710110@qq.com','18354230021',NULL,NULL,NULL,NULL),('b4afe060-7fa2-4535-bf73-b7190425674f','YAND131X','闫达_兴海电力','366,231192461924',0,'25F9E794323B453885F5181F1B624D0B','123ea09d-bb8c-41c6-90fa-9000303bc773','','','2016-11-19 14:01:25','2017-12-03 17:56:20',NULL,NULL),('b4bae459-5e22-11e7-ae78-0242ac110002','shishuang','石爽','367,23129eb96e39',0,'25F9E794323B453885F5181F1B624D0B','FA1AEC96A1AC4414A31C9CB53D6F39A5','435017525@qq.com','13431862416',NULL,NULL,NULL,NULL),('b4c3ce7d-5e22-11e7-ae78-0242ac110002','liuchenchen','刘晨晨','362,231381c89541',0,'25F9E794323B453885F5181F1B624D0B','FA1AEC96A1AC4414A31C9CB53D6F39A5','iamliucc@126.com','18665910516',NULL,NULL,NULL,NULL),('b4cb1710-5e22-11e7-ae78-0242ac110002','hexiaotao','何晓涛','362,2314fa2e5168',0,'25F9E794323B453885F5181F1B624D0B','FA1AEC96A1AC4414A31C9CB53D6F39A5','hexiaotao@wiz.top','18612012871',NULL,NULL,NULL,NULL),('b4d303b1-5e22-11e7-ae78-0242ac110002','yejianhui','叶剑挥','367,231530162ac7',0,'25F9E794323B453885F5181F1B624D0B','FA1AEC96A1AC4414A31C9CB53D6F39A5','252266273@qq.com','18038052028',NULL,NULL,NULL,NULL),('b4f54505-5e22-11e7-ae78-0242ac110002','lixing','李星','366,23162f19039f',0,'25F9E794323B453885F5181F1B624D0B','FA1AEC96A1AC4414A31C9CB53D6F39A5','846813201@qq.com','15570166001',NULL,NULL,NULL,NULL),('b4f5ffd3-e526-4ee1-83bf-3bd8e2508dd9','LIHY111X','李宏雨_兴海电力','362,231701b069ae',0,'25F9E794323B453885F5181F1B624D0B','123ea09d-bb8c-41c6-90fa-9000303bc773','','','2016-11-19 14:01:26','2017-12-03 17:56:20',NULL,NULL),('b5033742-5e22-11e7-ae78-0242ac110002','zhangkaiheng','张凯恒','363,231892d1fe04',0,'25F9E794323B453885F5181F1B624D0B','FA1AEC96A1AC4414A31C9CB53D6F39A5','1039591677@qq.com','18641650106',NULL,NULL,NULL,NULL),('b50cc739-5e22-11e7-ae78-0242ac110002','xiongqiaoyu','熊巧玉','367,2319ff6a0118',0,'25F9E794323B453885F5181F1B624D0B','FA1AEC96A1AC4414A31C9CB53D6F39A5','670093653@qq.com','18679016001',NULL,NULL,NULL,NULL),('b5137cff-5e22-11e7-ae78-0242ac110002','wuyongqing','吴永青','363,231a49d3e83e',0,'25F9E794323B453885F5181F1B624D0B','FA1AEC96A1AC4414A31C9CB53D6F39A5','wuqu3166@163.com','13162601806',NULL,NULL,NULL,NULL),('b51a7d10-5e22-11e7-ae78-0242ac110002','zhangzhencong','张振聪','361,7c276566f0d9',0,'25F9E794323B453885F5181F1B624D0B','FA1AEC96A1AC4414A31C9CB53D6F39A5','283256383@qq.com','18971363745',NULL,NULL,NULL,NULL),('b5219088-5e22-11e7-ae78-0242ac110002','liguangqun','李广群','366,231c20503ccf',0,'25F9E794323B453885F5181F1B624D0B','FA1AEC96A1AC4414A31C9CB53D6F39A5','1527889044@qq.com','17702728865',NULL,NULL,NULL,NULL),('b52b98f8-5e22-11e7-ae78-0242ac110002','dongsiqi','杜思奇','368,231d3fa8bc00',0,'25F9E794323B453885F5181F1B624D0B','FA1AEC96A1AC4414A31C9CB53D6F39A5','18171191287@163.com','18171191287',NULL,NULL,NULL,NULL),('b532ecc9-5e22-11e7-ae78-0242ac110002','qiufeng','邱枫','363,231e4ba1e9ef',0,'25F9E794323B453885F5181F1B624D0B','FA1AEC96A1AC4414A31C9CB53D6F39A5','764714970@qq.com','13809038663',NULL,NULL,NULL,NULL),('b53eea23-5e22-11e7-ae78-0242ac110002','yuyong','余泳','365,231f0df68a19',0,'25F9E794323B453885F5181F1B624D0B','FA1AEC96A1AC4414A31C9CB53D6F39A5','15623840735@163.com','15623840735',NULL,NULL,NULL,NULL),('b548c37c-5e22-11e7-ae78-0242ac110002','yaofangxin','姚方信','364,23203ceeb66c',0,'25F9E794323B453885F5181F1B624D0B','FA1AEC96A1AC4414A31C9CB53D6F39A5','yaofangxin@wiz.top','18906733117',NULL,NULL,NULL,NULL),('b552c8c2-5e22-11e7-ae78-0242ac110002','chiweihao','池伟豪','368,2321b411bdd4',0,'25F9E794323B453885F5181F1B624D0B','FA1AEC96A1AC4414A31C9CB53D6F39A5','516799023@qq.com','13545432074',NULL,NULL,NULL,NULL),('b5605cb1-5e22-11e7-ae78-0242ac110002','taozhenzhen','陶珍珍','366,2322b3b72ed6',0,'25F9E794323B453885F5181F1B624D0B','FA1AEC96A1AC4414A31C9CB53D6F39A5','1178129434@qq.com','13530452915',NULL,NULL,NULL,NULL),('b56c7cb4-5e22-11e7-ae78-0242ac110002','lijian','李健','367,2323a85607f9',0,'25F9E794323B453885F5181F1B624D0B','FA1AEC96A1AC4414A31C9CB53D6F39A5','1141805219@qq.com','15271855604',NULL,NULL,NULL,NULL),('b5838dca-5e22-11e7-ae78-0242ac110002','gongmeng','龚萌','366,2324e801cf89',0,'25F9E794323B453885F5181F1B624D0B','FA1AEC96A1AC4414A31C9CB53D6F39A5','1354894474@qq.com','17702732351',NULL,NULL,NULL,NULL),('b58d1112-5e22-11e7-ae78-0242ac110002','yinbaojian','尹宝剑','368,23252bd0019e',0,'25F9E794323B453885F5181F1B624D0B','FA1AEC96A1AC4414A31C9CB53D6F39A5','1197873857@qq.com','15172685593',NULL,NULL,NULL,NULL),('b58ef248-da64-4a33-8636-46285cf78a63','WANGM393X','王淼','367,23269a2aaf00',0,'25F9E794323B453885F5181F1B624D0B','123ea09d-bb8c-41c6-90fa-9000303bc773','','','2016-11-19 13:58:05','2017-12-03 17:56:20',NULL,NULL),('b5a2afa0-5e22-11e7-ae78-0242ac110002','zhudan','朱丹','368,2327ed58496d',0,'25F9E794323B453885F5181F1B624D0B','FA1AEC96A1AC4414A31C9CB53D6F39A5','740535109@qq.com','15172334002',NULL,NULL,NULL,NULL),('b5b142b4-5e22-11e7-ae78-0242ac110002','wangchengqing','王成清','365,2328281770d6',0,'25F9E794323B453885F5181F1B624D0B','FA1AEC96A1AC4414A31C9CB53D6F39A5','wcq181@outlook.com','18120586861',NULL,NULL,NULL,NULL),('b5b9a0a1-29b9-40f5-b757-019f6cbb19e7','QIOUZHW0932','邱志伟_兴海电力','364,232943ccc80f',0,'25F9E794323B453885F5181F1B624D0B','123ea09d-bb8c-41c6-90fa-9000303bc773','','','2016-11-19 14:01:26','2017-12-03 17:56:20',NULL,NULL),('b5bb1fa8-5e22-11e7-ae78-0242ac110002','anwen','安文','365,232a8e0b74c9',0,'25F9E794323B453885F5181F1B624D0B','FA1AEC96A1AC4414A31C9CB53D6F39A5','1205633304@qq.com','18120586909',NULL,NULL,NULL,NULL),('b5c3f880-5e22-11e7-ae78-0242ac110002','zhouzhiying','周志颖','363,232b736c3567',0,'25F9E794323B453885F5181F1B624D0B','FA1AEC96A1AC4414A31C9CB53D6F39A5','1091062388@qq.com','15027069724',NULL,NULL,NULL,NULL),('b5caacdf-5e22-11e7-ae78-0242ac110002','chenyujuan','陈玉娟','364,232c1575a650',0,'25F9E794323B453885F5181F1B624D0B','FA1AEC96A1AC4414A31C9CB53D6F39A5','1137020773@qq.com','13848431026',NULL,NULL,NULL,NULL),('b5d192f9-5e22-11e7-ae78-0242ac110002','wangchaosheng','王朝盛','368,232dfc5a3212',0,'25F9E794323B453885F5181F1B624D0B','FA1AEC96A1AC4414A31C9CB53D6F39A5','2690168990@qq.com','17688831425',NULL,NULL,NULL,NULL),('b5e29ff3-5e22-11e7-ae78-0242ac110002','panyaqin','潘雅琴','366,232e95663413',0,'25F9E794323B453885F5181F1B624D0B','FA1AEC96A1AC4414A31C9CB53D6F39A5','','',NULL,NULL,NULL,NULL),('b5f14353-5e22-11e7-ae78-0242ac110002','qinchuan','秦川','364,232ff34e5c1f',0,'25F9E794323B453885F5181F1B624D0B','FA1AEC96A1AC4414A31C9CB53D6F39A5','qinchuan3628@sina.com','13797064427',NULL,NULL,NULL,NULL),('b5fb6aa9-5e22-11e7-ae78-0242ac110002','wenyang','文阳','358,7c2e91571fc2',0,'25F9E794323B453885F5181F1B624D0B','FA1AEC96A1AC4414A31C9CB53D6F39A5','1005499582@qq.com','13545432074',NULL,NULL,NULL,NULL),('b60768dd-5e22-11e7-ae78-0242ac110002','sunchangliang','孙长靓','364,2331c90d1b1e',0,'25F9E794323B453885F5181F1B624D0B','FA1AEC96A1AC4414A31C9CB53D6F39A5','sunchangliang@wiz.top','18938888361',NULL,NULL,NULL,NULL),('b6117fe5-5e22-11e7-ae78-0242ac110002','chenweiwei','陈微微','368,233222cd1fbc',0,'25F9E794323B453885F5181F1B624D0B','FA1AEC96A1AC4414A31C9CB53D6F39A5','chenweiwei@wiz.top','13411863846',NULL,NULL,NULL,NULL),('b61674b6-8fa3-4f25-bbec-205ab11e506f','FUQL4718','付秋利','',0,'25F9E794323B453885F5181F1B624D0B','04acc1cf-d838-4b84-95b5-62818876e3b9','','','2018-07-19 10:32:49','2018-07-19 10:32:49',NULL,NULL),('b61881f5-5e22-11e7-ae78-0242ac110002','huangzewei','黄泽伟','364,23335ab81c80',0,'25F9E794323B453885F5181F1B624D0B','FA1AEC96A1AC4414A31C9CB53D6F39A5','huangzewei@wiz.top','17727838802',NULL,NULL,NULL,NULL),('b620c75e-5e22-11e7-ae78-0242ac110002','zhangyushu','张玉姝','364,23349e84a21f',0,'25F9E794323B453885F5181F1B624D0B','FA1AEC96A1AC4414A31C9CB53D6F39A5','zhangyushu@wiz.top','18627179773',NULL,NULL,NULL,NULL),('b62782b7-5e22-11e7-ae78-0242ac110002','liusuhua','刘素华','363,23368aa62b04',0,'25F9E794323B453885F5181F1B624D0B','FA1AEC96A1AC4414A31C9CB53D6F39A5','liushuhua@wiz.top','13510970823',NULL,NULL,NULL,NULL),('b62fc198-5e22-11e7-ae78-0242ac110002','zhongweiyan','仲维燕','368,233779d2db17',0,'25F9E794323B453885F5181F1B624D0B','FA1AEC96A1AC4414A31C9CB53D6F39A5','zhongweiyan@wiz.top','15889397593',NULL,NULL,NULL,NULL),('b636d96f-fb22-4944-af62-b4b3d17b9a22','WUHJ4990','吴海江_京能检修','365,2338591adbcf',0,'25F9E794323B453885F5181F1B624D0B','123ea09d-bb8c-41c6-90fa-9000303bc773','','','2016-11-19 14:03:01','2017-12-03 17:56:20',NULL,NULL),('b6395aba-70cf-41e6-9b39-2a2296f68152','peiah4716','裴爱海_京能检修','366,2339302a1fc5',0,'25F9E794323B453885F5181F1B624D0B','123ea09d-bb8c-41c6-90fa-9000303bc773','','','2017-05-18 21:49:01','2017-12-03 17:56:20',NULL,NULL),('b640bc26-84d6-4ecd-8b50-c0146b6e9626','LIUJT0016','刘静涛',NULL,0,'25F9E794323B453885F5181F1B624D0B','04acc1cf-d838-4b84-95b5-62818876e3b9','liujingtao@gaoantunpower.com','','2015-11-30 10:53:30','2017-12-27 10:47:56',NULL,NULL),('b64158f0-5e22-11e7-ae78-0242ac110002','taoshuangshuang','陶双双','363,233b827c14de',0,'25F9E794323B453885F5181F1B624D0B','FA1AEC96A1AC4414A31C9CB53D6F39A5','1927519909@qq.com','13751014692',NULL,NULL,NULL,NULL),('b6550757-5e22-11e7-ae78-0242ac110002','sunyu','孙育','367,233c5111f148',0,'25F9E794323B453885F5181F1B624D0B','FA1AEC96A1AC4414A31C9CB53D6F39A5','sunyu@wiz.top','13802221929',NULL,NULL,NULL,NULL),('b65c03a7-5e22-11e7-ae78-0242ac110002','zengshiqi','曾仕琦','368,233d752f1e08',0,'25F9E794323B453885F5181F1B624D0B','FA1AEC96A1AC4414A31C9CB53D6F39A5','745323614@qq.com','18688172757',NULL,NULL,NULL,NULL),('b6635faa-5e22-11e7-ae78-0242ac110002','yangqi','杨旗','368,233e9ed8cad6',0,'25F9E794323B453885F5181F1B624D0B','FA1AEC96A1AC4414A31C9CB53D6F39A5','yangqi@wiz.top','13788975969',NULL,NULL,NULL,NULL),('b6734822-7d79-4c93-86ca-b81c404cc9ac','SHIYJ1729','石媛娇_兴海电力','364,233f5ea99ca9',0,'25F9E794323B453885F5181F1B624D0B','123ea09d-bb8c-41c6-90fa-9000303bc773','','','2016-11-19 14:01:26','2017-12-03 17:56:20',NULL,NULL),('b68bdf01-1fde-4f04-a252-635d5ecf36ea','hyrli3','hyrli3','',0,'25F9E794323B453885F5181F1B624D0B','427e3f5a-2a5a-4343-9df5-b9ee23dc9544','122@qq.com','111','2018-03-30 03:25:30','2018-03-30 03:25:30',NULL,NULL),('b6a23e8e-0192-4bc6-bed7-74eeab5eff01','ZHAOYD0013','赵耀东_内蒙峰业','364,23406fd2eec6',0,'25F9E794323B453885F5181F1B624D0B','123ea09d-bb8c-41c6-90fa-9000303bc773','','','2017-06-02 13:54:44','2017-12-03 17:56:20',NULL,NULL),('b6f3f546-cf52-4e33-9a9a-c3e165457a70','LIUSQ2012','刘尚前','364,23419e691c26',0,'25F9E794323B453885F5181F1B624D0B','123ea09d-bb8c-41c6-90fa-9000303bc773','','','2016-11-19 13:58:06','2017-12-03 17:56:20',NULL,NULL),('b6f99ea5-ea90-4606-82a3-59e2188dcf7a','CAOJF2036','曹建峰','364,2342f8fa2cdb',0,'25F9E794323B453885F5181F1B624D0B','123ea09d-bb8c-41c6-90fa-9000303bc773','','','2016-11-19 13:58:05','2017-12-03 17:56:20',NULL,NULL),('b6fce17e-28fb-40cf-bd8f-75fe7a71b4c5','ZOUYJ4217','邹宜军',NULL,0,'4E7C2F758E6B7D7B812E03F221886D3B','04acc1cf-d838-4b84-95b5-62818876e3b9','zouyijun@gaoantunpower.com','','2015-11-30 10:53:28','2017-12-27 10:47:56',NULL,NULL),('b78e3425-c842-412e-a109-738a01f1970d','DAISY7522','戴松云_兴海电力','362,2346367ee9cb',0,'25F9E794323B453885F5181F1B624D0B','123ea09d-bb8c-41c6-90fa-9000303bc773','','','2016-11-19 14:01:26','2017-12-03 17:56:20',NULL,NULL),('b7d90c6e-b9f3-497a-bb98-ed8d42bf9d4a','WANGB0814','王斌',NULL,0,'E10ADC3949BA59ABBE56E057F20F883E','04acc1cf-d838-4b84-95b5-62818876e3b9','wangbin@gaoantunpower.com','','2015-11-30 10:53:28','2017-12-27 10:47:56',NULL,NULL),('b828c1a7-0655-4d2f-b101-fdf09f296149','邢颖','邢颖',NULL,0,'25F9E794323B453885F5181F1B624D0B','04acc1cf-d838-4b84-95b5-62818876e3b9','','','2015-11-30 10:53:33','2017-12-27 10:47:56',NULL,NULL),('b82b0192-c4fd-4149-8424-22b00a05ea43','ZHAOGW0018','赵国文_兴海电力','363,2349ab818114',0,'25F9E794323B453885F5181F1B624D0B','123ea09d-bb8c-41c6-90fa-9000303bc773','','','2017-06-02 13:54:44','2017-12-03 17:56:20',NULL,NULL),('b887e912-a8dc-499d-9ce6-7f92a8c2a314','PANG2116','潘庚','363,234b689780d1',0,'25F9E794323B453885F5181F1B624D0B','123ea09d-bb8c-41c6-90fa-9000303bc773','','','2016-11-19 13:58:06','2017-12-03 17:56:20',NULL,NULL),('b8bfaa11-ace9-4c2c-8070-876d11f09691','dongec2615','董恩村_湖北金山','364,234c535d8ebe',0,'25F9E794323B453885F5181F1B624D0B','123ea09d-bb8c-41c6-90fa-9000303bc773','','','2016-11-19 14:03:01','2017-12-03 17:56:20',NULL,NULL),('b927fd73-011f-4055-89cf-013bd5e0d9d5','ZHANGGX0058','张国鑫_兴海电力','365,234ed186b407',0,'25F9E794323B453885F5181F1B624D0B','123ea09d-bb8c-41c6-90fa-9000303bc773','','','2016-11-19 14:01:26','2017-12-03 17:56:20',NULL,NULL),('b93d96db-1af0-4ac8-b705-9dd00e766c43','XINGJW6016','邢景伟','368,234f64020237',0,'25F9E794323B453885F5181F1B624D0B','123ea09d-bb8c-41c6-90fa-9000303bc773','','','2016-11-19 13:58:06','2017-12-03 17:56:21',NULL,NULL),('b9a02b23-2cce-4ca8-92f2-2e157f3bca73','ZHAOJ0859','赵健','368,2350f26bdddc',0,'25F9E794323B453885F5181F1B624D0B','123ea09d-bb8c-41c6-90fa-9000303bc773','','','2016-11-19 13:58:06','2017-12-03 17:56:21',NULL,NULL),('b9eed4f7-edfe-41ac-b908-cbaca7ee9c8e','RONGWJ1570','戎文杰','367,23513debd3bb',0,'25F9E794323B453885F5181F1B624D0B','123ea09d-bb8c-41c6-90fa-9000303bc773','','','2016-11-19 13:58:07','2017-12-03 17:56:21',NULL,NULL),('ba04f697-1516-4680-973b-c3090ae0468e','TIANL001X','田亮_兴海电力','364,23526c1f2614',0,'25F9E794323B453885F5181F1B624D0B','123ea09d-bb8c-41c6-90fa-9000303bc773','','','2016-11-19 14:01:26','2017-12-03 17:56:21',NULL,NULL),('ba140dff-a413-4ac8-aaa3-9f138629d255','HANGQ4412','韩国强_兴海电力','363,2353a9b5f16c',0,'25F9E794323B453885F5181F1B624D0B','123ea09d-bb8c-41c6-90fa-9000303bc773','','','2016-11-19 14:01:25','2017-12-03 17:56:21',NULL,NULL),('ba28450d-efcf-4752-a9df-0f7553af6d45','zhaomj0519','赵美俊_内蒙峰业','363,2354d57e6c35',0,'25F9E794323B453885F5181F1B624D0B','123ea09d-bb8c-41c6-90fa-9000303bc773','','','2017-05-27 07:23:34','2017-12-03 17:56:21',NULL,NULL),('ba37a6cd-b18b-47e5-a542-5b21476aa829','ZHANGXF1099','张晓飞_内蒙峰业','368,23550e901dc1',0,'25F9E794323B453885F5181F1B624D0B','123ea09d-bb8c-41c6-90fa-9000303bc773','','','2016-11-19 14:01:25','2017-12-03 17:56:21',NULL,NULL),('ba39ba59-b174-49b7-ae1d-2d5854641b36','XIAOY1817','肖宇','365,23562f622bc3',0,'25F9E794323B453885F5181F1B624D0B','123ea09d-bb8c-41c6-90fa-9000303bc773','','','2016-11-19 13:58:05','2017-12-03 17:56:21',NULL,NULL),('ba8007e9-3c84-4bb1-b3f4-b7199c5d43b5','DUMH0524','杜梦华_兴海电力','364,235728be4c22',0,'25F9E794323B453885F5181F1B624D0B','123ea09d-bb8c-41c6-90fa-9000303bc773','','','2016-11-19 14:01:25','2017-12-03 17:56:21',NULL,NULL),('bade0f05-3838-4076-a2f5-cdc330c520c7','QINW2114','秦伟','367,235817578ae4',0,'25F9E794323B453885F5181F1B624D0B','123ea09d-bb8c-41c6-90fa-9000303bc773','','','2016-11-19 13:58:06','2017-12-03 17:56:21',NULL,NULL),('bb3df9bf-3eb3-41c0-a517-ef908832da13','ZHANGH2782','张宏',NULL,0,'25F9E794323B453885F5181F1B624D0B','04acc1cf-d838-4b84-95b5-62818876e3b9','zhanghong@gaoantunpower.com','','2015-11-30 10:53:27','2017-12-27 10:47:56',NULL,NULL),('bb9546fb-1066-4156-af5b-4cc8d19b58cc','SHANGJY2214','尚建勇',NULL,0,'25F9E794323B453885F5181F1B624D0B','04acc1cf-d838-4b84-95b5-62818876e3b9','','','2015-11-30 10:53:34','2017-12-27 10:47:56',NULL,NULL),('bba5b120-c803-4f19-9f16-2693a9aa9e68','JIANGXM0033','江小明','364,235d5ad147f1',0,'25F9E794323B453885F5181F1B624D0B','123ea09d-bb8c-41c6-90fa-9000303bc773','','','2016-11-19 13:58:06','2017-12-03 17:56:21',NULL,NULL),('bbd8a07a-9154-4224-b7d7-c951bf29fd23','hyrli1','hyrli1','',0,'25F9E794323B453885F5181F1B624D0B','427e3f5a-2a5a-4343-9df5-b9ee23dc9544','122@qq.com','123131','2018-03-30 03:15:13','2018-03-30 03:15:13',NULL,NULL),('bbdd85bf-81bb-4a7c-82a1-a4c860cfb285','SHUM4610','舒猛',NULL,0,'25F9E794323B453885F5181F1B624D0B','04acc1cf-d838-4b84-95b5-62818876e3b9','','','2017-03-15 16:43:25','2017-12-27 10:47:56',NULL,NULL),('bbe9c160-eb0b-4066-bfb5-71cd6a037488','WEIHJ3856','魏海姣','364,235f889b40e9',0,'25F9E794323B453885F5181F1B624D0B','123ea09d-bb8c-41c6-90fa-9000303bc773','','','2016-11-19 13:58:05','2017-12-03 17:56:21',NULL,NULL),('bcfb6f43-a72d-417d-ac8e-1f1bf1aeae5a','XUHL2115','徐怀亮_兴海电力','367,236113ea6767',0,'25F9E794323B453885F5181F1B624D0B','123ea09d-bb8c-41c6-90fa-9000303bc773','','','2016-11-19 14:01:26','2017-12-03 17:56:21',NULL,NULL),('bd6ab7bf-788c-4674-b68d-c0bfec7c54e0','SUNZJ0311','孙志坚','365,23628e6d7dac',0,'25F9E794323B453885F5181F1B624D0B','123ea09d-bb8c-41c6-90fa-9000303bc773','','','2016-11-19 13:58:07','2017-12-03 17:56:21',NULL,NULL),('bda3f4a0-1e3d-4b38-a2cb-c559b31bbc31','RENJW1212','任继武','366,23638b5a4476',0,'25F9E794323B453885F5181F1B624D0B','123ea09d-bb8c-41c6-90fa-9000303bc773','','','2016-11-19 13:58:06','2017-12-03 17:56:21',NULL,NULL),('be255e1b-89a2-47a4-8217-2fa747fb7ed0','RENZL4123','任正立',NULL,0,'25F9E794323B453885F5181F1B624D0B','04acc1cf-d838-4b84-95b5-62818876e3b9','renzhengli@gaoantunpower.com','','2015-11-30 10:53:28','2017-12-27 10:47:56',NULL,NULL),('be6ad7d0-a983-4d09-9e01-a5ead3252c32','wangxj0832','王兴杰_京能检修','366,23661c08ed7b',0,'25F9E794323B453885F5181F1B624D0B','123ea09d-bb8c-41c6-90fa-9000303bc773','','','2016-11-19 14:06:00','2017-12-03 17:56:21',NULL,NULL),('be9ef56c-3412-4809-a452-8330f4ee675b','ZHANGMJF4518','张锦峰','363,2367dded2be3',0,'25F9E794323B453885F5181F1B624D0B','123ea09d-bb8c-41c6-90fa-9000303bc773','','','2017-06-07 10:34:42','2017-12-03 17:56:21',NULL,NULL),('bea0e35c-492d-4610-b419-9e28a8b0f2e2','ZHAOHD0013','赵海东_兴海电力','365,2368e880bfea',0,'25F9E794323B453885F5181F1B624D0B','123ea09d-bb8c-41c6-90fa-9000303bc773','','','2016-11-19 14:01:26','2017-12-03 17:56:21',NULL,NULL),('bebce2bc-6270-4857-a192-f5b87d59fe26','ZHAOHY0050','赵浩宇',NULL,0,'25F9E794323B453885F5181F1B624D0B','04acc1cf-d838-4b84-95b5-62818876e3b9','','','2017-12-12 00:00:26','2017-12-27 10:47:56',NULL,NULL),('bef89a5a-a3c3-458d-9827-8a4d5f4e8683','WENWG4014','温文光','365,236a8fbecb10',0,'25F9E794323B453885F5181F1B624D0B','123ea09d-bb8c-41c6-90fa-9000303bc773','','','2016-11-19 13:58:05','2017-12-03 17:56:21',NULL,NULL),('bf24d024-7462-4b66-96bd-b87a4edc0f41','kangzhh063X','康振华','368,236ba06c72da',0,'25F9E794323B453885F5181F1B624D0B','123ea09d-bb8c-41c6-90fa-9000303bc773','','','2017-06-07 10:34:42','2017-12-03 17:56:21',NULL,NULL),('bfa66239-c079-4810-ab20-4a5286531f8e','WANGXZ3016','王晓珍_京能检修','366,236cffedf742',0,'25F9E794323B453885F5181F1B624D0B','123ea09d-bb8c-41c6-90fa-9000303bc773','','','2016-11-19 14:03:01','2017-12-03 17:56:21',NULL,NULL),('c06e14e5-e1c8-4d2a-a975-3ea97c65e80a','wangl3211','王龙_京能检修','362,236d119e3674',0,'25F9E794323B453885F5181F1B624D0B','123ea09d-bb8c-41c6-90fa-9000303bc773','','','2016-11-19 14:07:27','2017-12-03 17:56:21',NULL,NULL),('c0c01975-5a8e-4d30-8f25-dce6e06ad0ea','LIUXD1729','刘晓东_兴海电力','368,236e7a5497e4',0,'25F9E794323B453885F5181F1B624D0B','123ea09d-bb8c-41c6-90fa-9000303bc773','','','2016-11-19 14:01:26','2017-12-03 17:56:21',NULL,NULL),('c1201360-cfa4-4642-a735-00d8be40212d','JIAW2421','贾文_兴海电力','366,236f688b3895',0,'25F9E794323B453885F5181F1B624D0B','123ea09d-bb8c-41c6-90fa-9000303bc773','','','2016-11-19 14:01:26','2017-12-03 17:56:21',NULL,NULL),('c1431b37-c8ab-483b-99c2-06c632023e26','LENGYZ1211','冷玉柱','365,2370bcedb1d4',0,'25F9E794323B453885F5181F1B624D0B','123ea09d-bb8c-41c6-90fa-9000303bc773','','','2016-11-19 13:58:06','2017-12-03 17:56:21',NULL,NULL),('c179fe07-a362-46cc-9ce6-2c4cc2463c7b','SUNJW0318','孙俊伟_兴海电力','367,23714e52ee73',0,'25F9E794323B453885F5181F1B624D0B','123ea09d-bb8c-41c6-90fa-9000303bc773','','','2016-11-19 14:01:25','2017-12-03 17:56:21',NULL,NULL),('c1aba62b-9c2b-4e70-9549-2dc19063094d','YANGGC1512','杨贵春','365,237212f5fa52',0,'25F9E794323B453885F5181F1B624D0B','123ea09d-bb8c-41c6-90fa-9000303bc773','','','2016-11-19 13:58:07','2017-12-03 17:56:21',NULL,NULL),('c1b64dc4-cd3f-4d76-ae95-29b48a55ac24','LINL4473','林磊',NULL,0,'5A67C89D9BEB6E1D59A8FFC53891860B','04acc1cf-d838-4b84-95b5-62818876e3b9','linlei@gaoantunpower.com','','2015-11-30 10:53:29','2017-12-27 10:47:56',NULL,NULL),('c1cf3df3-329e-4cfb-8927-760a8a1d6d92','XUP1232','胥鹏','367,23743df51db9',0,'25F9E794323B453885F5181F1B624D0B','123ea09d-bb8c-41c6-90fa-9000303bc773','','','2016-11-19 13:58:07','2017-12-03 17:56:22',NULL,NULL),('c1d24761-e240-4495-8245-f56dfca15064','WANGJZ1313','王金朝_兴海电力','368,23754895a515',0,'25F9E794323B453885F5181F1B624D0B','123ea09d-bb8c-41c6-90fa-9000303bc773','','','2016-11-19 14:01:25','2017-12-03 17:56:22',NULL,NULL),('c2682f15-b8fb-42fe-8d23-a8f0b51a7193','wangzy0030','王占营_湖北金山','367,23771917728b',0,'25F9E794323B453885F5181F1B624D0B','123ea09d-bb8c-41c6-90fa-9000303bc773','','','2016-11-19 14:03:01','2017-12-03 17:56:22',NULL,NULL),('c276e803-9b55-4b5c-9ec2-5d7cd3e9b445','qiaowx6519','乔旺祥_京能检修','365,2378c306a8c8',0,'25F9E794323B453885F5181F1B624D0B','123ea09d-bb8c-41c6-90fa-9000303bc773','','','2017-05-18 21:49:01','2017-12-03 17:56:22',NULL,NULL),('c319cbaa-83e5-4322-8609-3684cf557b53','wanglt2016','王利挺_兴海电力','362,2379115f611f',0,'25F9E794323B453885F5181F1B624D0B','123ea09d-bb8c-41c6-90fa-9000303bc773','','','2017-11-08 11:35:41','2017-12-03 17:56:22',NULL,NULL),('c367d4ab-8ffe-48a7-a410-cb0d6c0d3f3f','YANYP3138','闫永平_兴海电力','362,237a32dceb79',0,'25F9E794323B453885F5181F1B624D0B','123ea09d-bb8c-41c6-90fa-9000303bc773','','','2016-11-19 14:01:27','2017-12-03 17:56:22',NULL,NULL),('c40b7280-4206-4ad6-87a2-a4346755a9e2','ZHAOYS7495','赵永生','363,237b0cbaefc9',0,'25F9E794323B453885F5181F1B624D0B','123ea09d-bb8c-41c6-90fa-9000303bc773','','','2016-11-19 13:58:07','2017-12-03 17:56:22',NULL,NULL),('c41c7e5d-3982-4f2b-a356-794ea878743a','haoy0013','郝宇_京能检修','363,237c64974611',0,'25F9E794323B453885F5181F1B624D0B','123ea09d-bb8c-41c6-90fa-9000303bc773','','','2016-11-19 14:03:01','2017-12-03 17:56:22',NULL,NULL),('c41c9597-7e82-45fd-afe7-685639f85a95','LIUY6816','刘益','362,237d7a5c358a',0,'25F9E794323B453885F5181F1B624D0B','123ea09d-bb8c-41c6-90fa-9000303bc773','','','2016-11-19 13:58:05','2017-12-03 17:56:22',NULL,NULL),('c4677034-ef2a-4837-b1de-ea5eb5f3573a','WANGZH0037','王振华','364,237e12e8a915',0,'25F9E794323B453885F5181F1B624D0B','123ea09d-bb8c-41c6-90fa-9000303bc773','','','2016-11-19 13:58:05','2017-12-03 17:56:22',NULL,NULL),('c4da9cfb-f36a-4823-8dd7-d8cb1f8d1bb9','YUDD2728','于丹丹',NULL,0,'25F9E794323B453885F5181F1B624D0B','04acc1cf-d838-4b84-95b5-62818876e3b9','yudandan@gaoantunpower.com','','2015-11-30 10:53:27','2017-12-27 10:47:57',NULL,NULL),('c57d8dbb-496f-4936-9c6a-d18d39a427db','JINY5311','金勇','366,23823d45996d',0,'25F9E794323B453885F5181F1B624D0B','123ea09d-bb8c-41c6-90fa-9000303bc773','','','2016-11-19 13:58:06','2017-12-03 17:56:22',NULL,NULL),('c5913a43-890e-405c-8ecf-978335b63b42','ZHANGHH2539','张换换_兴海电力','362,238423ce3148',0,'25F9E794323B453885F5181F1B624D0B','123ea09d-bb8c-41c6-90fa-9000303bc773','','','2016-11-19 14:01:27','2017-12-03 17:56:22',NULL,NULL),('c5f358d8-0b46-428f-ac1e-f9ac423d46c7','CHAIXW3412','柴兴旺_兴海电力','367,238609313622',0,'25F9E794323B453885F5181F1B624D0B','123ea09d-bb8c-41c6-90fa-9000303bc773','','','2016-11-19 14:01:27','2017-12-03 17:56:22',NULL,NULL),('c6109e7e-199f-4712-babf-d3c145b7b890','DINGZ0035','丁哲',NULL,0,'25F9E794323B453885F5181F1B624D0B','04acc1cf-d838-4b84-95b5-62818876e3b9','dingzhe@gaoantunpower.com','','2015-11-30 10:53:29','2017-12-27 10:47:57',NULL,NULL),('c6fac465-9480-4259-a8d2-d364c291a3a7','WANGDS0598','王东升_内蒙峰业','363,238ad98e1c97',0,'25F9E794323B453885F5181F1B624D0B','123ea09d-bb8c-41c6-90fa-9000303bc773','','','2016-11-19 14:01:25','2017-12-03 17:56:22',NULL,NULL),('c73d5c51-e803-4186-b686-987afb3bc435','JINWY5514','金万元','363,238b34e2b4e2',0,'25F9E794323B453885F5181F1B624D0B','123ea09d-bb8c-41c6-90fa-9000303bc773','','','2016-11-19 13:58:05','2017-12-03 17:56:22',NULL,NULL),('c7d51e4a-d2b8-407b-aa12-6255c2cdd002','SUNJ1210','孙捷','368,238ce01adb23',0,'25F9E794323B453885F5181F1B624D0B','123ea09d-bb8c-41c6-90fa-9000303bc773','','','2016-11-19 13:58:06','2017-12-03 17:56:22',NULL,NULL),('c88bd2fe-17f0-4669-befb-63fca3c72a22','ZHANGF2572','张飞_兴海电力','366,238d39d6b033',0,'25F9E794323B453885F5181F1B624D0B','123ea09d-bb8c-41c6-90fa-9000303bc773','','','2016-11-19 14:01:27','2017-12-03 17:56:22',NULL,NULL),('c88e55c8-7e2d-47b9-982a-742725ce472e','YANGXC1524','杨晓萃',NULL,0,'25F9E794323B453885F5181F1B624D0B','04acc1cf-d838-4b84-95b5-62818876e3b9','','','2015-11-30 10:53:31','2017-12-27 10:47:57',NULL,NULL),('c8ce5ec8-8dd0-4ff7-a760-7962f7fd961a','BOGH0015','薄国辉','363,238f7c4d227b',0,'25F9E794323B453885F5181F1B624D0B','123ea09d-bb8c-41c6-90fa-9000303bc773','','','2016-11-19 13:58:06','2017-12-03 17:56:22',NULL,NULL),('c8eefff3-914e-4b0f-8aec-a9aa671f525b','SHIJK5372','石景开','362,2390e59d7ea1',0,'25F9E794323B453885F5181F1B624D0B','123ea09d-bb8c-41c6-90fa-9000303bc773','','','2016-11-19 13:58:05','2017-12-03 17:56:22',NULL,NULL),('c9194a39-784d-4dec-8dba-7f8fcb5144b0','CHENZX683X','陈宗旭',NULL,0,'9F97704257A71E6CDCA332E05C7C9FB8','04acc1cf-d838-4b84-95b5-62818876e3b9','chenzongxu@gaoantunpower.com','','2015-11-30 10:53:28','2017-12-27 10:47:57',NULL,NULL),('c91df54e-12d1-46a5-a278-ae07aa3663ae','XUPR7930','徐沛荣',NULL,0,'E10ADC3949BA59ABBE56E057F20F883E','04acc1cf-d838-4b84-95b5-62818876e3b9','','','2015-11-30 10:53:31','2017-12-27 10:47:57',NULL,NULL),('c94b1c3d-bd78-44ea-a2bc-da1e0cb220bd','jialp2415','贾利平_京能检修','363,23949a042afe',0,'25F9E794323B453885F5181F1B624D0B','123ea09d-bb8c-41c6-90fa-9000303bc773','','','2016-11-19 14:07:27','2017-12-03 17:56:22',NULL,NULL),('c983eb17-c283-4c6c-a94d-d644f1ec31c4','ZHAOYX3141','赵银霞','363,2395eed0f9f8',0,'25F9E794323B453885F5181F1B624D0B','123ea09d-bb8c-41c6-90fa-9000303bc773','','','2016-11-19 13:58:06','2017-12-03 17:56:22',NULL,NULL),('c99d17b1-e26c-4482-8be1-745a0bd4a9fb','guor1714','郭瑞','363,2396ec0e0cf7',0,'25F9E794323B453885F5181F1B624D0B','123ea09d-bb8c-41c6-90fa-9000303bc773','','','2017-06-07 09:58:58','2017-12-03 17:56:22',NULL,NULL),('ca04c571-e421-47cf-9e8e-1dfc5fe24b6d','LIXK1256','李晓康','364,2397f0930536',0,'25F9E794323B453885F5181F1B624D0B','123ea09d-bb8c-41c6-90fa-9000303bc773','','','2016-11-19 13:58:05','2017-12-03 17:56:22',NULL,NULL),('ca8c095f-e06c-4eb4-a230-ea6af1968c7b','gongy0012','龚瑜','362,239802435c03',0,'25F9E794323B453885F5181F1B624D0B','123ea09d-bb8c-41c6-90fa-9000303bc773','','','2016-11-19 14:04:05','2017-12-03 17:56:22',NULL,NULL),('ca918877-1aa1-47f7-97ca-8fbf1d9a0497','朱新良','朱新良',NULL,0,'25F9E794323B453885F5181F1B624D0B','04acc1cf-d838-4b84-95b5-62818876e3b9','','','2015-11-30 10:53:33','2017-12-27 10:47:57',NULL,NULL),('cb069704a72f4621b5adc1b0ad6061d1','pengrui','鹏锐','',0,'25F9E794323B453885F5181F1B624D0B','FA1AEC96A1AC4414A31C9CB53D6F39A5','123456789@qq.com','13976142744','2018-02-05 08:02:33','2018-02-05 08:02:33',NULL,NULL),('cb31e1a7-3e44-4dbc-a5df-a10ad5a584c0','LIXH0030','李兴华','363,239a70050eda',0,'25F9E794323B453885F5181F1B624D0B','123ea09d-bb8c-41c6-90fa-9000303bc773','','','2016-11-19 13:58:05','2017-12-03 17:56:22',NULL,NULL),('cb6f1718-f650-480a-8d67-9fc9526fbd44','WANGLF0016','王林飞_京能检修','363,239b45308ab4',0,'25F9E794323B453885F5181F1B624D0B','123ea09d-bb8c-41c6-90fa-9000303bc773','','','2016-11-19 14:03:01','2017-12-03 17:56:22',NULL,NULL),('cbedba31-18d5-4e1f-9904-252e4a42ff9e','SHIL6876','石磊',NULL,0,'25F9E794323B453885F5181F1B624D0B','04acc1cf-d838-4b84-95b5-62818876e3b9','hust_shilei@126.com','','2015-11-30 10:53:29','2017-12-27 10:47:57',NULL,NULL),('cbfddba6-b7b1-472a-93f4-285d2cf60159','YANXH0017','闫星海_内蒙峰业','367,239db53ef8bb',0,'25F9E794323B453885F5181F1B624D0B','123ea09d-bb8c-41c6-90fa-9000303bc773','','','2016-11-19 14:01:25','2017-12-03 17:56:22',NULL,NULL),('cc27e138-8d34-4f4e-9881-45003c097045','ZHUFF7022','主风风',NULL,0,'25F9E794323B453885F5181F1B624D0B','04acc1cf-d838-4b84-95b5-62818876e3b9','','','2015-11-30 10:53:32','2017-12-27 10:47:57',NULL,NULL),('cc714095-082f-485b-9b27-9bee5488cdc4','ZHANGW0055','张伟','364,239f417e3635',0,'25F9E794323B453885F5181F1B624D0B','123ea09d-bb8c-41c6-90fa-9000303bc773','','','2016-11-19 13:58:07','2017-12-03 17:56:22',NULL,NULL),('ccc7d128-6691-43a3-b8cd-8b70b487c592','LIUXS093X','刘旭生',NULL,0,'E10ADC3949BA59ABBE56E057F20F883E','04acc1cf-d838-4b84-95b5-62818876e3b9','liuxusheng@gaoantunpower.com','','2015-11-30 10:53:27','2017-12-27 10:47:57',NULL,NULL),('ccd27690-a632-4ea8-acc8-0abb01cb9bcb','YANGC1867','杨翀',NULL,0,'25F9E794323B453885F5181F1B624D0B','04acc1cf-d838-4b84-95b5-62818876e3b9','','','2015-11-30 10:53:33','2017-12-27 10:47:57',NULL,NULL),('cd172247-4199-49db-89dc-e547c0a33b3a','WUYL1098','吴玉龙_兴海电力','367,23a2029862b3',0,'25F9E794323B453885F5181F1B624D0B','123ea09d-bb8c-41c6-90fa-9000303bc773','','','2016-11-19 14:01:27','2017-12-03 17:56:22',NULL,NULL),('cd2f6a86-e85e-4792-a64c-2560483fbb2d','LIUYX2013','刘永秀_兴海电力','365,23a34078585c',0,'25F9E794323B453885F5181F1B624D0B','123ea09d-bb8c-41c6-90fa-9000303bc773','','','2016-11-19 14:01:27','2017-12-03 17:56:22',NULL,NULL),('cd66abba-0cc2-42a1-b99d-933f15d2c4ce','GAOJF6415','高俊飞_内蒙峰业','363,23a4df01729b',0,'25F9E794323B453885F5181F1B624D0B','123ea09d-bb8c-41c6-90fa-9000303bc773','','','2017-05-18 21:49:01','2017-12-03 17:56:23',NULL,NULL),('cd882eb6-f435-407f-af60-a9bcc577b091','SHIHQ1146','史慧清_兴海电力','367,23a562dfa0d1',0,'25F9E794323B453885F5181F1B624D0B','123ea09d-bb8c-41c6-90fa-9000303bc773','','','2016-11-19 14:01:26','2017-12-03 17:56:23',NULL,NULL),('cdb6dd7f-ba53-4bf0-87e3-241803ea5896','jingyf0218','靖宇飞_京能检修','365,23a67fce83f7',0,'25F9E794323B453885F5181F1B624D0B','123ea09d-bb8c-41c6-90fa-9000303bc773','','','2016-11-19 14:07:27','2017-12-03 17:56:23',NULL,NULL),('ce0fe372-1269-48f4-b0b5-20b8ad5328a5','DUANLH5233','段利红_京能检修','368,23a86fed7454',0,'25F9E794323B453885F5181F1B624D0B','123ea09d-bb8c-41c6-90fa-9000303bc773','','','2016-11-19 14:03:01','2017-12-03 17:56:23',NULL,NULL),('ce4539a3-3bf4-42e0-aa68-a67028a08668','yangbh4812','杨丙辉_京能检修','366,23a9e2899cb7',0,'25F9E794323B453885F5181F1B624D0B','123ea09d-bb8c-41c6-90fa-9000303bc773','','','2016-11-19 14:07:27','2017-12-03 17:56:23',NULL,NULL),('ce6453a8-cded-4f3f-979b-4f4e3613310c','xuc5010','许超_兴海电力','362,23aa6531b177',0,'25F9E794323B453885F5181F1B624D0B','123ea09d-bb8c-41c6-90fa-9000303bc773','','','2017-11-08 11:35:41','2017-12-03 17:56:23',NULL,NULL),('ce85e84b-7419-40ed-bb5c-422bc4f3eaa0','SHIK6510','史凯_京能检修','362,23abddc7ced7',0,'25F9E794323B453885F5181F1B624D0B','123ea09d-bb8c-41c6-90fa-9000303bc773','','','2016-11-19 14:03:01','2017-12-03 17:56:23',NULL,NULL),('cf630535-407a-4f4b-93c4-76cec149b731','ZHANGGZH2599','张国忠_兴海电力','363,23ac86ec49ad',0,'25F9E794323B453885F5181F1B624D0B','123ea09d-bb8c-41c6-90fa-9000303bc773','','','2016-11-19 14:01:27','2017-12-03 17:56:23',NULL,NULL),('cf72b482-994c-46e2-8375-d4fa3fc2034d','ZHID5012','智栋_内蒙峰业','368,23adbaa3b254',0,'25F9E794323B453885F5181F1B624D0B','123ea09d-bb8c-41c6-90fa-9000303bc773','','','2016-11-19 14:01:25','2017-12-03 17:56:23',NULL,NULL),('cf805850-8c0a-49ed-83a3-c0518e5918ec','WANGPC0018','王培成','362,23ae6503fcad',0,'25F9E794323B453885F5181F1B624D0B','123ea09d-bb8c-41c6-90fa-9000303bc773','','','2016-11-19 13:58:05','2017-12-03 17:56:23',NULL,NULL),('cf9f2953-fb81-42f4-bc02-8a6cd1d6eb79','WANGYC1597','王越超',NULL,0,'25F9E794323B453885F5181F1B624D0B','04acc1cf-d838-4b84-95b5-62818876e3b9','wangyuechao@gaoantunpower.com','','2015-11-30 10:53:30','2017-12-27 10:47:57',NULL,NULL),('cfa3b36e-d8db-43b3-b11d-02524b894d3f','ZHAOL0082','赵璐',NULL,0,'0825C2C1E223041EAF6B2C03A8B26916','04acc1cf-d838-4b84-95b5-62818876e3b9','zhaolu@gaoantunpower.com','','2015-11-30 10:53:30','2017-12-27 10:47:57',NULL,NULL),('cfd78fa9-eaa4-4c94-8262-f0de08247e70','wuhb4916','吴海兵_京能检修','363,23b2d9e94c9d',0,'25F9E794323B453885F5181F1B624D0B','123ea09d-bb8c-41c6-90fa-9000303bc773','','','2017-10-26 14:56:13','2017-12-03 17:56:23',NULL,NULL),('d01e4cd3-2674-468e-8621-466ea4afb88e','zhangj5418','张警_京能检修','366,23b37ab482d6',0,'25F9E794323B453885F5181F1B624D0B','123ea09d-bb8c-41c6-90fa-9000303bc773','','','2016-11-19 14:07:27','2017-12-03 17:56:23',NULL,NULL),('d02b967d-dc03-41aa-879d-4e36fc2a1a05','ZHANGLY4151','张连叶','365,23b44558cb1c',0,'25F9E794323B453885F5181F1B624D0B','123ea09d-bb8c-41c6-90fa-9000303bc773','','','2016-11-19 13:58:07','2017-12-03 17:56:23',NULL,NULL),('d02f1993-f02b-4824-afec-bc92c624b847','LIANGYQ6472','梁永强_兴海电力','365,23b521cf0a5a',0,'25F9E794323B453885F5181F1B624D0B','123ea09d-bb8c-41c6-90fa-9000303bc773','','','2016-11-19 14:01:27','2017-12-03 17:56:23',NULL,NULL),('d038207f-3614-40c4-a1b4-1166468f56c8','Lingx3719','蔺根喜_内蒙峰业','362,23b62c979d23',0,'25f9e794323b453885f5181f1b624d0b','123ea09d-bb8c-41c6-90fa-9000303bc773','','','2016-11-19 14:05:08','2017-12-03 17:56:23',NULL,NULL),('d04d74e3-4b25-4af0-a93e-6594e0556341','WANGTG2515','王天贵_兴海电力','367,23b7d187df0d',0,'25F9E794323B453885F5181F1B624D0B','123ea09d-bb8c-41c6-90fa-9000303bc773','','','2016-11-19 14:01:27','2017-12-03 17:56:23',NULL,NULL),('d082bb81-556d-479a-aa1d-47847d20a705','CHANGJG0597','常建国_兴海电力','364,23b8815e0df7',0,'25F9E794323B453885F5181F1B624D0B','123ea09d-bb8c-41c6-90fa-9000303bc773','','','2016-11-19 14:01:25','2017-12-03 17:56:23',NULL,NULL),('d084fc30-60ac-4ac0-909c-ee4e7a475e14','YUANJX0351','袁景新','363,23b97114a17d',0,'25F9E794323B453885F5181F1B624D0B','123ea09d-bb8c-41c6-90fa-9000303bc773','','','2016-11-19 13:58:06','2017-12-03 17:56:23',NULL,NULL),('d0c66b82-83fc-4390-bd16-3c59142b8e05','LIJH1598','李俊辉_兴海电力','367,23bbb1259f51',0,'25F9E794323B453885F5181F1B624D0B','123ea09d-bb8c-41c6-90fa-9000303bc773','','','2016-11-19 14:01:26','2017-12-03 17:56:23',NULL,NULL),('d0caa2c6-0948-48bc-8230-388b3528c5bb','MENGJH101X','孟江华_兴海电力','367,23bcec5e3c0a',0,'25F9E794323B453885F5181F1B624D0B','123ea09d-bb8c-41c6-90fa-9000303bc773','','','2016-11-19 14:01:25','2017-12-03 17:56:23',NULL,NULL),('d0f1c908-931e-4d4d-9fa1-22c95e17e50d','QUYC4242','曲悦超','368,23bd0b6233f5',0,'25F9E794323B453885F5181F1B624D0B','123ea09d-bb8c-41c6-90fa-9000303bc773','','','2016-11-19 13:58:05','2017-12-03 17:56:23',NULL,NULL),('d13063f7-3a2c-4d67-8670-f129a14a323d','WANGB5218','王斌',NULL,0,'25F9E794323B453885F5181F1B624D0B','04acc1cf-d838-4b84-95b5-62818876e3b9','wangbin1@gaoantunpower.com','','2015-11-30 10:53:30','2017-12-27 10:47:57',NULL,NULL),('d19c26a0-101f-48f4-82a4-473abe342559','ZHANGG1817','张刚_兴海电力','368,23bfd8c96ac5',0,'25F9E794323B453885F5181F1B624D0B','123ea09d-bb8c-41c6-90fa-9000303bc773','','','2016-11-19 14:01:26','2017-12-03 17:56:23',NULL,NULL),('d23c969a-0e42-4fbc-bb70-efd7dbb529b4','houjg2596','houjg2596_内蒙峰业','363,23c10a41e47c',0,'25F9E794323B453885F5181F1B624D0B','123ea09d-bb8c-41c6-90fa-9000303bc773','','','2016-11-19 14:04:05','2017-12-03 17:56:23',NULL,NULL),('d26ccd79-e5a7-4c48-8699-d71a68850f0d','zhangf7012','张帆','365,23c2fdf90371',0,'25F9E794323B453885F5181F1B624D0B','123ea09d-bb8c-41c6-90fa-9000303bc773','','','2017-06-07 09:58:58','2017-12-03 17:56:23',NULL,NULL),('d28b780c-0b4f-4865-bc8f-8364c03fdad7','qiaojw4811','乔建伟_京能检修','364,23c31a9e8a6c',0,'25F9E794323B453885F5181F1B624D0B','123ea09d-bb8c-41c6-90fa-9000303bc773','','','2016-11-19 14:07:27','2017-12-03 17:56:23',NULL,NULL),('d2b6d64e-fd0b-4fe3-a7f8-b4c0bd597c3f','HEYH0013','贺裕华_兴海电力','362,23c4b5128a09',0,'25F9E794323B453885F5181F1B624D0B','123ea09d-bb8c-41c6-90fa-9000303bc773','','','2017-06-02 13:54:44','2017-12-03 17:56:23',NULL,NULL),('d2fd459a-cd18-4661-a860-c1d1d6f6f5dc','WANGYG4015','王耀国_兴海电力','363,23c5d84477a0',0,'25F9E794323B453885F5181F1B624D0B','123ea09d-bb8c-41c6-90fa-9000303bc773','','','2016-11-19 14:01:27','2017-12-03 17:56:23',NULL,NULL),('d2ff177c-4939-4e68-983b-9828f288b066','LUMM6235','路明明','367,23c673e58cd0',0,'25F9E794323B453885F5181F1B624D0B','123ea09d-bb8c-41c6-90fa-9000303bc773','','','2016-11-19 13:58:05','2017-12-03 17:56:23',NULL,NULL),('d34a54d1-df41-44c6-93d0-6999752b58bc','LIUJH1532','刘建慧_内蒙峰业','362,23c72986e87c',0,'25F9E794323B453885F5181F1B624D0B','123ea09d-bb8c-41c6-90fa-9000303bc773','','','2016-11-19 14:01:25','2017-12-03 17:56:23',NULL,NULL),('d3e9a423-286a-48ac-9772-f48f22b4cfee','LIJ0025','李娟',NULL,0,'A901E66E95F317142B3710C87C95EC44','04acc1cf-d838-4b84-95b5-62818876e3b9','lijuan@gaoantunpower.com','','2015-11-30 10:53:27','2017-12-27 10:47:57',NULL,NULL),('d4163ada-218c-4ddf-87e1-7823e2ae9b68','BAITP1218','白天鹏_内蒙峰业','368,23c920bc4a59',0,'25F9E794323B453885F5181F1B624D0B','123ea09d-bb8c-41c6-90fa-9000303bc773','','','2016-11-19 14:01:25','2017-12-03 17:56:23',NULL,NULL),('d42027f1-5c31-403e-8b0e-d52a84fe2a23','LIJL0037','李晶磊','367,23ca2c0821b8',0,'25F9E794323B453885F5181F1B624D0B','123ea09d-bb8c-41c6-90fa-9000303bc773','','','2016-11-19 13:58:05','2017-12-03 17:56:24',NULL,NULL),('d46195e1-ebb9-4253-bb6e-e92fccfe91a6','WANGWH7456','王文赫',NULL,0,'25F9E794323B453885F5181F1B624D0B','04acc1cf-d838-4b84-95b5-62818876e3b9','','','2017-10-27 00:00:08','2017-12-27 10:47:57',NULL,NULL),('d475df9e-9289-4072-a934-4850560efb6c','QUS3018','渠帅','366,23cb9a6e34a7',0,'25F9E794323B453885F5181F1B624D0B','123ea09d-bb8c-41c6-90fa-9000303bc773','','','2016-11-19 13:58:05','2017-12-03 17:56:24',NULL,NULL),('d481f18e-5208-41de-b3bc-ccb0a987627c','BAIJG5611','白建国_兴海电力','366,23cc14d6ae29',0,'25F9E794323B453885F5181F1B624D0B','123ea09d-bb8c-41c6-90fa-9000303bc773','','','2016-11-19 14:01:27','2017-12-03 17:56:24',NULL,NULL),('d4d9458d-21ac-43f3-bffa-933770dddff1','LICF0150','李昌富','368,23ce6c4541c7',0,'25F9E794323B453885F5181F1B624D0B','123ea09d-bb8c-41c6-90fa-9000303bc773','','','2016-11-19 13:58:06','2017-12-03 17:56:24',NULL,NULL),('d4f9d69a-444c-4c33-b6cd-a3e8089701f9','LIUJF543X','刘军峰',NULL,0,'A9907A390974A0C08E27BF6A27BCF246','04acc1cf-d838-4b84-95b5-62818876e3b9','','','2015-11-30 10:53:31','2017-12-27 10:47:58',NULL,NULL),('d500ddce-765b-4923-824c-8e3ee4ae485a','WANGYX4019','王彦新_兴海电力','366,23d05bb6f6ba',0,'25F9E794323B453885F5181F1B624D0B','123ea09d-bb8c-41c6-90fa-9000303bc773','','','2016-11-19 14:01:26','2017-12-03 17:56:24',NULL,NULL),('d55c4951-3baa-46f9-926c-62cc03829789','WUHW0639','吴洪文',NULL,0,'49B7F7641F41AF490CE2FBB648F35AA8','04acc1cf-d838-4b84-95b5-62818876e3b9','wuhongwen@gaoantunpower.com','','2015-11-30 10:53:30','2017-12-27 10:47:58',NULL,NULL),('d5744345-8954-4e20-bd70-77df6b02121f','YUANGP3434','袁国鹏','364,23d2994b1515',0,'25F9E794323B453885F5181F1B624D0B','123ea09d-bb8c-41c6-90fa-9000303bc773','','','2016-11-19 13:58:06','2017-12-03 17:56:24',NULL,NULL),('d6054b32-22cc-4463-a955-d07bfbbc142b','niujh2596','niujh2596_内蒙峰业','367,23d4a022ae67',0,'25F9E794323B453885F5181F1B624D0B','123ea09d-bb8c-41c6-90fa-9000303bc773','','','2016-11-19 14:04:05','2017-12-03 17:56:24',NULL,NULL),('d60d5573-0839-4e47-8e9b-4453ee271384','liuyj2214','柳亚杰_京能检修','365,23d5a212a080',0,'25F9E794323B453885F5181F1B624D0B','123ea09d-bb8c-41c6-90fa-9000303bc773','','','2016-11-19 14:06:00','2017-12-03 17:56:24',NULL,NULL),('d64f48e2-3aaf-4b4a-b4ad-4802dd31d237','SHEND0615','沈达','364,23d762c24a99',0,'25F9E794323B453885F5181F1B624D0B','123ea09d-bb8c-41c6-90fa-9000303bc773','','','2016-11-19 13:58:05','2017-12-03 17:56:24',NULL,NULL),('d6c643c1-c9cb-4b81-a19f-5cd7c76bdad3','ZHANGXR2020','张欣蕊_兴海电力','362,23d984399d12',0,'25F9E794323B453885F5181F1B624D0B','123ea09d-bb8c-41c6-90fa-9000303bc773','','','2016-11-19 14:01:26','2017-12-03 17:56:24',NULL,NULL),('d70dc80e-6481-414a-b051-76fdad636c3a','HUASL4630','华树龙',NULL,0,'85837B55B94235575D39340F42ABEEB9','04acc1cf-d838-4b84-95b5-62818876e3b9','huashulong@gaoantunpower.com','','2015-11-30 10:53:30','2017-12-27 10:47:58',NULL,NULL),('d76282ab-566c-4464-813d-17b591fc0de2','YANGZY4456','杨振英','362,23db698743a6',0,'25F9E794323B453885F5181F1B624D0B','123ea09d-bb8c-41c6-90fa-9000303bc773','','','2016-11-19 13:58:06','2017-12-03 17:56:24',NULL,NULL),('d7cbd0e2-fff3-4486-aad8-4900b422dd53','XUJ0020','徐婧_兴海电力','362,23dcf71319e3',0,'25F9E794323B453885F5181F1B624D0B','123ea09d-bb8c-41c6-90fa-9000303bc773','','','2016-11-19 14:01:27','2017-12-03 17:56:24',NULL,NULL),('d7d5a336-0817-48ff-8ea6-9d2807e3f5e8','LIG0031','李国','368,23dd63442e29',0,'25F9E794323B453885F5181F1B624D0B','123ea09d-bb8c-41c6-90fa-9000303bc773','','','2016-11-19 13:58:06','2017-12-03 17:56:24',NULL,NULL),('d82cbcb2-a6bf-4f59-8dab-94d2f95ebb68','ZHENGYW3431','郑印伟','362,23dec760ddd4',0,'25F9E794323B453885F5181F1B624D0B','123ea09d-bb8c-41c6-90fa-9000303bc773','','','2016-11-19 13:58:07','2017-12-03 17:56:24',NULL,NULL),('d8374b22-2114-479a-9210-8960513a96a0','ANJJ472X','安婧婧',NULL,0,'25F9E794323B453885F5181F1B624D0B','04acc1cf-d838-4b84-95b5-62818876e3b9','anjingjing@gaoantunpower.com','','2015-11-30 10:53:28','2017-12-27 10:47:58',NULL,NULL),('d895164e-36db-49b4-88c3-e0d8385c1c9a','XIAZZ2618','夏志忠','365,23e0cc86268e',0,'25F9E794323B453885F5181F1B624D0B','123ea09d-bb8c-41c6-90fa-9000303bc773','','','2016-11-19 13:58:06','2017-12-03 17:56:24',NULL,NULL),('d8bdee61-9291-4f54-9ebd-f81c0c6181e7','zhaolc3010','赵利春_京能检修','368,23e1774cece4',0,'25F9E794323B453885F5181F1B624D0B','123ea09d-bb8c-41c6-90fa-9000303bc773','','','2016-11-19 14:07:27','2017-12-03 17:56:24',NULL,NULL),('d8c6e86f-60df-4bc0-ad6d-fc9c50fe57c0','MIAOLR0925','苗利蓉','368,23e29421b3fb',0,'25F9E794323B453885F5181F1B624D0B','123ea09d-bb8c-41c6-90fa-9000303bc773','','','2016-11-19 13:58:06','2017-12-03 17:56:24',NULL,NULL),('d94b8f94-0365-44de-b039-6362bfbd02ec','JIANGHT3015','姜海涛','367,23e3c57ad928',0,'25F9E794323B453885F5181F1B624D0B','123ea09d-bb8c-41c6-90fa-9000303bc773','','','2016-11-19 13:58:06','2017-12-03 17:56:24',NULL,NULL),('da371f62-6bce-45cf-a743-0013c0c9e020','赵永新','赵永新',NULL,0,'25F9E794323B453885F5181F1B624D0B','04acc1cf-d838-4b84-95b5-62818876e3b9','','','2015-11-30 10:53:33','2017-12-27 10:47:58',NULL,NULL),('da8553e3-e2e5-49a5-966c-2b282eb63de1','XUP1519','徐鹏','363,23e57c33c42f',0,'25F9E794323B453885F5181F1B624D0B','123ea09d-bb8c-41c6-90fa-9000303bc773','','','2016-11-19 13:58:07','2017-12-03 17:56:24',NULL,NULL),('db14b689-ca10-4ced-8d1d-8d25777c4a99','liuzw5610','刘志文_京能检修','364,23e7405951a1',0,'25F9E794323B453885F5181F1B624D0B','123ea09d-bb8c-41c6-90fa-9000303bc773','','','2017-05-08 11:49:43','2017-12-03 17:56:24',NULL,NULL),('dc5b5290-a422-437d-8f72-be42dda23626','JINGDD0018','景登登_内蒙峰业','362,23e8ea75cc3b',0,'25F9E794323B453885F5181F1B624D0B','123ea09d-bb8c-41c6-90fa-9000303bc773','','','2016-11-19 14:01:25','2017-12-03 17:56:24',NULL,NULL),('dcd52ce8-1c78-4836-9b04-8ca55bb685e5','DAILX1041','代立新',NULL,0,'25F9E794323B453885F5181F1B624D0B','04acc1cf-d838-4b84-95b5-62818876e3b9','','','2017-12-12 00:00:25','2017-12-27 10:47:58',NULL,NULL),('dcd6a749-c4ca-4518-a6b3-ca98610cb559','ZHOUP0519','周鹏_京能检修','365,23e99235b624',0,'25F9E794323B453885F5181F1B624D0B','123ea09d-bb8c-41c6-90fa-9000303bc773','','','2016-11-19 14:03:01','2017-12-03 17:56:24',NULL,NULL),('dcf86c40-3d72-4b36-85ad-666e2ecf51c3','HAOCG2037','郝晨光_内蒙峰业','366,23eaa3049125',0,'25F9E794323B453885F5181F1B624D0B','123ea09d-bb8c-41c6-90fa-9000303bc773','','','2016-11-19 14:01:24','2017-12-03 17:56:24',NULL,NULL),('ddba1f16-626e-4595-8c7a-b312c6737e47','LIRJ0034','李儒君','362,23eb5c191b7b',0,'25F9E794323B453885F5181F1B624D0B','123ea09d-bb8c-41c6-90fa-9000303bc773','','','2016-11-19 13:58:05','2017-12-03 17:56:24',NULL,NULL),('ddbf24f5-d845-4fa3-a429-7d456c8d4294','ZHAOQL5910','赵权林_内蒙峰业','368,23ec7f75450f',0,'25F9E794323B453885F5181F1B624D0B','123ea09d-bb8c-41c6-90fa-9000303bc773','','','2016-11-19 14:01:25','2017-12-03 17:56:24',NULL,NULL),('de2ed990-88ba-4b39-ab54-ac96dce62c55','WUH0130','吴恒_内蒙峰业','366,23ef7b46fa31',0,'25F9E794323B453885F5181F1B624D0B','123ea09d-bb8c-41c6-90fa-9000303bc773','','','2016-11-19 14:01:25','2017-12-03 17:56:24',NULL,NULL),('de3acd13-4c27-41ee-a49e-595e153f9e29','CHANGJ0055','常江_兴海电力','363,23f009162d38',0,'25F9E794323B453885F5181F1B624D0B','123ea09d-bb8c-41c6-90fa-9000303bc773','','','2016-11-19 14:01:27','2017-12-03 17:56:24',NULL,NULL),('de5261b6-3517-400b-9873-2ed076ec98d5','HUYT3656','胡俞彤_兴海电力','367,23f10cf0dc0a',0,'25F9E794323B453885F5181F1B624D0B','123ea09d-bb8c-41c6-90fa-9000303bc773','','','2016-11-19 14:01:27','2017-12-03 17:56:24',NULL,NULL),('ded24226-8b1a-44b2-9ea7-739a54534488','ZHANGJS1533','张劲松','362,23f22d1177cf',0,'25F9E794323B453885F5181F1B624D0B','123ea09d-bb8c-41c6-90fa-9000303bc773','','','2016-11-19 13:58:06','2017-12-03 17:56:24',NULL,NULL),('ded7e855-c737-44c6-a751-86c0c20ab4d3','LIWY0228','李伟英',NULL,0,'25F9E794323B453885F5181F1B624D0B','04acc1cf-d838-4b84-95b5-62818876e3b9','','','2015-11-30 10:53:32','2017-12-27 10:47:58',NULL,NULL),('df1d9fb1-1536-41e9-a1e4-d5d306c97c83','HAOYL011X','郝永利','366,23f492b0096a',0,'25F9E794323B453885F5181F1B624D0B','123ea09d-bb8c-41c6-90fa-9000303bc773','','','2016-11-19 13:58:06','2017-12-03 17:56:24',NULL,NULL),('df20c004-0b53-4509-957d-a397be0ad0ff','liuzd1596','刘振东_京能检修','368,23f57a5946d4',0,'25F9E794323B453885F5181F1B624D0B','123ea09d-bb8c-41c6-90fa-9000303bc773','','','2016-11-19 14:03:01','2017-12-03 17:56:24',NULL,NULL),('dfa6849a-bac6-47ac-8904-30a6efe66abe','FANX1016','范昕','365,23f77e05b8de',0,'25F9E794323B453885F5181F1B624D0B','123ea09d-bb8c-41c6-90fa-9000303bc773','','','2016-11-19 13:58:05','2017-12-03 17:56:24',NULL,NULL),('dfcd3303-9c6a-4ebc-b3ec-397ddf0dd9e5','wuxr0513','吴鑫瑞','364,23f8d1256e9a',0,'25F9E794323B453885F5181F1B624D0B','123ea09d-bb8c-41c6-90fa-9000303bc773','','','2016-11-19 14:03:00','2017-12-03 17:56:25',NULL,NULL),('e058cb90-8d8e-46eb-83c7-da4171e2b737','WEIYY0016','尉永洋',NULL,0,'72CDC946CD4C4ADBE5431F9B5C38CEAA','04acc1cf-d838-4b84-95b5-62818876e3b9','','','2015-11-30 10:53:32','2017-12-27 10:47:58',NULL,NULL),('e0a67ffc-fafd-455e-8cff-71b10b7cd76e','TUSB0015','涂三波',NULL,0,'2C35A7421161D2BD49F7B7B0903B423A','04acc1cf-d838-4b84-95b5-62818876e3b9','tusp1985@126.com','','2015-11-30 10:53:31','2017-12-27 10:47:58',NULL,NULL),('e0f69f4a-99d9-4023-8e18-55702aef0de5','HUARB7372','化日波',NULL,0,'670B14728AD9902AECBA32E22FA4F6BD','04acc1cf-d838-4b84-95b5-62818876e3b9','huaribo@gaoantunpower.com','','2015-11-30 10:53:27','2017-12-27 10:47:58',NULL,NULL),('e18701b1-2288-453b-87b5-4f857ba7da56','JINXJ1210','金雪军_兴海电力','365,23fc69bffebf',0,'25F9E794323B453885F5181F1B624D0B','123ea09d-bb8c-41c6-90fa-9000303bc773','','','2016-11-19 14:01:27','2017-12-03 17:56:25',NULL,NULL),('e1a31dbf-9542-4b5f-b298-fc112e42665d','LIUGH601x','刘国华_兴海电力','363,23fdf5dd0ace',0,'25F9E794323B453885F5181F1B624D0B','123ea09d-bb8c-41c6-90fa-9000303bc773','','','2016-11-19 14:01:27','2017-12-03 17:56:25',NULL,NULL),('e20f25f6-9ddb-4049-bc5c-7987e26c589f','WANGBJ6610','王保军',NULL,0,'25F9E794323B453885F5181F1B624D0B','04acc1cf-d838-4b84-95b5-62818876e3b9','','','2017-02-20 20:02:38','2018-01-02 15:18:13',NULL,NULL),('e2195e32-cafd-4f8e-b519-e362231199e9','LUJR7437','卢建荣','363,23ff18f6daad',0,'25F9E794323B453885F5181F1B624D0B','123ea09d-bb8c-41c6-90fa-9000303bc773','','','2016-11-19 13:58:05','2017-12-03 17:56:25',NULL,NULL),('e25031d5-af80-4430-9007-3cd266bea7e2','HAOYB723X','蒿雁兵_内蒙峰业','367,2400b5576461',0,'25F9E794323B453885F5181F1B624D0B','123ea09d-bb8c-41c6-90fa-9000303bc773','','','2016-11-19 14:01:25','2017-12-03 17:56:25',NULL,NULL),('e2c49eb80c0a4e6597d276f84f78f958','WIZTEST001','测试','367,240261bca32e',0,'96ED6FEE77FB57E23B3D931863A29D16','FA1AEC96A1AC4414A31C9CB53D6F39A5','sdfa@qq.com','111112222',NULL,'2017-12-12 08:55:39',NULL,NULL),('e334a5b0-4cc7-4ddc-a50d-e45315fd4782','LVHJ021X','吕红军','364,2403404782a2',0,'25F9E794323B453885F5181F1B624D0B','123ea09d-bb8c-41c6-90fa-9000303bc773','','','2016-11-19 13:58:05','2017-12-03 17:56:25',NULL,NULL),('e3a0437b-7cc2-4f51-84e9-89dbf0d8e023','ZHANGY2014','张宇_京能检修','367,24043d4c4000',0,'25F9E794323B453885F5181F1B624D0B','123ea09d-bb8c-41c6-90fa-9000303bc773','','','2016-11-19 14:03:01','2017-12-03 17:56:25',NULL,NULL),('e3c2d339-26b0-4b91-bb1e-bf871b41fae3','LIB2010','李斌_兴海电力','363,2405af7eaa64',0,'25F9E794323B453885F5181F1B624D0B','123ea09d-bb8c-41c6-90fa-9000303bc773','','','2016-11-19 14:01:25','2017-12-03 17:56:25',NULL,NULL),('e41ecf01-6982-4eab-bde4-a76714f89c89','WANGYH6613','王宇辉','365,2408cadb37d1',0,'25F9E794323B453885F5181F1B624D0B','123ea09d-bb8c-41c6-90fa-9000303bc773','','','2016-11-19 13:58:05','2017-12-03 17:56:25',NULL,NULL),('e444c2a0-9004-466f-a77c-31855b3c372d','ZHAOZX0635','赵志新_京能检修','362,2409dc7de762',0,'25F9E794323B453885F5181F1B624D0B','123ea09d-bb8c-41c6-90fa-9000303bc773','','','2016-11-19 14:03:01','2017-12-03 17:56:25',NULL,NULL),('e4b38c13-53d4-407c-b0f9-2b103bde1ec2','ZHAOYC1612','赵宇超','362,240ad85273a8',0,'25F9E794323B453885F5181F1B624D0B','123ea09d-bb8c-41c6-90fa-9000303bc773','','','2016-11-19 13:58:06','2017-12-03 17:56:25',NULL,NULL),('e5076f09-b01a-4215-8d55-efe493e2598b','ZHANGL0596','张磊_内蒙峰业','365,240b4a75b3c9',0,'25F9E794323B453885F5181F1B624D0B','123ea09d-bb8c-41c6-90fa-9000303bc773','','','2017-05-18 21:49:01','2017-12-03 17:56:25',NULL,NULL),('e51b9a89-bc26-4879-b08f-58be1243fbc3','XUJL0013','徐君龙','368,240ca810caab',0,'25F9E794323B453885F5181F1B624D0B','123ea09d-bb8c-41c6-90fa-9000303bc773','','','2016-11-19 13:58:05','2017-12-03 17:56:25',NULL,NULL),('e51ebc59-e513-4ca8-85c2-c235ad640163','HUOZG614','霍志国',NULL,0,'25F9E794323B453885F5181F1B624D0B','04acc1cf-d838-4b84-95b5-62818876e3b9','','','2017-12-06 00:00:22','2017-12-27 10:47:58',NULL,NULL),('e5282a79-6416-496d-afab-c27111a20dd3','WANGHY1515','王海洋_兴海电力','365,240d006af86e',0,'25F9E794323B453885F5181F1B624D0B','123ea09d-bb8c-41c6-90fa-9000303bc773','','','2016-11-19 14:01:25','2017-12-03 17:56:25',NULL,NULL),('e587326c-e8fd-4e25-9680-dd5156ad250b','LIUCH5017','刘畅_兴海电力','366,24105874cb4e',0,'25F9E794323B453885F5181F1B624D0B','123ea09d-bb8c-41c6-90fa-9000303bc773','','','2016-11-19 14:01:26','2017-12-03 17:56:25',NULL,NULL),('e5b0c8bb604c43d798f2592d8e63fd69','wumeng','吴猛','363,24114b1969f9',0,'E10ADC3949BA59ABBE56E057F20F883E','FA1AEC96A1AC4414A31C9CB53D6F39A5','3322@qq.com','123213','2017-09-22 02:36:09','2017-09-22 02:36:09',NULL,NULL),('e5c1750c-f01b-4291-af8a-6629002a3976','YANKY0037','严开宇','364,2412e8730f69',0,'25F9E794323B453885F5181F1B624D0B','123ea09d-bb8c-41c6-90fa-9000303bc773','','','2016-11-19 13:58:07','2017-12-03 17:56:25',NULL,NULL),('e5e7a249-6c00-48fa-9cde-34ea41155e82','LIUYH3415','刘艳辉','365,2413227a6a21',0,'25F9E794323B453885F5181F1B624D0B','123ea09d-bb8c-41c6-90fa-9000303bc773','','','2016-11-19 13:58:06','2017-12-03 17:56:25',NULL,NULL),('e5fa962a4884407e994c130191ddd7c9','wiztest1','wiztest1','',0,'25F9E794323B453885F5181F1B624D0B','7f042464e5684240bd00a223c49d93b1','122@qq.com','123131','2018-01-31 07:25:12','2018-01-31 07:44:32',NULL,NULL),('e62f1579-185b-4cef-8dba-027251151e96','崔向泽','崔向泽',NULL,0,'25F9E794323B453885F5181F1B624D0B','04acc1cf-d838-4b84-95b5-62818876e3b9','','','2015-11-30 10:53:33','2017-12-27 10:47:58',NULL,NULL),('e6cd848d-e0c1-4d47-a81b-8546c6aa6a71','DUANJJ2249','段娟娟',NULL,0,'C33367701511B4F6020EC61DED352059','04acc1cf-d838-4b84-95b5-62818876e3b9','duanjuanjuan@gaoantunpower.com','','2015-11-30 10:53:29','2017-12-27 10:47:58',NULL,NULL),('e76ca90b-fc55-4056-8c8c-8bc8c6b04497','XUEJ0017','薛佼','368,2418fbd9b6ee',0,'25F9E794323B453885F5181F1B624D0B','123ea09d-bb8c-41c6-90fa-9000303bc773','','','2016-11-19 13:58:07','2017-12-03 17:56:25',NULL,NULL),('e89691a1-83ae-4e45-91b4-d7b74f364693','DUANPF0338','段鹏飞','365,241975a28b54',0,'25F9E794323B453885F5181F1B624D0B','123ea09d-bb8c-41c6-90fa-9000303bc773','','','2016-11-19 13:58:07','2017-12-03 17:56:25',NULL,NULL),('e8d7eb23-5ac7-4de1-945b-5f3e59f0b217','chenzl761x','陈志利_湖北金山','367,241a1ab201f2',0,'25F9E794323B453885F5181F1B624D0B','123ea09d-bb8c-41c6-90fa-9000303bc773','','','2016-11-19 14:03:01','2017-12-03 17:56:25',NULL,NULL),('e98f258d-520c-4820-9fb7-cef52580b636','WANGH0014','王灏','363,241b64473105',0,'25F9E794323B453885F5181F1B624D0B','123ea09d-bb8c-41c6-90fa-9000303bc773','','','2016-11-19 13:58:07','2017-12-03 17:56:25',NULL,NULL),('e9b25946-1239-41f4-a1cb-fe3a55ff1dec','WANGHX0013','王换喜_京能检修','368,241c67f5c05b',0,'25F9E794323B453885F5181F1B624D0B','123ea09d-bb8c-41c6-90fa-9000303bc773','','','2016-11-19 14:03:01','2017-12-03 17:56:25',NULL,NULL),('e9e778fb-fa0c-49cf-a42f-b161d90ccc1b','FANJL1518','樊俊林_兴海电力','362,241d927e1998',0,'25F9E794323B453885F5181F1B624D0B','123ea09d-bb8c-41c6-90fa-9000303bc773','','','2016-11-19 14:01:27','2017-12-03 17:56:25',NULL,NULL),('e9f4af68-e2b3-425d-940b-44b919e23644','gongwb0619','宫文斌_京能后勤','364,241ea7435e63',0,'25F9E794323B453885F5181F1B624D0B','123ea09d-bb8c-41c6-90fa-9000303bc773','','','2017-09-11 11:56:15','2017-12-03 17:56:25',NULL,NULL),('ea029980-be99-4533-8103-2ab5a421e94a','gaoyf1018','高玉峰_京能检修','364,241f11f710c6',0,'25F9E794323B453885F5181F1B624D0B','123ea09d-bb8c-41c6-90fa-9000303bc773','','','2016-11-19 14:07:27','2017-12-03 17:56:25',NULL,NULL),('ea558762-5c05-4994-9b24-295e3ca70bc5','ZHOUHT0512','周海庭_兴海电力','363,24207a0a719a',0,'25F9E794323B453885F5181F1B624D0B','123ea09d-bb8c-41c6-90fa-9000303bc773','','','2016-11-19 14:01:27','2017-12-03 17:56:25',NULL,NULL),('ea5dca55-4a40-4d5c-a213-56eb665570cf','ZHANGW1591','张炜_内蒙峰业','368,24217f452c00',0,'25F9E794323B453885F5181F1B624D0B','123ea09d-bb8c-41c6-90fa-9000303bc773','','','2016-11-19 14:01:25','2017-12-03 17:56:25',NULL,NULL),('ea6e078f-3faf-4faf-9328-b40afae4711d','GUOGP0598','郭国平_兴海电力','362,24227d5c2071',0,'25F9E794323B453885F5181F1B624D0B','123ea09d-bb8c-41c6-90fa-9000303bc773','','','2016-11-19 14:01:27','2017-12-03 17:56:25',NULL,NULL),('ead77de8-64cc-43fe-8fc1-7f67f8c0a8f5','MAF0571','马飞_京能检修','365,2423473870b5',0,'25F9E794323B453885F5181F1B624D0B','123ea09d-bb8c-41c6-90fa-9000303bc773','','','2017-10-26 14:56:13','2017-12-03 17:56:25',NULL,NULL),('eaec271a-6035-471e-956f-4ee92e3273c5','PANGZZ1538','庞占洲','368,24249192213a',0,'25F9E794323B453885F5181F1B624D0B','123ea09d-bb8c-41c6-90fa-9000303bc773','','','2016-11-19 13:58:06','2017-12-03 17:56:25',NULL,NULL),('eb6a4163-31bf-41b0-9b58-06f8b6561a1c','ZHAOQ1410','赵强','366,2425882b7f89',0,'25F9E794323B453885F5181F1B624D0B','123ea09d-bb8c-41c6-90fa-9000303bc773','','','2016-11-19 13:58:06','2017-12-03 17:56:25',NULL,NULL),('eb72ae71-621a-47d9-a9da-a60b4fbf4700','CHENGK0597','陈国凯_兴海电力','364,24265e74ccbc',0,'25F9E794323B453885F5181F1B624D0B','123ea09d-bb8c-41c6-90fa-9000303bc773','','','2016-11-19 14:01:27','2017-12-03 17:56:25',NULL,NULL),('ebbc8ba8-bcee-4c93-96c6-285bbd42196a','ZHANGL0031','张亮','362,24283e070aed',0,'25F9E794323B453885F5181F1B624D0B','123ea09d-bb8c-41c6-90fa-9000303bc773','','','2016-11-19 13:58:06','2017-12-03 17:56:25',NULL,NULL),('ebd0e7a1-fb67-4614-a686-fbacc8ab257d','xiaq2316','夏清_湖北金山','365,2429de447870',0,'25F9E794323B453885F5181F1B624D0B','123ea09d-bb8c-41c6-90fa-9000303bc773','','','2016-11-19 14:03:01','2017-12-03 17:56:26',NULL,NULL),('ebf35983-e710-4c1f-b12f-d626c8a55252','WANGF2119','王飞_京能检修','362,242a43e029e7',0,'25F9E794323B453885F5181F1B624D0B','123ea09d-bb8c-41c6-90fa-9000303bc773','','','2016-11-19 14:03:01','2017-12-03 17:56:26',NULL,NULL),('ec0a2bc6-feb8-4b3c-9a95-6102b9711e37','YANH2615','颜涵',NULL,0,'25F9E794323B453885F5181F1B624D0B','04acc1cf-d838-4b84-95b5-62818876e3b9','yanhan@gaoantunpower.com','','2015-11-30 10:53:29','2017-12-27 10:47:59',NULL,NULL),('ec1635d3-d279-4013-a0dd-70003c127ffd','YONGJG0738','雍建刚','363,242c8bd85073',0,'25F9E794323B453885F5181F1B624D0B','123ea09d-bb8c-41c6-90fa-9000303bc773','','','2016-11-19 13:58:06','2017-12-03 17:56:26',NULL,NULL),('ec1ee968-510f-438a-8ac3-a011e020b375','WANGJ2533','王军_京能检修','363,242d2be51183',0,'25F9E794323B453885F5181F1B624D0B','123ea09d-bb8c-41c6-90fa-9000303bc773','','','2016-11-19 14:03:01','2017-12-03 17:56:26',NULL,NULL),('ec6d54e1-da76-42e6-80a1-5d077a7bbd7e','WANGXJ1821','王晓娟_兴海电力','364,242eb0ee3433',0,'25F9E794323B453885F5181F1B624D0B','123ea09d-bb8c-41c6-90fa-9000303bc773','','','2016-11-19 14:01:26','2017-12-03 17:56:26',NULL,NULL),('ecc59321-cede-4448-a145-f43f0feb2652','杨冬岩','杨冬岩',NULL,0,'25F9E794323B453885F5181F1B624D0B','04acc1cf-d838-4b84-95b5-62818876e3b9','','','2015-11-30 10:53:32','2017-12-27 10:47:59',NULL,NULL),('ece06bcc-d678-4e30-b258-e84613898a29','LIPF2578','李鹏飞_兴海电力','368,24301dbe0d24',0,'25F9E794323B453885F5181F1B624D0B','123ea09d-bb8c-41c6-90fa-9000303bc773','','','2016-11-19 14:01:26','2017-12-03 17:56:26',NULL,NULL),('ed1cb2d2-310b-4051-8738-cf025f655014','JIEJC2515','解九存_兴海电力','368,2431de26f4cc',0,'25F9E794323B453885F5181F1B624D0B','123ea09d-bb8c-41c6-90fa-9000303bc773','','','2016-11-19 14:01:27','2017-12-03 17:56:26',NULL,NULL),('ed3b7e5c-619e-4cff-baa3-10a9e738d8a5','dongkf1514','董开峰_京能检修','362,2432747bb54b',0,'25F9E794323B453885F5181F1B624D0B','123ea09d-bb8c-41c6-90fa-9000303bc773','','','2016-11-19 14:07:27','2017-12-03 17:56:26',NULL,NULL),('ed5cc1f0-c9c4-444b-8a9b-6b70239e8941','RENZM2618','任治民','365,24331b7edf39',0,'25F9E794323B453885F5181F1B624D0B','123ea09d-bb8c-41c6-90fa-9000303bc773','','','2016-11-19 13:58:05','2017-12-03 17:56:26',NULL,NULL),('ed8d051a-a6f6-429b-ad89-2b551db4da2a','KUGL0018','库国亮',NULL,0,'25F9E794323B453885F5181F1B624D0B','04acc1cf-d838-4b84-95b5-62818876e3b9','','','2015-11-30 10:53:31','2017-12-27 10:47:59',NULL,NULL),('ee1e94cf-443e-46ec-a622-72756d718ffa','FUCN8615','付春男','363,243561abc15a',0,'25F9E794323B453885F5181F1B624D0B','123ea09d-bb8c-41c6-90fa-9000303bc773','','','2016-11-19 13:58:06','2017-12-03 17:56:26',NULL,NULL),('eea802567ec4499b991a2436c52a801b','WIZTEST002','测试','368,24369105a649',0,'202CB962AC59075B964B07152D234B70','FA1AEC96A1AC4414A31C9CB53D6F39A5','sdfa@qq.com','11111',NULL,'2017-12-13 01:29:30',NULL,NULL),('eeb149ad-2e14-4e4f-a967-6c15260a8b45','WANGF0225','王菲_兴海电力','368,243756d4bccd',0,'25F9E794323B453885F5181F1B624D0B','123ea09d-bb8c-41c6-90fa-9000303bc773','','','2016-11-19 14:01:27','2017-12-03 17:56:26',NULL,NULL),('eee3bff1-386e-4153-92c3-ec5eb5a978dd','zhanggj2574','张高俊_湖北金山','365,2438240fb7f5',0,'25F9E794323B453885F5181F1B624D0B','123ea09d-bb8c-41c6-90fa-9000303bc773','','','2016-11-19 14:03:01','2017-12-03 17:56:26',NULL,NULL),('ef316f97-cdaf-464c-9a79-cb072588bd3a','QINZHF8799','秦志峰_兴海电力','367,24398ff984a8',0,'25F9E794323B453885F5181F1B624D0B','123ea09d-bb8c-41c6-90fa-9000303bc773','','','2016-11-19 14:01:26','2017-12-03 17:56:26',NULL,NULL),('ef6cfe8f-4ce9-4f4a-8261-9af08ea09293','ZHANGL6411','张雷','362,243af75cd3c8',0,'25F9E794323B453885F5181F1B624D0B','123ea09d-bb8c-41c6-90fa-9000303bc773','','','2016-11-19 13:58:06','2017-12-03 17:56:26',NULL,NULL),('efae3cbe-dc00-4755-8bd6-2fe665760a6f','WUYC1070','吴一尘',NULL,0,'25F9E794323B453885F5181F1B624D0B','04acc1cf-d838-4b84-95b5-62818876e3b9','','','2017-02-27 15:49:20','2017-12-27 10:47:59',NULL,NULL),('efc8207a-9bbd-4ee3-b884-59fca8a44b72','WANGXD4612','王晓东_内蒙峰业','363,243c7fe6ce64',0,'25F9E794323B453885F5181F1B624D0B','123ea09d-bb8c-41c6-90fa-9000303bc773','','','2016-11-19 14:01:25','2017-12-03 17:56:26',NULL,NULL),('efe901a7-b627-4720-a2fe-1793460d4433','KONGLS0955','孔令善',NULL,0,'25F9E794323B453885F5181F1B624D0B','04acc1cf-d838-4b84-95b5-62818876e3b9','konglingshan@gaoantunpower.com','','2015-11-30 10:53:28','2017-12-27 10:47:59',NULL,NULL),('f0cf957b-799c-46ee-8bec-eec35815365b','ZHANGQH4518','张庆华_内蒙峰业','362,244020177c30',0,'25F9E794323B453885F5181F1B624D0B','123ea09d-bb8c-41c6-90fa-9000303bc773','','','2016-11-19 14:01:25','2017-12-03 17:56:26',NULL,NULL),('f0db64af-0605-449f-b5d3-223404d03e88','ZHAOL0020','赵磊','362,2441f2dd36be',0,'25F9E794323B453885F5181F1B624D0B','123ea09d-bb8c-41c6-90fa-9000303bc773','','','2016-11-19 13:58:07','2017-12-03 17:56:26',NULL,NULL),('f100f36f-fdc4-4907-b4b3-f7960ae8ea6c','ZHANGC2618','张弛','363,244207db5940',0,'25F9E794323B453885F5181F1B624D0B','123ea09d-bb8c-41c6-90fa-9000303bc773','','','2016-11-19 13:58:06','2017-12-03 17:56:26',NULL,NULL),('f103f76d-b272-4669-b5ee-4cab7b8402e5','LIUHL7433','刘海龙_京能检修','365,2443e13bca19',0,'25F9E794323B453885F5181F1B624D0B','123ea09d-bb8c-41c6-90fa-9000303bc773','','','2017-10-26 14:56:13','2017-12-03 17:56:26',NULL,NULL),('f19f42a6-613c-49b9-8883-c0657b637382','MENGZR2010','孟卓然',NULL,0,'25F9E794323B453885F5181F1B624D0B','04acc1cf-d838-4b84-95b5-62818876e3b9','mengzhuoran@gaoantunpower.com','','2015-11-30 10:53:28','2017-12-27 10:47:59',NULL,NULL),('f1c23081-8882-4790-9029-69f63b2cd426','MAXD0593','马学东_兴海电力','366,24450d129da3',0,'25F9E794323B453885F5181F1B624D0B','123ea09d-bb8c-41c6-90fa-9000303bc773','','','2016-11-19 14:01:26','2017-12-03 17:56:26',NULL,NULL),('f207d970-a366-462c-a298-d12505074d58','LIUDB175X','刘德宝',NULL,0,'6BC0FC41534624F124E78DA1FD1CBE5A','04acc1cf-d838-4b84-95b5-62818876e3b9','liudebao@gaoantunpower.com','','2015-11-30 10:53:27','2017-12-27 10:47:59',NULL,NULL),('f2721f75-6511-4271-b26c-9064baffb85f','xiaojp0010','肖俊平_湖北金山','364,2447d8336bdd',0,'25F9E794323B453885F5181F1B624D0B','123ea09d-bb8c-41c6-90fa-9000303bc773','','','2016-11-19 14:03:01','2017-12-03 17:56:26',NULL,NULL),('f2964d3c-0c06-4154-b206-73ea6a0a9476','SUH313X','苏贺_兴海电力','363,2448ea0370e2',0,'25F9E794323B453885F5181F1B624D0B','123ea09d-bb8c-41c6-90fa-9000303bc773','','','2016-11-19 14:01:25','2017-12-03 17:56:26',NULL,NULL),('f29ad626-35f1-4bcc-8e95-25b31fb1e1e8','GUOZHY6818','郭志毅_兴海电力','365,2449301cce8d',0,'25F9E794323B453885F5181F1B624D0B','123ea09d-bb8c-41c6-90fa-9000303bc773','','','2016-11-19 14:01:26','2017-12-03 17:56:26',NULL,NULL),('f2b95385-4e74-4e36-ae23-d7e453c112e7','ZHAOJW4011','赵加伟_兴海电力','363,244a1e494041',0,'25F9E794323B453885F5181F1B624D0B','123ea09d-bb8c-41c6-90fa-9000303bc773','','','2016-11-19 14:01:27','2017-12-03 17:56:26',NULL,NULL),('f2ee2df9-9767-481f-ad82-f3f6eba0486f','liaods0074','廖德松_湖北金山','363,244b5a47466d',0,'25F9E794323B453885F5181F1B624D0B','123ea09d-bb8c-41c6-90fa-9000303bc773','','','2016-11-19 14:03:01','2017-12-03 17:56:26',NULL,NULL),('f3fb6288-36b1-4570-92fc-19a2adc102c6','LIUFY2742','刘凤英',NULL,0,'A1A733E37E7300BFFBB8D33EE7411A9F','04acc1cf-d838-4b84-95b5-62818876e3b9','liufengying@gaoantunpower.com','','2015-11-30 10:53:27','2017-12-27 10:47:59',NULL,NULL),('f435ea1a-0d19-436b-88de-f423de1d7c51','LIZHC0538','李忠才_兴海电力','368,244fc021788f',0,'25F9E794323B453885F5181F1B624D0B','123ea09d-bb8c-41c6-90fa-9000303bc773','','','2016-11-19 14:01:27','2017-12-03 17:56:26',NULL,NULL),('f450eb78-1748-4303-9e2f-67ec965965c3','ZHANGJG3334','张建国_内蒙峰业','363,2450ba5b660f',0,'25F9E794323B453885F5181F1B624D0B','123ea09d-bb8c-41c6-90fa-9000303bc773','','','2016-11-19 14:01:25','2017-12-03 17:56:26',NULL,NULL),('f4643029-d058-483d-aac7-2e0bac3e1bb9','WANGJ2517','王金','363,2451592fc6f9',0,'25F9E794323B453885F5181F1B624D0B','123ea09d-bb8c-41c6-90fa-9000303bc773','','','2016-11-19 13:58:05','2017-12-03 17:56:27',NULL,NULL),('f4a6e5c0-fe72-4b2c-9157-bb41b0afff50','FANY0013','樊宇_兴海电力','364,24535b920d9a',0,'25F9E794323B453885F5181F1B624D0B','123ea09d-bb8c-41c6-90fa-9000303bc773','','','2016-11-19 14:01:26','2017-12-03 17:56:27',NULL,NULL),('f4bf3df1-83ef-40f0-a791-ece55a307343','NINGJL2727','宁嘉玲_兴海电力','367,24549ff39cd7',0,'25F9E794323B453885F5181F1B624D0B','123ea09d-bb8c-41c6-90fa-9000303bc773','','','2016-11-19 14:01:25','2017-12-03 17:56:27',NULL,NULL),('f55b9e2b-6854-4723-a1a4-0c6d75112f89','lihj4529','李慧娟_京能检修','368,2455df1aef0a',0,'25F9E794323B453885F5181F1B624D0B','123ea09d-bb8c-41c6-90fa-9000303bc773','','','2017-10-26 14:56:13','2017-12-03 17:56:27',NULL,NULL),('f55f2dbf-0732-40c2-a25e-5fe31f16842f','ZHANGY0053','张跃_内蒙峰业','367,2456625a12ff',0,'25F9E794323B453885F5181F1B624D0B','123ea09d-bb8c-41c6-90fa-9000303bc773','','','2016-11-19 14:01:25','2017-12-03 17:56:27',NULL,NULL),('f58d5ba5-679f-418b-839c-815198bc5846','WANGY2499','王雨','364,24572e480160',0,'25F9E794323B453885F5181F1B624D0B','123ea09d-bb8c-41c6-90fa-9000303bc773','','','2016-11-19 13:58:05','2017-12-03 17:56:27',NULL,NULL),('f662e02c-a336-4978-a24c-676898c531f8','FUYJ797X','付艳军','366,24585d08c466',0,'25F9E794323B453885F5181F1B624D0B','123ea09d-bb8c-41c6-90fa-9000303bc773','','','2016-11-19 13:58:05','2017-12-03 17:56:27',NULL,NULL),('f66f244a-8ee0-4e5e-afed-91627c02d5b5','WANGWX1810','王文兴',NULL,0,'25F9E794323B453885F5181F1B624D0B','04acc1cf-d838-4b84-95b5-62818876e3b9','','','2016-12-19 09:03:39','2018-01-02 15:18:14',NULL,NULL),('f67151b4-ee9f-419c-a495-89fe717ce52d','SUNL1817','孙林','363,245a165c6ba5',0,'25F9E794323B453885F5181F1B624D0B','123ea09d-bb8c-41c6-90fa-9000303bc773','','','2016-11-19 13:58:05','2017-12-03 17:56:27',NULL,NULL),('f68f1d55-e7a4-4b69-9f31-90ec09987409','LIZF3010','李志飞_京能检修','365,245b13fbcb2e',0,'25F9E794323B453885F5181F1B624D0B','123ea09d-bb8c-41c6-90fa-9000303bc773','','','2017-10-26 14:56:13','2017-12-03 17:56:27',NULL,NULL),('f6ab4b98-80e3-46f1-8975-5d103999a3d2','LINYJ1514','林亚军_京能检修','367,245c688fd434',0,'25F9E794323B453885F5181F1B624D0B','123ea09d-bb8c-41c6-90fa-9000303bc773','','','2016-11-19 14:03:01','2017-12-03 17:56:27',NULL,NULL),('f6aff657-861e-4461-8a50-1e60dba81f05','JIAYH0017','贾彦宏_兴海电力','368,245d6228f10e',0,'25F9E794323B453885F5181F1B624D0B','123ea09d-bb8c-41c6-90fa-9000303bc773','','','2016-11-19 14:01:26','2017-12-03 17:56:27',NULL,NULL),('f7bb3a10-b5b1-442c-b70f-dbf5112abf65','ZHANGC4829','张灿','366,2460cdfbe07f',0,'25F9E794323B453885F5181F1B624D0B','123ea09d-bb8c-41c6-90fa-9000303bc773','','','2016-11-19 13:58:06','2017-12-03 17:56:27',NULL,NULL),('f7c9e708-9d50-45cd-a0c9-a401e06e0182','test222','test2222',NULL,0,'25F9E794323B453885F5181F1B624D0B','04acc1cf-d838-4b84-95b5-62818876e3b9','','','2016-09-22 16:12:53','2017-12-27 10:47:59',NULL,NULL),('f7ca39e8-99f9-4ba2-bbe1-b2b349d1034d','JIANGW4413','姜伟','362,2462b86fbb3b',0,'25F9E794323B453885F5181F1B624D0B','123ea09d-bb8c-41c6-90fa-9000303bc773','','','2016-11-19 13:58:05','2017-12-03 17:56:27',NULL,NULL),('f828f567-a1f3-4af2-b4fa-e31d74cd9411','LIANGF4137','连广飞_兴海电力','365,246438d121f4',0,'25F9E794323B453885F5181F1B624D0B','123ea09d-bb8c-41c6-90fa-9000303bc773','','','2016-11-19 14:01:26','2017-12-03 17:56:27',NULL,NULL),('f8348da3-5701-41f7-898c-e444ee1c2539','CHENDY6515','陈大宇',NULL,0,'57A4DC1C2697C16D17A99F62DBC35CCF','04acc1cf-d838-4b84-95b5-62818876e3b9','chendayu@gaoantunpower.com','','2015-11-30 10:53:27','2017-12-27 10:47:59',NULL,NULL),('f86ab06a-437f-4733-a310-11971c190dd7','pengdf6014','彭冬发_湖北金山','362,24667ccb69de',0,'25F9E794323B453885F5181F1B624D0B','123ea09d-bb8c-41c6-90fa-9000303bc773','','','2016-11-19 14:03:01','2017-12-03 17:56:27',NULL,NULL),('f8ad9077-2719-4310-9aac-e05bb08d1a9c','test1','test1',NULL,0,'25F9E794323B453885F5181F1B624D0B','04acc1cf-d838-4b84-95b5-62818876e3b9','','','2016-09-22 16:12:27','2017-12-27 10:47:59',NULL,NULL),('f90b7e67-68f8-41b0-9e49-203b382841a7','ZHUCL3514','朱春林',NULL,0,'EE9EFA0E4F5ED94A56F9908FE8C17F1D','04acc1cf-d838-4b84-95b5-62818876e3b9','','','2015-11-30 10:53:33','2017-12-27 10:47:59',NULL,NULL),('f98aaa2b-1c3a-4fce-96ec-95a8c1dc3f15','GUOJH2124','郭建华_兴海电力','367,2469f9c901c2',0,'25F9E794323B453885F5181F1B624D0B','123ea09d-bb8c-41c6-90fa-9000303bc773','','','2016-11-19 14:01:26','2017-12-03 17:56:27',NULL,NULL),('f9ce2d5e-5bf6-418e-b1cc-727f5e6ba5c3','ZHAOPL6697','赵培龙_兴海电力','363,246ae533a544',0,'25F9E794323B453885F5181F1B624D0B','123ea09d-bb8c-41c6-90fa-9000303bc773','','','2016-11-19 14:01:27','2017-12-03 17:56:27',NULL,NULL),('fa07a498-2ce4-46d4-b824-282db0b64152','LIZC0019','李智超_兴海电力','364,246b3aa9f731',0,'25F9E794323B453885F5181F1B624D0B','123ea09d-bb8c-41c6-90fa-9000303bc773','','','2016-11-19 14:01:25','2017-12-03 17:56:27',NULL,NULL),('fa4cbec2-82ec-43f3-8422-8744a9938d3c','chenyj0941','陈玉娟_京能后勤','365,246c97111c1a',0,'25F9E794323B453885F5181F1B624D0B','123ea09d-bb8c-41c6-90fa-9000303bc773','','','2017-06-09 08:44:04','2017-12-03 17:56:27',NULL,NULL),('fa72aa5c-1cef-4542-b119-b31306f6565d','SONGQ2034','宋强','363,246ddadd60d9',0,'25F9E794323B453885F5181F1B624D0B','123ea09d-bb8c-41c6-90fa-9000303bc773','','','2016-11-19 13:58:05','2017-12-03 17:56:27',NULL,NULL),('fa8e1912-221c-42da-97cd-9d09044db5d0','duhk2018','杜海宽_兴海电力','362,246e0b152ba3',0,'25F9E794323B453885F5181F1B624D0B','123ea09d-bb8c-41c6-90fa-9000303bc773','','','2017-11-08 11:35:41','2017-12-03 17:56:27',NULL,NULL),('fac3d1e3-078e-4aae-9b5a-45e89bba57f6','WANGQM3618','王启明','368,246fdec26dc7',0,'25F9E794323B453885F5181F1B624D0B','123ea09d-bb8c-41c6-90fa-9000303bc773','','','2016-11-19 13:58:05','2017-12-03 17:56:27',NULL,NULL),('fac8806c-be8c-4492-b90a-83409a797e46','LIUN221X','刘宁','362,2470e36ff916',0,'25F9E794323B453885F5181F1B624D0B','123ea09d-bb8c-41c6-90fa-9000303bc773','','','2016-11-19 13:58:05','2017-12-03 17:56:27',NULL,NULL),('fb6f58ba-b435-4e0a-9e57-2656a635b6be','WANGJL0046','王佳丽_兴海电力','362,247184292104',0,'25F9E794323B453885F5181F1B624D0B','123ea09d-bb8c-41c6-90fa-9000303bc773','','','2016-11-19 14:01:26','2017-12-03 17:56:27',NULL,NULL),('fba6958a-53aa-4b42-94bd-da06cccc2f87','BAIY0311','白钰','363,2472fa93ed3b',0,'25F9E794323B453885F5181F1B624D0B','123ea09d-bb8c-41c6-90fa-9000303bc773','','','2016-11-19 13:58:06','2017-12-03 17:56:28',NULL,NULL),('fc157850-ca5b-44cf-8076-59f8d85a12f8','WEIM1810','魏铭','364,2475284de843',0,'25F9E794323B453885F5181F1B624D0B','123ea09d-bb8c-41c6-90fa-9000303bc773','','','2016-11-19 13:58:06','2017-12-03 17:56:28',NULL,NULL),('fc1ecb56-4171-4a39-9c45-d29362aa70eb','ZHAORK1532','赵润奎_兴海电力','364,24769d0313e0',0,'25F9E794323B453885F5181F1B624D0B','123ea09d-bb8c-41c6-90fa-9000303bc773','','','2016-11-19 14:01:27','2017-12-03 17:56:28',NULL,NULL),('fc323711-1167-4b60-bb18-a1989f8cfe10','ZHENGZHG6315','郑志刚_兴海电力','368,247726c87b46',0,'25F9E794323B453885F5181F1B624D0B','123ea09d-bb8c-41c6-90fa-9000303bc773','','','2016-11-19 14:01:27','2017-12-03 17:56:28',NULL,NULL),('fc5b9163-aa7b-463e-a028-a65790dfc782','wangyl2572','王彦龙_京能检修','364,24781a6c7955',0,'25F9E794323B453885F5181F1B624D0B','123ea09d-bb8c-41c6-90fa-9000303bc773','','','2016-11-19 14:08:14','2017-12-03 17:56:28',NULL,NULL),('fc692d39-0606-4cb3-83ac-6fa96a8673cd','LIX1061','李想',NULL,0,'C33367701511B4F6020EC61DED352059','04acc1cf-d838-4b84-95b5-62818876e3b9','lixiang@gaoantunpower.com','','2015-11-30 10:53:30','2017-12-27 10:47:59',NULL,NULL),('fda53902-e7dc-47ec-a359-9c01cb5ab27d','LIUXW2518','刘学伟','367,247a806f068e',0,'25F9E794323B453885F5181F1B624D0B','123ea09d-bb8c-41c6-90fa-9000303bc773','','','2016-11-19 13:58:05','2017-12-03 17:56:28',NULL,NULL),('fdcd5e35-1bd6-486b-84fc-f38a4ffbdd98','LIXX0399','李新兴',NULL,0,'25F9E794323B453885F5181F1B624D0B','04acc1cf-d838-4b84-95b5-62818876e3b9','lixinxing@gaoantunpower.com','','2015-11-30 10:53:29','2017-12-27 10:48:00',NULL,NULL),('fdefcf09-48d6-424e-9838-6f87b58bd787','祝建利','祝建利',NULL,0,'25F9E794323B453885F5181F1B624D0B','04acc1cf-d838-4b84-95b5-62818876e3b9','','','2015-11-30 10:53:33','2017-12-27 10:48:00',NULL,NULL),('fe2e27af-c68e-44c5-977b-d2f38292e47f','WURH4311','吴瑞宏_兴海电力','365,247dde5b490c',0,'25F9E794323B453885F5181F1B624D0B','123ea09d-bb8c-41c6-90fa-9000303bc773','','','2016-11-19 14:01:26','2017-12-03 17:56:28',NULL,NULL),('ff71af82-f7d7-414e-9d66-860da1f4a817','LIUX0015','刘暄','363,247fbbf18c9a',0,'25F9E794323B453885F5181F1B624D0B','123ea09d-bb8c-41c6-90fa-9000303bc773','','','2016-11-19 13:58:06','2017-12-03 17:56:28',NULL,NULL),('ff8fa546-8cc7-46c1-8b40-27a22ab4f497','BAIY0019','白云','352,32aa75bb3698',0,'25F9E794323B453885F5181F1B624D0B','04acc1cf-d838-4b84-95b5-62818876e3b9','','','2017-02-27 15:53:59','2017-12-27 10:48:00',NULL,NULL),('ff9260a3-22ce-4a86-9329-dc8d6cc03ae3','KANGFG7218','亢福贵',NULL,0,'25F9E794323B453885F5181F1B624D0B','04acc1cf-d838-4b84-95b5-62818876e3b9','','','2016-12-19 09:04:04','2018-01-02 15:18:14',NULL,NULL),('ffc4bc98-c4f1-4f11-8e54-d46e7a53fc75','HUANGSW2010','黄苏文_兴海电力','363,2482ee969abe',0,'25F9E794323B453885F5181F1B624D0B','123ea09d-bb8c-41c6-90fa-9000303bc773','','','2016-11-19 14:01:27','2017-12-03 17:56:28',NULL,NULL),('ffd9e752-59cb-467d-ae71-824b1875c963','FANZZ3320','范召召_兴海电力','366,24836f0ac69b',0,'25F9E794323B453885F5181F1B624D0B','123ea09d-bb8c-41c6-90fa-9000303bc773','','','2016-11-19 14:01:25','2017-12-03 17:56:28',NULL,NULL),('ffeb3ab1-6a68-4398-a697-74b9444cdc3d','ZHANGTW3152','张天文_兴海电力','363,248499222a82',0,'25F9E794323B453885F5181F1B624D0B','123ea09d-bb8c-41c6-90fa-9000303bc773','','','2016-11-19 14:01:27','2017-12-03 17:56:28',NULL,NULL),('fffb47f8-bf93-44c4-b79a-1388a3e34c37','ZHANGQ007X','张强',NULL,0,'25F9E794323B453885F5181F1B624D0B','04acc1cf-d838-4b84-95b5-62818876e3b9','zhangqiang@gaoantunpower.com','','2015-11-30 10:53:30','2017-12-27 10:48:00',NULL,NULL);

/*!40101 SET SQL_MODE=@OLD_SQL_MODE */;
/*!40014 SET FOREIGN_KEY_CHECKS=@OLD_FOREIGN_KEY_CHECKS */;
/*!40014 SET UNIQUE_CHECKS=@OLD_UNIQUE_CHECKS */;
/*!40111 SET SQL_NOTES=@OLD_SQL_NOTES */;
